mag_id,term_str,n,tf,idf,tfidf,n_chars,p,i,max_pos,max_pos_group,stop,stem_porter,nrc_anger,nrc_anticipation,nrc_disgust,nrc_fear,nrc_joy,nrc_negative,nrc_positive,nrc_sadness,nrc_surprise,nrc_trust,nrc_sentiment
0,abandonment,1,6.378364587319811e-05,3.321928094887362,0.0002118846852205,11,7.578743141237457e-06,17.009609957636428,NN,NN,0,abandon,1,0,0,1,0,1,0,1,1,0,-1
0,abuse,1,6.378364587319811e-05,1.7369655941662063,0.0001107899983522,5,2.2736229423712372e-05,15.424647456915272,NN,NN,0,abus,1,0,1,1,0,1,0,1,0,0,-1
0,academic,1,6.378364587319811e-05,1.7369655941662063,0.0001107899983522,8,2.2736229423712372e-05,15.424647456915272,JJ,JJ,0,academ,0,0,0,0,0,0,1,0,0,1,1
0,accolade,1,6.378364587319811e-05,3.321928094887362,0.0002118846852205,8,7.578743141237457e-06,17.009609957636428,NN,NN,0,accolad,0,1,0,0,1,0,1,0,1,1,1
0,accomplished,1,6.378364587319811e-05,1.7369655941662063,0.0001107899983522,12,2.2736229423712372e-05,15.424647456915272,VBN,VB,0,accomplish,0,0,0,0,1,0,1,0,0,0,1
0,accredited,1,6.378364587319811e-05,3.321928094887362,0.0002118846852205,10,7.578743141237457e-06,17.009609957636428,JJ,JJ,0,accredit,0,0,0,0,0,0,1,0,0,1,1
0,accurate,4,0.0002551345834927,0.0,0.0,8,0.0001818898353896,12.424647456915272,JJ,JJ,0,accur,0,0,0,0,0,0,1,0,0,1,1
0,accused,3,0.0001913509376195,0.15200309344505,2.9085934451789144e-05,7,0.0001818898353896,12.424647456915272,VBN,VB,0,accus,1,0,0,1,0,1,0,0,0,0,-1
0,achieve,1,6.378364587319811e-05,1.0,6.378364587319811e-05,7,3.7893715706187286e-05,14.687681862749066,VB,VB,0,achiev,0,0,0,0,1,0,1,0,0,1,1
0,achievement,3,0.0001913509376195,0.7369655941662062,0.000141019057437,11,9.094491769484948e-05,13.424647456915272,NN,NN,0,achiev,0,1,0,0,1,0,1,0,0,1,1
0,addresses,1,6.378364587319811e-05,1.3219280948873624,8.431739347412695e-05,9,3.7893715706187286e-05,14.687681862749066,NNS,NN,0,address,0,1,0,0,0,0,1,0,0,0,1
0,admiral,2,0.0001275672917463,2.321928094887362,0.0002962020786946,7,2.2736229423712372e-05,15.424647456915272,JJ,NN,0,admir,0,0,0,0,0,0,1,0,0,1,1
0,advance,2,0.0001275672917463,1.7369655941662063,0.0002215799967044,7,4.5472458847424745e-05,14.424647456915272,NN,NN,0,advanc,0,1,0,1,1,0,1,0,1,0,1
0,affection,2,0.0001275672917463,1.7369655941662063,0.0002215799967044,9,3.0314972564949827e-05,15.009609957636428,NN,NN,0,affect,0,0,0,0,1,0,1,0,0,1,1
0,afraid,1,6.378364587319811e-05,0.7369655941662062,4.7006352479028336e-05,6,6.0629945129899655e-05,14.009609957636428,JJ,JJ,0,afraid,0,0,0,1,0,1,0,0,0,0,-1
0,agreed,3,0.0001913509376195,0.5145731728297582,9.84640590948638e-05,6,9.094491769484948e-05,13.424647456915272,VBD,VB,0,agre,0,0,0,0,0,0,1,0,0,1,1
0,agreement,1,6.378364587319811e-05,0.3219280948873623,2.053374760092884e-05,9,7.578743141237457e-05,13.687681862749066,NN,NN,0,agreement,0,0,0,0,0,0,1,0,0,1,1
0,ambassador,1,6.378364587319811e-05,0.7369655941662062,4.7006352479028336e-05,10,0.0001061024039773,13.202255035578824,NN,NN,0,ambassador,0,0,0,0,0,0,1,0,0,1,1
0,amnesty,1,6.378364587319811e-05,3.321928094887362,0.0002118846852205,7,7.578743141237457e-06,17.009609957636428,NN,NN,0,amnesti,0,0,0,0,1,0,1,0,0,0,1
0,approve,3,0.0001913509376195,2.321928094887362,0.0004443031180419,7,3.0314972564949827e-05,15.009609957636428,VB,NN,0,approv,0,0,0,0,1,0,1,0,0,1,1
0,armed,3,0.0001913509376195,0.7369655941662062,0.000141019057437,5,7.578743141237457e-05,13.687681862749066,VBN,VB,0,arm,1,0,0,1,0,1,1,0,0,0,0
0,art,2,0.0001275672917463,0.0,0.0,3,0.0002804134962257,11.80015659200748,NNP,NN,0,art,0,1,0,0,1,0,1,1,1,0,1
0,assist,1,6.378364587319811e-05,1.7369655941662063,0.0001107899983522,6,3.7893715706187286e-05,14.687681862749066,VB,VB,0,assist,0,0,0,0,0,0,1,0,0,1,1
0,associate,3,0.0001913509376195,0.15200309344505,2.9085934451789144e-05,9,0.0001894685785309,12.365753767861705,NNP,NN,0,associ,0,0,0,0,0,0,1,0,0,1,1
0,attack,3,0.0001913509376195,0.15200309344505,2.9085934451789144e-05,6,0.0002046260648134,12.25472245547296,NN,NN,0,attack,1,0,0,1,0,1,0,0,0,0,-1
0,attacking,1,6.378364587319811e-05,2.321928094887362,0.0001481010393473,9,1.5157486282474914e-05,16.009609957636428,VBG,VB,0,attack,1,0,1,1,0,1,0,1,1,0,-1
0,attorney,3,0.0001913509376195,0.0,0.0,8,0.0002500985236608,11.965215838277976,NN,NN,0,attorney,1,0,0,1,0,0,1,0,0,1,1
0,auditor,1,6.378364587319811e-05,2.321928094887362,0.0001481010393473,7,3.0314972564949827e-05,15.009609957636428,NN,NN,0,auditor,0,0,0,1,0,0,0,0,0,1,0
0,austere,1,6.378364587319811e-05,3.321928094887362,0.0002118846852205,7,7.578743141237457e-06,17.009609957636428,JJ,JJ,0,auster,0,0,0,1,0,1,0,1,0,0,-1
0,author,1,6.378364587319811e-05,0.3219280948873623,2.053374760092884e-05,6,0.0001061024039773,13.202255035578824,NN,NN,0,author,0,0,0,0,0,0,1,0,0,1,1
0,authority,3,0.0001913509376195,1.7369655941662063,0.0003323699950566,9,4.5472458847424745e-05,14.424647456915272,NNP,NN,0,author,0,0,0,0,0,0,1,0,0,1,1
0,award,2,0.0001275672917463,0.0,0.0,5,0.0002273622942371,12.10271936202791,NN,NN,0,award,0,1,0,0,1,0,1,0,1,1,1
0,baby,6,0.0003827018752391,0.3219280948873623,0.0001232024856055,4,0.0003637796707793,11.424647456915272,NN,NN,0,babi,0,0,0,0,1,0,1,0,0,0,1
0,bad,4,0.0002551345834927,0.0,0.0,3,0.0001743110922484,12.486048001579416,JJ,JJ,0,bad,1,0,1,1,0,1,0,1,0,0,-1
0,battle,1,6.378364587319811e-05,0.0,0.0,6,0.0001743110922484,12.486048001579416,NN,NN,0,battl,1,0,0,0,0,1,0,0,0,0,-1
0,beautiful,1,6.378364587319811e-05,0.5145731728297582,3.2821353031621267e-05,9,0.0001591536059659,12.617292534857668,JJ,JJ,0,beauti,0,0,0,0,1,0,1,0,0,0,1
0,beauty,1,6.378364587319811e-05,0.15200309344505,9.695311483929716e-06,6,0.0001591536059659,12.617292534857668,NN,NN,0,beauti,0,0,0,0,1,0,1,0,0,0,1
0,bee,1,6.378364587319811e-05,2.321928094887362,0.0001481010393473,3,3.0314972564949827e-05,15.009609957636428,NNP,NN,0,bee,1,0,0,1,0,0,0,0,0,0,0
0,beer,2,0.0001275672917463,1.0,0.0001275672917463,4,4.5472458847424745e-05,14.424647456915272,NN,NN,0,beer,0,0,0,0,1,0,1,0,0,0,1
0,birth,2,0.0001275672917463,0.15200309344505,1.939062296785943e-05,5,0.0002197835510958,12.151628962508855,NN,NN,0,birth,0,1,0,1,1,0,1,0,0,1,1
0,birthday,1,6.378364587319811e-05,0.5145731728297582,3.2821353031621267e-05,8,0.0001439961196835,12.761682444192845,NN,NN,0,birthday,0,1,0,0,1,0,1,0,1,0,1
0,black,126,0.0080367393800229,0.0,0.0,5,0.0027586625034104,8.501815317437732,NNP,NN,0,black,0,0,0,0,0,1,0,1,0,0,-1
0,blast,2,0.0001275672917463,2.321928094887362,0.0002962020786946,5,3.0314972564949827e-05,15.009609957636428,NN,NN,0,blast,1,0,0,1,0,1,0,0,1,0,-1
0,blessing,1,6.378364587319811e-05,1.0,6.378364587319811e-05,8,3.7893715706187286e-05,14.687681862749066,VBG,VB,0,bless,0,1,0,0,1,0,1,0,0,1,1
0,blues,2,0.0001275672917463,0.3219280948873623,4.106749520185768e-05,5,0.0001439961196835,12.761682444192845,NNS,NN,0,blue,0,0,0,1,0,1,0,1,0,0,-1
0,bomb,2,0.0001275672917463,3.321928094887362,0.000423769370441,4,1.5157486282474914e-05,16.009609957636428,NN,NN,0,bomb,1,0,0,1,0,1,0,1,1,0,-1
0,bout,3,0.0001913509376195,0.7369655941662062,0.000141019057437,4,0.0001212598902597,13.009609957636428,NN,NN,0,bout,1,0,0,0,0,1,0,0,0,0,-1
0,bride,1,6.378364587319811e-05,0.5145731728297582,3.2821353031621267e-05,5,0.0002122048079546,12.202255035578824,NN,NN,0,bride,0,1,0,0,1,0,1,0,0,1,1
0,broke,1,6.378364587319811e-05,0.3219280948873623,2.053374760092884e-05,5,0.0001061024039773,13.202255035578824,VBD,VB,0,broke,0,0,0,1,0,1,0,1,0,0,-1
0,brother,3,0.0001913509376195,0.0,0.0,7,0.0002122048079546,12.202255035578824,NN,NN,0,brother,0,0,0,0,0,0,1,0,0,1,1
0,bruise,1,6.378364587319811e-05,3.321928094887362,0.0002118846852205,6,7.578743141237457e-06,17.009609957636428,NN,NN,0,bruis,0,1,0,0,0,1,0,0,0,0,-1
0,brutality,1,6.378364587319811e-05,2.321928094887362,0.0001481010393473,9,1.5157486282474914e-05,16.009609957636428,NN,NN,0,brutal,1,0,0,1,0,1,0,0,0,0,-1
0,buck,1,6.378364587319811e-05,0.7369655941662062,4.7006352479028336e-05,4,4.5472458847424745e-05,14.424647456915272,NN,NN,0,buck,0,0,0,1,0,1,1,0,1,0,0
0,butler,6,0.0003827018752391,0.5145731728297582,0.0001969281181897,6,9.852366083608696e-05,13.309170239495336,NNP,NN,0,butler,0,0,0,0,0,0,1,0,0,1,1
0,cabinet,6,0.0003827018752391,1.3219280948873624,0.0005059043608447,7,6.820868827113711e-05,13.839684956194116,NN,NN,0,cabinet,0,0,0,0,0,0,1,0,0,1,1
0,career,12,0.0007654037504783,0.0,0.0,6,0.0003334646982144,11.550178338999132,NN,NN,0,career,0,1,0,0,0,0,1,0,0,0,1
0,carol,1,6.378364587319811e-05,1.0,6.378364587319811e-05,5,3.7893715706187286e-05,14.687681862749066,NNP,NN,0,carol,0,0,0,0,1,0,1,0,0,1,1
0,case,8,0.0005102691669855,0.0,0.0,4,0.0003562009276381,11.45502110595879,NN,NN,0,case,0,0,0,1,0,1,0,1,0,0,-1
0,cash,1,6.378364587319811e-05,0.15200309344505,9.695311483929716e-06,4,0.0001743110922484,12.486048001579416,NN,NN,0,cash,1,1,0,1,1,0,1,0,0,1,1
0,cautious,1,6.378364587319811e-05,3.321928094887362,0.0002118846852205,8,7.578743141237457e-06,17.009609957636428,JJ,JJ,0,cautiou,0,1,0,1,0,0,1,0,0,1,1
0,center,8,0.0005102691669855,0.0,0.0,6,0.0003183072119319,11.617292534857668,NNP,NN,0,center,0,0,0,0,0,0,1,0,0,1,1
0,chairman,10,0.0006378364587319,0.0,0.0,8,0.0003713584139206,11.39490011352122,NN,NN,0,chairman,0,0,0,0,0,0,1,0,0,1,1
0,champion,3,0.0001913509376195,0.0,0.0,8,0.0002500985236608,11.965215838277976,NN,NN,0,champion,0,1,0,0,1,0,1,0,0,1,1
0,charitable,1,6.378364587319811e-05,3.321928094887362,0.0002118846852205,10,7.578743141237457e-06,17.009609957636428,JJ,JJ,0,charit,0,1,0,0,1,0,1,0,0,1,1
0,charity,2,0.0001275672917463,1.3219280948873624,0.0001686347869482,7,5.30512019886622e-05,14.202255035578824,NN,NN,0,chariti,0,0,0,0,1,0,1,0,0,0,1
0,child,2,0.0001275672917463,0.0,0.0,5,0.0002955709825082,11.72420773877418,NN,NN,0,child,0,1,0,0,1,0,1,0,0,0,1
0,childhood,1,6.378364587319811e-05,1.7369655941662063,0.0001107899983522,9,2.2736229423712372e-05,15.424647456915272,NN,NN,0,childhood,0,0,0,0,1,0,1,0,0,0,1
0,church,7,0.0004464855211123,0.0,0.0,6,0.0007351380847,10.4096971154493,NNP,NN,0,church,0,1,0,0,1,0,1,0,0,1,1
0,clerical,1,6.378364587319811e-05,2.321928094887362,0.0001481010393473,8,1.5157486282474914e-05,16.009609957636428,JJ,JJ,0,cleric,0,0,0,0,0,0,1,0,0,1,1
0,committed,1,6.378364587319811e-05,1.0,6.378364587319811e-05,9,6.820868827113711e-05,13.839684956194116,VBN,VB,0,commit,0,0,0,0,0,0,1,0,0,1,1
0,commotion,1,6.378364587319811e-05,2.321928094887362,0.0001481010393473,9,1.5157486282474914e-05,16.009609957636428,NN,NN,0,commot,1,0,0,0,0,1,0,0,0,0,-1
0,completing,1,6.378364587319811e-05,1.7369655941662063,0.0001107899983522,10,2.2736229423712372e-05,15.424647456915272,VBG,VB,0,complet,0,1,0,0,1,0,1,0,0,0,1
0,compliance,2,0.0001275672917463,1.3219280948873624,0.0001686347869482,10,4.5472458847424745e-05,14.424647456915272,NN,NN,0,complianc,0,0,0,0,0,0,1,0,0,1,1
0,concerned,1,6.378364587319811e-05,1.3219280948873624,8.431739347412695e-05,9,3.7893715706187286e-05,14.687681862749066,JJ,VB,0,concern,0,0,0,1,0,0,0,1,0,0,0
0,confined,1,6.378364587319811e-05,1.0,6.378364587319811e-05,8,4.5472458847424745e-05,14.424647456915272,VBN,VB,0,confin,1,0,1,1,0,1,0,1,0,0,-1
0,congress,16,0.0010205383339711,0.5145731728297582,0.0005251416485059,8,0.0002197835510958,12.151628962508855,NNP,NN,0,congress,0,0,1,0,0,0,0,0,0,1,0
0,constitutional,2,0.0001275672917463,1.7369655941662063,0.0002215799967044,14,3.0314972564949827e-05,15.009609957636428,JJ,JJ,0,constitut,0,0,0,0,0,0,1,0,0,1,1
0,contempt,1,6.378364587319811e-05,3.321928094887362,0.0002118846852205,8,7.578743141237457e-06,17.009609957636428,NN,NN,0,contempt,1,0,1,1,0,1,0,0,0,0,-1
0,content,1,6.378364587319811e-05,2.321928094887362,0.0001481010393473,7,1.5157486282474914e-05,16.009609957636428,JJ,JJ,0,content,0,0,0,0,1,0,1,0,0,1,1
0,continue,2,0.0001275672917463,0.5145731728297582,6.564270606324253e-05,8,0.0001136811471185,13.10271936202791,VB,VB,0,continu,0,1,0,0,0,0,1,0,0,1,1
0,cooperative,1,6.378364587319811e-05,1.7369655941662063,0.0001107899983522,11,3.0314972564949827e-05,15.009609957636428,JJ,JJ,0,cooper,0,0,0,0,0,0,1,0,0,1,1
0,council,1,6.378364587319811e-05,0.15200309344505,9.695311483929716e-06,7,0.0002349410373783,12.055413647249551,NNP,NN,0,council,0,1,0,0,0,0,1,0,0,1,1
0,counsel,1,6.378364587319811e-05,1.0,6.378364587319811e-05,7,4.5472458847424745e-05,14.424647456915272,NN,NN,0,counsel,0,0,0,0,0,0,1,0,0,1,1
0,counselor,1,6.378364587319811e-05,3.321928094887362,0.0002118846852205,9,7.578743141237457e-06,17.009609957636428,NN,NN,0,counselor,0,0,0,0,0,0,1,0,0,1,1
0,courageous,1,6.378364587319811e-05,2.321928094887362,0.0001481010393473,10,1.5157486282474914e-05,16.009609957636428,JJ,JJ,0,courag,0,0,0,1,0,0,1,0,0,0,1
0,court,19,0.0012118892715907,0.0,0.0,5,0.0010003940946433,9.965215838277976,NNP,NN,0,court,1,1,0,1,0,0,0,0,0,0,0
0,create,2,0.0001275672917463,2.321928094887362,0.0002962020786946,6,2.2736229423712372e-05,15.424647456915272,VB,VB,0,creat,0,0,0,0,1,0,1,0,0,0,1
0,crime,6,0.0003827018752391,0.15200309344505,5.817186890357829e-05,5,0.0002197835510958,12.151628962508855,NN,NN,0,crime,1,0,0,0,0,1,0,0,0,0,-1
0,cruel,1,6.378364587319811e-05,1.3219280948873624,8.431739347412695e-05,5,3.0314972564949827e-05,15.009609957636428,JJ,JJ,0,cruel,1,0,1,1,0,1,0,1,0,0,-1
0,curse,2,0.0001275672917463,2.321928094887362,0.0002962020786946,5,2.2736229423712372e-05,15.424647456915272,JJ,JJ,0,curs,1,0,1,1,0,1,0,1,0,0,-1
0,daft,1,6.378364587319811e-05,3.321928094887362,0.0002118846852205,4,7.578743141237457e-06,17.009609957636428,JJ,JJ,0,daft,0,0,1,0,0,1,0,0,0,0,-1
0,damage,1,6.378364587319811e-05,0.5145731728297582,3.2821353031621267e-05,6,0.000128838633401,12.922147116386087,NN,NN,0,damag,1,0,1,0,0,1,0,1,0,0,-1
0,damages,1,6.378364587319811e-05,1.3219280948873624,8.431739347412695e-05,7,3.0314972564949827e-05,15.009609957636428,NNS,NN,0,damag,0,0,0,0,0,1,0,1,0,0,-1
0,dance,1,6.378364587319811e-05,0.0,0.0,5,0.0002349410373783,12.055413647249551,NN,NN,0,danc,0,0,0,0,1,0,1,0,0,1,1
0,dangerous,3,0.0001913509376195,0.7369655941662062,0.000141019057437,9,8.336617455361203e-05,13.550178338999132,JJ,JJ,0,danger,0,0,0,1,0,1,0,0,0,0,-1
0,dare,1,6.378364587319811e-05,1.7369655941662063,0.0001107899983522,4,2.2736229423712372e-05,15.424647456915272,NN,NN,0,dare,0,1,0,0,0,0,0,0,0,1,0
0,darkness,1,6.378364587319811e-05,1.7369655941662063,0.0001107899983522,8,2.2736229423712372e-05,15.424647456915272,NNP,NN,0,dark,1,0,0,1,0,1,0,1,0,0,-1
0,daughter,6,0.0003827018752391,0.15200309344505,5.817186890357829e-05,8,0.0003865159002031,11.337184615664931,NN,NN,0,daughter,0,0,0,0,1,0,1,0,0,0,1
0,deal,2,0.0001275672917463,0.3219280948873623,4.106749520185768e-05,4,9.852366083608696e-05,13.309170239495336,NN,NN,0,deal,0,1,0,0,1,0,1,0,1,1,1
0,death,7,0.0004464855211123,0.0,0.0,5,0.0005229332767453,10.90108550085826,NN,NN,0,death,1,1,1,1,0,1,0,1,1,0,-1
0,defeated,1,6.378364587319811e-05,1.3219280948873624,8.431739347412695e-05,8,3.0314972564949827e-05,15.009609957636428,VBD,VB,0,defeat,0,0,0,0,0,1,0,1,0,0,-1
0,defendant,2,0.0001275672917463,1.3219280948873624,0.0001686347869482,9,4.5472458847424745e-05,14.424647456915272,NN,NN,0,defend,1,0,0,1,0,0,0,1,0,0,0
0,defense,2,0.0001275672917463,0.15200309344505,1.939062296785943e-05,7,0.0002955709825082,11.72420773877418,NN,NN,0,defens,1,1,0,1,0,0,1,0,0,0,1
0,delegate,3,0.0001913509376195,0.7369655941662062,0.000141019057437,8,6.820868827113711e-05,13.839684956194116,NN,NN,0,deleg,0,0,0,0,0,0,1,0,0,1,1
0,delighted,1,6.378364587319811e-05,3.321928094887362,0.0002118846852205,9,7.578743141237457e-06,17.009609957636428,VBN,VB,0,delight,0,1,0,0,1,0,1,0,1,0,1
0,delivery,2,0.0001275672917463,1.3219280948873624,0.0001686347869482,8,5.30512019886622e-05,14.202255035578824,NN,NN,0,deliveri,0,1,0,0,0,0,1,0,0,0,1
0,demand,2,0.0001275672917463,1.7369655941662063,0.0002215799967044,6,3.0314972564949827e-05,15.009609957636428,NN,NN,0,demand,1,0,0,0,0,1,0,0,0,0,-1
0,departure,1,6.378364587319811e-05,3.321928094887362,0.0002118846852205,9,7.578743141237457e-06,17.009609957636428,NN,NN,0,departur,0,0,0,0,0,1,0,1,0,0,-1
0,depend,1,6.378364587319811e-05,2.321928094887362,0.0001481010393473,6,1.5157486282474914e-05,16.009609957636428,VB,VB,0,depend,0,1,0,0,0,0,0,0,0,1,0
0,despair,1,6.378364587319811e-05,2.321928094887362,0.0001481010393473,7,2.2736229423712372e-05,15.424647456915272,NN,NN,0,despair,1,0,1,1,0,1,0,1,0,0,-1
0,devastating,2,0.0001275672917463,2.321928094887362,0.0002962020786946,11,2.2736229423712372e-05,15.424647456915272,VBG,VB,0,devast,1,0,1,1,0,1,0,1,0,1,-1
0,develop,2,0.0001275672917463,1.7369655941662063,0.0002215799967044,7,3.7893715706187286e-05,14.687681862749066,VB,VB,0,develop,0,1,0,0,0,0,1,0,0,0,1
0,die,1,6.378364587319811e-05,0.7369655941662062,4.7006352479028336e-05,3,9.852366083608696e-05,13.309170239495336,VB,VB,0,die,0,0,0,1,0,1,0,1,0,0,-1
0,diplomatic,2,0.0001275672917463,1.0,0.0001275672917463,10,4.5472458847424745e-05,14.424647456915272,JJ,JJ,0,diplomat,0,0,0,0,0,0,1,0,0,1,1
0,director,14,0.0008929710422247,0.0,0.0,8,0.0006593506532876,10.5666664617877,NN,NN,0,director,0,0,0,0,0,0,1,0,0,1,1
0,disappointed,2,0.0001275672917463,1.3219280948873624,0.0001686347869482,12,3.7893715706187286e-05,14.687681862749066,JJ,JJ,0,disappoint,1,0,1,0,0,1,0,1,0,0,-1
0,disapproval,1,6.378364587319811e-05,3.321928094887362,0.0002118846852205,11,7.578743141237457e-06,17.009609957636428,NN,NN,0,disapprov,0,0,0,0,0,1,0,1,0,0,-1
0,disapprove,1,6.378364587319811e-05,3.321928094887362,0.0002118846852205,10,7.578743141237457e-06,17.009609957636428,VBP,VB,0,disapprov,1,0,1,1,0,1,0,1,0,0,-1
0,discrimination,4,0.0002551345834927,0.15200309344505,3.878124593571886e-05,14,0.000287992239367,11.761682444192845,NN,NN,0,discrimin,1,0,1,1,0,1,0,1,0,0,-1
0,disease,4,0.0002551345834927,1.0,0.0002551345834927,7,8.336617455361203e-05,13.550178338999132,NN,NN,0,diseas,1,0,1,1,0,1,0,1,0,0,-1
0,dismissal,1,6.378364587319811e-05,1.7369655941662063,0.0001107899983522,9,3.0314972564949827e-05,15.009609957636428,NN,NN,0,dismiss,1,0,1,1,0,1,0,1,1,0,-1
0,dissident,1,6.378364587319811e-05,3.321928094887362,0.0002118846852205,9,7.578743141237457e-06,17.009609957636428,JJ,JJ,0,dissid,1,0,0,1,0,1,0,0,0,0,-1
0,doctor,2,0.0001275672917463,0.0,0.0,6,0.0002425197805195,12.009609957636428,NN,NN,0,doctor,0,0,0,0,0,0,1,0,0,1,1
0,don,16,0.0010205383339711,0.0,0.0,3,0.0009397641495134,10.055413647249551,NNP,NN,1,don,0,0,0,0,0,0,1,0,0,1,1
0,doubt,2,0.0001275672917463,1.3219280948873624,0.0001686347869482,5,6.0629945129899655e-05,14.009609957636428,NN,NN,0,doubt,0,0,0,1,0,1,0,1,0,1,-1
0,duress,1,6.378364587319811e-05,3.321928094887362,0.0002118846852205,6,7.578743141237457e-06,17.009609957636428,NN,NN,0,duress,1,0,1,1,0,1,0,1,0,0,-1
0,educational,2,0.0001275672917463,0.7369655941662062,9.401270495805669e-05,11,7.578743141237457e-05,13.687681862749066,JJ,JJ,0,educ,0,0,0,0,0,0,1,0,0,1,1
0,effective,2,0.0001275672917463,0.7369655941662062,9.401270495805669e-05,9,6.820868827113711e-05,13.839684956194116,JJ,JJ,0,effect,0,0,0,0,0,0,1,0,0,1,1
0,encourage,1,6.378364587319811e-05,2.321928094887362,0.0001481010393473,9,2.2736229423712372e-05,15.424647456915272,VB,VB,0,encourag,0,0,0,0,1,0,1,0,0,1,1
0,endless,1,6.378364587319811e-05,3.321928094887362,0.0002118846852205,7,7.578743141237457e-06,17.009609957636428,NNP,NN,0,endless,1,0,0,1,1,1,1,1,0,1,0
0,enjoy,1,6.378364587319811e-05,0.7369655941662062,4.7006352479028336e-05,5,6.0629945129899655e-05,14.009609957636428,VB,VB,0,enjoy,0,1,0,0,1,0,1,0,0,1,1
0,enroll,1,6.378364587319811e-05,1.7369655941662063,0.0001107899983522,6,2.2736229423712372e-05,15.424647456915272,VB,VB,0,enrol,0,1,0,0,0,0,0,0,0,1,0
0,entertained,1,6.378364587319811e-05,1.0,6.378364587319811e-05,11,4.5472458847424745e-05,14.424647456915272,VBD,VB,0,entertain,0,0,0,0,1,0,1,0,0,0,1
0,entertainment,2,0.0001275672917463,0.0,0.0,13,0.0001743110922484,12.486048001579416,NNP,NN,0,entertain,0,1,0,0,1,0,1,0,1,1,1
0,escape,1,6.378364587319811e-05,0.7369655941662062,4.7006352479028336e-05,6,6.0629945129899655e-05,14.009609957636428,NN,NN,0,escap,0,1,0,1,0,1,1,0,0,0,0
0,established,6,0.0003827018752391,1.0,0.0003827018752391,11,9.094491769484948e-05,13.424647456915272,VBN,VB,0,establish,0,0,0,0,1,0,1,0,0,0,1
0,evil,2,0.0001275672917463,1.7369655941662063,0.0002215799967044,4,3.0314972564949827e-05,15.009609957636428,JJ,JJ,0,evil,1,0,1,1,0,1,0,1,0,0,-1
0,examination,1,6.378364587319811e-05,1.3219280948873624,8.431739347412695e-05,11,3.0314972564949827e-05,15.009609957636428,NN,NN,0,examin,0,0,0,1,0,1,0,0,1,0,-1
0,excellent,1,6.378364587319811e-05,2.321928094887362,0.0001481010393473,9,1.5157486282474914e-05,16.009609957636428,JJ,JJ,0,excel,0,0,0,0,1,0,1,0,0,1,1
0,exchange,3,0.0001913509376195,1.3219280948873624,0.0002529521804223,8,6.0629945129899655e-05,14.009609957636428,NN,NN,0,exchang,0,0,0,0,0,0,1,0,0,1,1
0,exciting,1,6.378364587319811e-05,0.7369655941662062,4.7006352479028336e-05,8,4.5472458847424745e-05,14.424647456915272,JJ,JJ,0,excit,0,1,0,0,1,0,1,0,1,0,1
0,excluded,1,6.378364587319811e-05,3.321928094887362,0.0002118846852205,8,7.578743141237457e-06,17.009609957636428,VBN,VB,0,exclud,0,0,1,0,0,1,0,1,0,0,-1
0,execution,1,6.378364587319811e-05,1.7369655941662063,0.0001107899983522,9,3.0314972564949827e-05,15.009609957636428,NN,NN,0,execut,1,0,0,1,0,1,0,1,0,1,-1
0,expect,1,6.378364587319811e-05,1.0,6.378364587319811e-05,6,6.820868827113711e-05,13.839684956194116,VBP,VB,0,expect,0,1,0,0,0,0,1,0,1,1,1
0,experiment,2,0.0001275672917463,2.321928094887362,0.0002962020786946,10,2.2736229423712372e-05,15.424647456915272,NN,NN,0,experi,0,1,0,0,0,0,0,0,1,0,0
0,expert,1,6.378364587319811e-05,1.3219280948873624,8.431739347412695e-05,6,3.0314972564949827e-05,15.009609957636428,NN,NN,0,expert,0,0,0,0,0,0,1,0,0,1,1
0,expertise,1,6.378364587319811e-05,2.321928094887362,0.0001481010393473,9,1.5157486282474914e-05,16.009609957636428,NN,NN,0,expertis,0,0,0,0,0,0,1,0,0,1,1
0,explode,2,0.0001275672917463,2.321928094887362,0.0002962020786946,7,2.2736229423712372e-05,15.424647456915272,VBP,VB,0,explod,1,0,0,1,0,1,0,1,1,0,-1
0,facts,1,6.378364587319811e-05,1.0,6.378364587319811e-05,5,5.30512019886622e-05,14.202255035578824,NNS,NN,0,fact,0,0,0,0,0,0,1,0,0,1,1
0,faculty,4,0.0002551345834927,1.3219280948873624,0.0003372695738965,7,7.578743141237457e-05,13.687681862749066,NN,NN,0,faculti,0,0,0,0,0,0,1,0,0,1,1
0,fat,1,6.378364587319811e-05,1.0,6.378364587319811e-05,3,7.578743141237457e-05,13.687681862749066,NNP,NN,0,fat,0,0,1,0,0,1,0,1,0,0,-1
0,fatal,1,6.378364587319811e-05,1.7369655941662063,0.0001107899983522,5,3.7893715706187286e-05,14.687681862749066,JJ,JJ,0,fatal,1,0,0,1,0,1,0,1,0,0,-1
0,fear,1,6.378364587319811e-05,2.321928094887362,0.0001481010393473,4,1.5157486282474914e-05,16.009609957636428,NN,NN,0,fear,1,0,0,1,0,1,0,0,0,0,-1
0,fee,1,6.378364587319811e-05,1.7369655941662063,0.0001107899983522,3,3.0314972564949827e-05,15.009609957636428,NN,NN,0,fee,1,0,0,0,0,1,0,0,0,0,-1
0,feeling,2,0.0001275672917463,0.3219280948873623,4.106749520185768e-05,7,0.0001591536059659,12.617292534857668,NN,NN,0,feel,1,1,1,1,1,1,1,1,1,1,0
0,festival,1,6.378364587319811e-05,1.3219280948873624,8.431739347412695e-05,8,7.578743141237457e-05,13.687681862749066,NNP,NN,0,festiv,0,1,0,0,1,0,1,0,1,0,1
0,fight,5,0.0003189182293659,0.0,0.0,5,0.000416830872768,11.228250244111768,NN,NN,0,fight,1,0,0,1,0,1,0,0,0,0,-1
0,fighting,1,6.378364587319811e-05,0.5145731728297582,3.2821353031621267e-05,8,9.094491769484948e-05,13.424647456915272,VBG,VB,0,fight,1,0,0,0,0,1,0,0,0,0,-1
0,finally,1,6.378364587319811e-05,0.3219280948873623,2.053374760092884e-05,7,0.0001364173765422,12.839684956194116,RB,RB,0,final,0,1,1,0,1,0,1,0,1,1,1
0,foe,1,6.378364587319811e-05,3.321928094887362,0.0002118846852205,3,7.578743141237457e-06,17.009609957636428,NN,NN,0,foe,1,0,0,1,0,1,0,0,0,0,-1
0,food,2,0.0001275672917463,0.3219280948873623,4.106749520185768e-05,4,0.0001970473216721,12.309170239495336,NN,NN,0,food,0,0,0,0,1,0,1,0,0,1,1
0,football,1,6.378364587319811e-05,0.15200309344505,9.695311483929716e-06,8,0.0002046260648134,12.25472245547296,NN,NN,0,footbal,0,1,0,0,1,0,1,0,0,0,1
0,forbidding,1,6.378364587319811e-05,3.321928094887362,0.0002118846852205,10,7.578743141237457e-06,17.009609957636428,VBG,VB,0,forbid,1,0,0,1,0,1,0,0,0,0,-1
0,force,3,0.0001913509376195,0.15200309344505,2.9085934451789144e-05,5,0.0002500985236608,11.965215838277976,NNP,NN,0,forc,1,0,0,1,0,1,0,0,0,0,-1
0,forced,1,6.378364587319811e-05,0.15200309344505,9.695311483929716e-06,6,0.0001515748628247,12.687681862749066,VBN,VB,0,forc,0,0,0,1,0,1,0,0,0,0,-1
0,forgotten,1,6.378364587319811e-05,2.321928094887362,0.0001481010393473,9,2.2736229423712372e-05,15.424647456915272,JJ,JJ,0,forgotten,0,0,0,1,0,1,0,1,0,0,-1
0,fortune,2,0.0001275672917463,0.7369655941662062,9.401270495805669e-05,7,6.820868827113711e-05,13.839684956194116,NN,NN,0,fortun,0,1,0,0,1,0,1,0,1,1,1
0,foul,1,6.378364587319811e-05,2.321928094887362,0.0001481010393473,4,1.5157486282474914e-05,16.009609957636428,JJ,JJ,0,foul,1,0,1,1,0,1,0,0,0,0,-1
0,found,6,0.0003827018752391,0.0,0.0,5,0.0004698820747567,11.055413647249551,VBD,VB,0,found,0,0,0,0,1,0,1,0,0,1,1
0,frank,1,6.378364587319811e-05,0.0,0.0,5,0.000257677266802,11.922147116386087,NNP,NN,0,frank,0,0,0,0,0,0,1,0,0,1,1
0,freedom,1,6.378364587319811e-05,0.7369655941662062,4.7006352479028336e-05,7,0.0001061024039773,13.202255035578824,NN,NN,0,freedom,0,0,0,0,1,0,1,0,0,1,1
0,friend,2,0.0001275672917463,0.15200309344505,1.939062296785943e-05,6,0.0002122048079546,12.202255035578824,NN,NN,0,friend,0,0,0,0,1,0,1,0,0,1,1
0,fully,1,6.378364587319811e-05,2.321928094887362,0.0001481010393473,5,2.2736229423712372e-05,15.424647456915272,RB,RB,0,fulli,0,0,0,0,0,0,1,0,0,1,1
0,fuss,3,0.0001913509376195,3.321928094887362,0.0006356540556615,4,2.2736229423712372e-05,15.424647456915272,NN,NN,0,fuss,1,0,0,0,0,1,0,1,0,0,-1
0,gain,1,6.378364587319811e-05,1.3219280948873624,8.431739347412695e-05,4,3.7893715706187286e-05,14.687681862749066,VB,VB,0,gain,0,1,0,0,1,0,1,0,0,0,1
0,gang,3,0.0001913509376195,1.3219280948873624,0.0002529521804223,4,4.5472458847424745e-05,14.424647456915272,NN,NN,0,gang,1,0,0,1,0,1,0,0,0,0,-1
0,garrison,1,6.378364587319811e-05,3.321928094887362,0.0002118846852205,8,7.578743141237457e-06,17.009609957636428,NNP,NN,0,garrison,0,0,0,0,0,0,1,0,0,1,1
0,general,9,0.0005740528128587,0.15200309344505,8.725780335536743e-05,7,0.0004319883590505,11.176719943471689,NNP,NN,0,gener,0,0,0,0,0,0,1,0,0,1,1
0,gift,1,6.378364587319811e-05,0.5145731728297582,3.2821353031621267e-05,4,9.094491769484948e-05,13.424647456915272,NN,NN,0,gift,0,1,0,0,1,0,1,0,1,0,1
0,glow,1,6.378364587319811e-05,3.321928094887362,0.0002118846852205,4,7.578743141237457e-06,17.009609957636428,NNP,NN,0,glow,0,1,0,0,1,0,1,0,0,1,1
0,god,1,6.378364587319811e-05,0.15200309344505,9.695311483929716e-06,3,0.0001439961196835,12.761682444192845,NNP,NN,0,god,0,1,0,1,1,0,1,0,0,1,1
0,good,14,0.0008929710422247,0.0,0.0,4,0.0007502955709825,10.38025333755682,JJ,JJ,0,good,0,1,0,0,1,0,1,0,1,1,1
0,gorgeous,1,6.378364587319811e-05,3.321928094887362,0.0002118846852205,8,7.578743141237457e-06,17.009609957636428,JJ,JJ,0,gorgeou,0,0,0,0,1,0,1,0,0,0,1
0,government,12,0.0007654037504783,0.0,0.0,10,0.0004016733864855,11.28168950307323,NN,NN,0,govern,0,0,0,1,0,1,0,0,0,0,-1
0,grandchildren,5,0.0003189182293659,2.321928094887362,0.0007405051967366,13,4.5472458847424745e-05,14.424647456915272,NN,NN,0,grandchildren,0,1,0,0,1,0,1,0,0,1,1
0,grant,1,6.378364587319811e-05,0.7369655941662062,4.7006352479028336e-05,5,7.578743141237457e-05,13.687681862749066,NNP,NN,0,grant,0,1,0,0,1,0,1,0,0,1,1
0,green,9,0.0005740528128587,0.7369655941662062,0.0004230571723112,5,0.0001894685785309,12.365753767861705,NNP,NN,0,green,0,0,0,0,1,0,1,0,0,1,1
0,gross,1,6.378364587319811e-05,1.7369655941662063,0.0001107899983522,5,6.0629945129899655e-05,14.009609957636428,NNP,NN,0,gross,0,0,1,0,0,1,0,0,0,0,-1
0,guarantee,2,0.0001275672917463,1.7369655941662063,0.0002215799967044,9,4.5472458847424745e-05,14.424647456915272,NN,NN,0,guarante,0,0,0,0,0,0,1,0,0,1,1
0,guard,1,6.378364587319811e-05,0.7369655941662062,4.7006352479028336e-05,5,0.0001439961196835,12.761682444192845,NNP,NN,0,guard,0,0,0,1,0,0,1,0,0,1,1
0,guilty,2,0.0001275672917463,0.5145731728297582,6.564270606324253e-05,6,9.852366083608696e-05,13.309170239495336,JJ,JJ,0,guilti,1,0,0,0,0,1,0,1,0,0,-1
0,gun,1,6.378364587319811e-05,0.5145731728297582,3.2821353031621267e-05,3,0.0001061024039773,13.202255035578824,NN,NN,0,gun,1,0,0,1,0,1,0,0,0,0,-1
0,hanging,1,6.378364587319811e-05,1.3219280948873624,8.431739347412695e-05,7,3.0314972564949827e-05,15.009609957636428,VBG,VB,0,hang,1,0,1,1,0,1,0,1,0,0,-1
0,happiness,3,0.0001913509376195,3.321928094887362,0.0006356540556615,9,2.2736229423712372e-05,15.424647456915272,NNP,NN,0,happi,0,1,0,0,1,0,1,0,0,0,1
0,happy,5,0.0003189182293659,0.3219280948873623,0.0001026687380046,5,0.0001667323491072,12.550178338999132,JJ,JJ,0,happi,0,1,0,0,1,0,1,0,0,1,1
0,harm,1,6.378364587319811e-05,1.7369655941662063,0.0001107899983522,4,3.0314972564949827e-05,15.009609957636428,NN,NN,0,harm,0,0,0,1,0,1,0,0,0,0,-1
0,harry,3,0.0001913509376195,0.3219280948873623,6.160124280278653e-05,5,0.0001212598902597,13.009609957636428,NNP,NN,0,harri,1,0,0,0,0,1,0,1,0,0,-1
0,haunt,1,6.378364587319811e-05,3.321928094887362,0.0002118846852205,5,7.578743141237457e-06,17.009609957636428,VB,VB,0,haunt,0,0,0,1,0,1,0,0,0,0,-1
0,haven,5,0.0003189182293659,1.3219280948873624,0.0004215869673706,5,6.820868827113711e-05,13.839684956194116,NN,VB,1,haven,0,0,0,0,0,0,1,0,0,1,1
0,hearing,1,6.378364587319811e-05,0.3219280948873623,2.053374760092884e-05,7,0.0001212598902597,13.009609957636428,NN,NN,0,hear,0,0,0,1,0,1,0,0,0,0,-1
0,highest,3,0.0001913509376195,0.3219280948873623,6.160124280278653e-05,7,0.000128838633401,12.922147116386087,JJS,JJ,0,highest,0,1,0,1,1,1,1,0,1,0,0
0,hire,1,6.378364587319811e-05,1.3219280948873624,8.431739347412695e-05,4,6.820868827113711e-05,13.839684956194116,VB,VB,0,hire,0,1,0,0,1,0,1,0,0,1,1
0,hit,11,0.0007016201046051,0.0,0.0,3,0.0004547245884742,11.10271936202791,VBD,VB,0,hit,1,0,0,0,0,1,0,0,0,0,-1
0,holiday,1,6.378364587319811e-05,1.0,6.378364587319811e-05,7,5.30512019886622e-05,14.202255035578824,NNP,NN,0,holiday,0,1,0,0,1,0,1,0,0,0,1
0,honor,2,0.0001275672917463,0.3219280948873623,4.106749520185768e-05,5,0.0001818898353896,12.424647456915272,NN,NN,0,honor,0,0,0,0,0,0,1,0,0,1,1
0,hope,1,6.378364587319811e-05,0.0,0.0,4,0.0001212598902597,13.009609957636428,VBP,VB,0,hope,0,1,0,0,1,0,1,0,1,1,1
0,hospital,5,0.0003189182293659,0.0,0.0,8,0.0008563979749598,10.18943099522124,NNP,NN,0,hospit,0,0,0,1,0,0,0,1,0,1,0
0,humanity,2,0.0001275672917463,1.3219280948873624,0.0001686347869482,8,3.7893715706187286e-05,14.687681862749066,NN,NN,0,human,0,0,0,0,1,0,1,0,0,1,1
0,hunter,1,6.378364587319811e-05,0.7369655941662062,4.7006352479028336e-05,6,7.578743141237457e-05,13.687681862749066,NNP,NN,0,hunter,0,1,0,1,0,1,0,1,0,0,-1
0,illegal,2,0.0001275672917463,0.5145731728297582,6.564270606324253e-05,7,6.820868827113711e-05,13.839684956194116,JJ,JJ,0,illeg,1,0,1,1,0,1,0,1,0,0,-1
0,illness,2,0.0001275672917463,0.5145731728297582,6.564270606324253e-05,7,9.094491769484948e-05,13.424647456915272,NN,NN,0,ill,0,0,0,1,0,1,0,1,0,0,-1
0,important,4,0.0002551345834927,0.15200309344505,3.878124593571886e-05,9,0.0001818898353896,12.424647456915272,JJ,JJ,0,import,0,0,0,0,0,0,1,0,0,1,1
0,imprisoned,1,6.378364587319811e-05,3.321928094887362,0.0002118846852205,10,7.578743141237457e-06,17.009609957636428,VBN,VB,0,imprison,1,0,1,1,0,1,0,1,0,0,-1
0,imprisonment,1,6.378364587319811e-05,1.7369655941662063,0.0001107899983522,12,3.0314972564949827e-05,15.009609957636428,NN,NN,0,imprison,1,0,1,1,0,1,0,1,0,0,-1
0,improve,1,6.378364587319811e-05,1.0,6.378364587319811e-05,7,4.5472458847424745e-05,14.424647456915272,VB,VB,0,improv,0,1,0,0,1,0,1,0,0,1,1
0,inadequate,1,6.378364587319811e-05,2.321928094887362,0.0001481010393473,10,1.5157486282474914e-05,16.009609957636428,JJ,JJ,0,inadequ,0,0,0,0,0,1,0,1,0,0,-1
0,inappropriate,1,6.378364587319811e-05,3.321928094887362,0.0002118846852205,13,7.578743141237457e-06,17.009609957636428,JJ,JJ,0,inappropri,1,0,1,0,0,1,0,1,0,0,-1
0,independence,1,6.378364587319811e-05,1.7369655941662063,0.0001107899983522,12,3.7893715706187286e-05,14.687681862749066,NN,NN,0,independ,0,1,0,0,1,0,1,0,1,1,1
0,infant,1,6.378364587319811e-05,1.0,6.378364587319811e-05,6,5.30512019886622e-05,14.202255035578824,NN,NN,0,infant,0,1,0,1,1,0,1,0,1,0,1
0,influence,5,0.0003189182293659,1.0,0.0003189182293659,9,9.094491769484948e-05,13.424647456915272,NN,NN,0,influenc,0,0,0,0,0,1,1,0,0,0,0
0,influential,1,6.378364587319811e-05,2.321928094887362,0.0001481010393473,11,1.5157486282474914e-05,16.009609957636428,JJ,JJ,0,influenti,0,0,0,0,0,0,1,0,0,1,1
0,injured,1,6.378364587319811e-05,0.7369655941662062,4.7006352479028336e-05,7,6.820868827113711e-05,13.839684956194116,JJ,JJ,0,injur,0,0,0,1,0,1,0,1,0,0,-1
0,instructor,1,6.378364587319811e-05,1.0,6.378364587319811e-05,10,5.30512019886622e-05,14.202255035578824,NN,NN,0,instructor,0,1,0,0,0,0,1,0,0,1,1
0,interested,1,6.378364587319811e-05,1.0,6.378364587319811e-05,10,6.820868827113711e-05,13.839684956194116,JJ,JJ,0,interest,0,0,1,0,0,0,1,1,0,0,1
0,interior,1,6.378364587319811e-05,1.7369655941662063,0.0001107899983522,8,6.0629945129899655e-05,14.009609957636428,JJ,JJ,0,interior,0,0,1,0,0,0,1,0,0,1,1
0,iron,1,6.378364587319811e-05,1.7369655941662063,0.0001107899983522,4,2.2736229423712372e-05,15.424647456915272,NN,NN,0,iron,0,0,0,0,0,0,1,0,0,1,1
0,jail,4,0.0002551345834927,0.15200309344505,3.878124593571886e-05,4,0.000257677266802,11.922147116386087,NN,NN,0,jail,0,0,0,1,0,1,0,1,0,0,-1
0,jealous,1,6.378364587319811e-05,3.321928094887362,0.0002118846852205,7,7.578743141237457e-06,17.009609957636428,JJ,JJ,0,jealou,1,0,1,0,0,1,0,0,0,0,-1
0,jerk,1,6.378364587319811e-05,3.321928094887362,0.0002118846852205,4,7.578743141237457e-06,17.009609957636428,VB,VB,0,jerk,1,0,0,0,0,0,0,0,1,0,0
0,john,9,0.0005740528128587,0.0,0.0,4,0.0008412404886773,10.215194091286325,NNP,NN,0,john,0,0,1,0,0,1,0,0,0,0,-1
0,joy,1,6.378364587319811e-05,1.0,6.378364587319811e-05,3,6.820868827113711e-05,13.839684956194116,NNP,NN,0,joy,0,0,0,0,1,0,1,0,0,0,1
0,judiciary,2,0.0001275672917463,1.7369655941662063,0.0002215799967044,9,3.0314972564949827e-05,15.009609957636428,NNP,NN,0,judiciari,0,1,0,0,0,0,0,0,0,1,0
0,jump,1,6.378364587319811e-05,0.7369655941662062,4.7006352479028336e-05,4,8.336617455361203e-05,13.550178338999132,NN,NN,0,jump,0,0,0,0,1,0,1,0,0,0,1
0,justice,10,0.0006378364587319,0.0,0.0,7,0.0002349410373783,12.055413647249551,NNP,NN,0,justic,0,0,0,0,0,0,1,0,0,1,1
0,kind,4,0.0002551345834927,0.0,0.0,4,0.0002046260648134,12.25472245547296,NN,NN,0,kind,0,0,0,0,1,0,1,0,0,1,1
0,labor,5,0.0003189182293659,0.15200309344505,4.8476557419648574e-05,5,0.0002804134962257,11.80015659200748,NN,NN,0,labor,0,1,0,0,1,0,1,0,1,1,1
0,larger,1,6.378364587319811e-05,2.321928094887362,0.0001481010393473,6,2.2736229423712372e-05,15.424647456915272,JJR,JJ,0,larger,0,0,1,0,0,0,0,0,1,1,0
0,late,4,0.0002551345834927,0.0,0.0,4,0.0003031497256494,11.687681862749066,JJ,JJ,0,late,0,0,0,0,0,1,0,1,0,0,-1
0,laughter,1,6.378364587319811e-05,3.321928094887362,0.0002118846852205,8,7.578743141237457e-06,17.009609957636428,NN,NN,0,laughter,0,1,0,0,1,0,1,0,1,0,1
0,launch,2,0.0001275672917463,2.321928094887362,0.0002962020786946,6,2.2736229423712372e-05,15.424647456915272,NNP,VB,0,launch,0,1,0,0,0,0,1,0,0,0,1
0,lawyer,2,0.0001275672917463,0.3219280948873623,4.106749520185768e-05,6,0.0001894685785309,12.365753767861705,NN,NN,0,lawyer,1,0,1,1,0,1,0,0,0,0,-1
0,leader,2,0.0001275672917463,0.0,0.0,6,0.0003107284687907,11.652057953018344,NN,NN,0,leader,0,0,0,0,0,0,1,0,0,1,1
0,leave,1,6.378364587319811e-05,0.3219280948873623,2.053374760092884e-05,5,0.0002046260648134,12.25472245547296,VB,VB,0,leav,0,0,0,0,0,1,0,1,1,0,-1
0,legal,2,0.0001275672917463,0.15200309344505,1.939062296785943e-05,5,0.0002728347530845,11.839684956194116,JJ,JJ,0,legal,0,0,0,0,0,0,1,0,0,1,1
0,limited,1,6.378364587319811e-05,1.7369655941662063,0.0001107899983522,7,2.2736229423712372e-05,15.424647456915272,VBN,VB,0,limit,1,0,0,0,0,1,0,1,0,0,-1
0,liquor,4,0.0002551345834927,0.7369655941662062,0.0001880254099161,6,0.000128838633401,12.922147116386087,NN,NN,0,liquor,1,0,0,0,1,1,0,1,0,0,-1
0,lose,2,0.0001275672917463,0.7369655941662062,9.401270495805669e-05,4,0.0001212598902597,13.009609957636428,VB,VB,0,lose,1,0,1,1,0,1,0,1,1,0,-1
0,loss,2,0.0001275672917463,0.5145731728297582,6.564270606324253e-05,4,0.0001061024039773,13.202255035578824,NN,NN,0,loss,1,0,0,1,0,1,0,1,0,0,-1
0,love,6,0.0003827018752391,0.0,0.0,4,0.0005380907630278,10.859862838131749,NNP,NN,0,love,0,0,0,0,1,0,1,0,0,0,1
0,lovely,1,6.378364587319811e-05,0.7369655941662062,4.7006352479028336e-05,6,6.0629945129899655e-05,14.009609957636428,JJ,JJ,0,love,0,1,0,0,1,0,1,1,1,1,1
0,loving,3,0.0001913509376195,1.3219280948873624,0.0002529521804223,6,4.5472458847424745e-05,14.424647456915272,NNP,NN,0,love,0,0,0,0,1,0,1,0,0,1,1
0,lower,3,0.0001913509376195,0.15200309344505,2.9085934451789144e-05,5,0.0001061024039773,13.202255035578824,JJR,JJ,0,lower,0,0,0,0,0,1,0,1,0,0,-1
0,luck,2,0.0001275672917463,2.321928094887362,0.0002962020786946,4,2.2736229423712372e-05,15.424647456915272,NN,NN,0,luck,0,1,0,0,1,0,1,0,1,0,1
0,management,2,0.0001275672917463,0.7369655941662062,9.401270495805669e-05,10,9.852366083608696e-05,13.309170239495336,NN,NN,0,manag,0,0,0,0,0,0,1,0,0,1,1
0,marriage,6,0.0003827018752391,0.0,0.0,8,0.0003789371570618,11.365753767861705,NN,NN,0,marriag,0,1,0,0,1,0,1,0,0,1,1
0,mate,2,0.0001275672917463,0.5145731728297582,6.564270606324253e-05,4,9.852366083608696e-05,13.309170239495336,NN,NN,0,mate,0,0,0,0,0,0,1,0,0,1,1
0,medal,1,6.378364587319811e-05,1.7369655941662063,0.0001107899983522,5,2.2736229423712372e-05,15.424647456915272,NNP,NN,0,medal,0,1,0,0,1,0,1,0,1,1,1
0,medical,2,0.0001275672917463,0.15200309344505,1.939062296785943e-05,7,0.0003258859550732,11.58334520293433,JJ,JJ,0,medic,0,1,0,1,0,0,1,0,0,1,1
0,mess,1,6.378364587319811e-05,1.3219280948873624,8.431739347412695e-05,4,3.0314972564949827e-05,15.009609957636428,NN,NN,0,mess,0,0,1,0,0,1,0,0,0,0,-1
0,missing,2,0.0001275672917463,1.0,0.0001275672917463,7,5.30512019886622e-05,14.202255035578824,VBG,VB,0,miss,0,0,0,1,0,1,0,1,0,0,-1
0,modest,1,6.378364587319811e-05,3.321928094887362,0.0002118846852205,6,7.578743141237457e-06,17.009609957636428,JJ,JJ,0,modest,0,0,0,0,0,0,1,0,0,1,1
0,money,10,0.0006378364587319,0.15200309344505,9.695311483929716e-05,5,0.0004395671021917,11.151628962508855,NN,NN,0,money,1,1,0,0,1,0,1,0,1,1,1
0,mother,6,0.0003827018752391,0.0,0.0,6,0.0004623033316154,11.07887262007354,NN,NN,0,mother,0,1,0,0,1,1,1,1,0,1,0
0,murder,3,0.0001913509376195,0.15200309344505,2.9085934451789144e-05,6,0.0002046260648134,12.25472245547296,NN,NN,0,murder,1,0,1,1,0,1,0,1,1,0,-1
0,music,2,0.0001275672917463,0.0,0.0,5,0.0005684057355928,10.780791267140549,NN,NN,0,music,0,0,0,0,1,0,1,1,0,0,1
0,musical,1,6.378364587319811e-05,0.5145731728297582,3.2821353031621267e-05,7,0.0001439961196835,12.761682444192845,JJ,JJ,0,music,1,1,0,0,1,0,1,1,1,1,1
0,negro,1,6.378364587319811e-05,0.0,0.0,5,0.0029557098250826,8.402279643886818,NNP,NN,0,negro,0,0,0,0,0,1,0,1,0,0,-1
0,neighbor,1,6.378364587319811e-05,1.3219280948873624,8.431739347412695e-05,8,3.0314972564949827e-05,15.009609957636428,NN,NN,0,neighbor,0,1,0,0,0,0,1,0,0,1,1
0,nicotine,1,6.378364587319811e-05,1.3219280948873624,8.431739347412695e-05,8,6.0629945129899655e-05,14.009609957636428,JJ,JJ,0,nicotin,0,0,1,0,0,1,0,0,0,0,-1
0,noble,1,6.378364587319811e-05,1.3219280948873624,8.431739347412695e-05,5,6.0629945129899655e-05,14.009609957636428,NNP,NN,0,nobl,0,0,0,0,0,0,1,0,0,1,1
0,notoriety,1,6.378364587319811e-05,3.321928094887362,0.0002118846852205,9,7.578743141237457e-06,17.009609957636428,NN,NN,0,notorieti,1,0,1,1,0,1,1,0,0,0,0
0,nurse,2,0.0001275672917463,1.0,0.0001275672917463,5,5.30512019886622e-05,14.202255035578824,NN,NN,0,nurs,0,0,0,0,0,0,1,0,0,1,1
0,obscenity,1,6.378364587319811e-05,3.321928094887362,0.0002118846852205,9,7.578743141237457e-06,17.009609957636428,NN,NN,0,obscen,1,0,1,0,0,1,0,0,0,0,-1
0,offended,1,6.378364587319811e-05,3.321928094887362,0.0002118846852205,8,7.578743141237457e-06,17.009609957636428,VBD,VB,0,offend,1,0,0,0,0,1,0,1,0,0,-1
0,offensive,1,6.378364587319811e-05,2.321928094887362,0.0001481010393473,9,1.5157486282474914e-05,16.009609957636428,JJ,JJ,0,offens,1,0,1,0,0,1,0,0,0,0,-1
0,officer,2,0.0001275672917463,0.0,0.0,7,0.0002122048079546,12.202255035578824,NN,NN,0,offic,0,0,0,0,0,0,1,0,0,1,1
0,opera,2,0.0001275672917463,0.7369655941662062,9.401270495805669e-05,5,8.336617455361203e-05,13.550178338999132,NNP,NN,0,opera,1,1,0,1,1,0,1,1,1,1,1
0,operation,5,0.0003189182293659,0.15200309344505,4.8476557419648574e-05,9,0.0001667323491072,12.550178338999132,NN,NN,0,oper,0,0,0,1,0,0,0,0,0,1,0
0,opportunity,4,0.0002551345834927,0.5145731728297582,0.0001312854121264,11,0.0001212598902597,13.009609957636428,NN,NN,0,opportun,0,1,0,0,0,0,1,0,0,0,1
0,oppression,1,6.378364587319811e-05,2.321928094887362,0.0001481010393473,10,1.5157486282474914e-05,16.009609957636428,NN,NN,0,oppress,1,0,1,1,0,1,0,1,0,0,-1
0,ovation,1,6.378364587319811e-05,1.7369655941662063,0.0001107899983522,7,2.2736229423712372e-05,15.424647456915272,NN,NN,0,ovat,0,0,0,0,0,1,0,1,0,0,-1
0,overthrow,1,6.378364587319811e-05,3.321928094887362,0.0002118846852205,9,7.578743141237457e-06,17.009609957636428,NN,NN,0,overthrow,0,1,0,1,0,1,0,0,0,0,-1
0,partake,1,6.378364587319811e-05,3.321928094887362,0.0002118846852205,7,7.578743141237457e-06,17.009609957636428,NN,NN,0,partak,0,0,0,0,0,0,1,0,0,1,1
0,pastor,1,6.378364587319811e-05,0.3219280948873623,2.053374760092884e-05,6,0.0001591536059659,12.617292534857668,NN,NN,0,pastor,0,0,0,0,1,0,1,0,0,1,1
0,patient,2,0.0001275672917463,1.3219280948873624,0.0001686347869482,7,4.5472458847424745e-05,14.424647456915272,NN,NN,0,patient,0,1,0,0,0,0,1,0,0,0,1
0,patronage,1,6.378364587319811e-05,2.321928094887362,0.0001481010393473,9,1.5157486282474914e-05,16.009609957636428,NN,NN,0,patronag,0,0,0,0,0,0,1,0,0,1,1
0,pay,5,0.0003189182293659,0.0,0.0,3,0.0003031497256494,11.687681862749066,VB,VB,0,pay,0,1,0,0,1,0,1,0,0,1,1
0,perfect,1,6.378364587319811e-05,0.7369655941662062,4.7006352479028336e-05,7,4.5472458847424745e-05,14.424647456915272,JJ,JJ,0,perfect,0,1,0,0,1,0,1,0,0,1,1
0,pertinent,1,6.378364587319811e-05,3.321928094887362,0.0002118846852205,9,7.578743141237457e-06,17.009609957636428,JJ,JJ,0,pertin,0,0,0,0,0,0,1,0,0,1,1
0,picket,1,6.378364587319811e-05,1.0,6.378364587319811e-05,6,3.7893715706187286e-05,14.687681862749066,NN,NN,0,picket,1,1,0,1,0,1,0,0,0,0,-1
0,planning,2,0.0001275672917463,0.3219280948873623,4.106749520185768e-05,8,8.336617455361203e-05,13.550178338999132,VBG,VB,0,plan,0,1,0,0,0,0,1,0,0,1,1
0,plight,1,6.378364587319811e-05,2.321928094887362,0.0001481010393473,6,1.5157486282474914e-05,16.009609957636428,NN,NN,0,plight,0,1,1,1,0,1,0,1,0,0,-1
0,pneumonia,1,6.378364587319811e-05,1.7369655941662063,0.0001107899983522,9,2.2736229423712372e-05,15.424647456915272,NN,NN,0,pneumonia,0,0,0,1,0,1,0,0,0,0,-1
0,police,10,0.0006378364587319,0.0,0.0,6,0.0011368114711856,9.780791267140549,NN,NN,0,polic,0,0,0,1,0,0,1,0,0,1,1
0,possession,3,0.0001913509376195,0.7369655941662062,0.000141019057437,10,6.0629945129899655e-05,14.009609957636428,NN,NN,0,possess,1,0,1,1,0,1,0,0,0,0,-1
0,pound,2,0.0001275672917463,0.15200309344505,1.939062296785943e-05,5,0.0001136811471185,13.10271936202791,NN,NN,0,pound,1,0,0,0,0,1,0,0,0,0,-1
0,powerful,3,0.0001913509376195,0.5145731728297582,9.84640590948638e-05,8,8.336617455361203e-05,13.550178338999132,JJ,JJ,0,power,1,1,1,1,1,0,1,0,0,1,1
0,powerless,1,6.378364587319811e-05,2.321928094887362,0.0001481010393473,9,1.5157486282474914e-05,16.009609957636428,NN,NN,0,powerless,1,0,1,1,0,1,0,1,0,0,-1
0,praise,1,6.378364587319811e-05,0.7369655941662062,4.7006352479028336e-05,6,6.820868827113711e-05,13.839684956194116,NN,NN,0,prais,0,0,0,0,1,0,1,0,0,1,1
0,prepare,1,6.378364587319811e-05,1.3219280948873624,8.431739347412695e-05,7,3.0314972564949827e-05,15.009609957636428,NN,NN,0,prepar,0,1,0,0,0,0,1,0,0,0,1
0,present,4,0.0002551345834927,0.15200309344505,3.878124593571886e-05,7,0.0001591536059659,12.617292534857668,JJ,JJ,0,present,0,1,0,0,1,0,1,0,1,1,1
0,president,52,0.0033167495854063,0.0,0.0,9,0.0017961621244732,9.12086670873817,NNP,NN,0,presid,0,0,0,0,0,0,1,0,0,1,1
0,priesthood,1,6.378364587319811e-05,1.7369655941662063,0.0001107899983522,10,3.0314972564949827e-05,15.009609957636428,NN,NN,0,priesthood,0,1,0,0,1,0,1,1,0,1,1
0,problem,2,0.0001275672917463,0.15200309344505,1.939062296785943e-05,7,0.0002273622942371,12.10271936202791,NN,NN,0,problem,0,0,0,1,0,1,0,1,0,0,-1
0,proctor,1,6.378364587319811e-05,2.321928094887362,0.0001481010393473,7,1.5157486282474914e-05,16.009609957636428,NNP,NN,0,proctor,0,0,0,0,0,0,1,0,0,1,1
0,production,6,0.0003827018752391,0.5145731728297582,0.0001969281181897,10,0.0001212598902597,13.009609957636428,NNP,NN,0,product,0,1,0,0,0,0,1,0,0,0,1
0,profane,2,0.0001275672917463,3.321928094887362,0.000423769370441,7,1.5157486282474914e-05,16.009609957636428,NN,NN,0,profan,1,0,0,0,0,1,0,0,0,0,-1
0,profanity,1,6.378364587319811e-05,3.321928094887362,0.0002118846852205,9,7.578743141237457e-06,17.009609957636428,NN,NN,0,profan,1,0,0,0,0,1,0,0,0,0,-1
0,professional,3,0.0001913509376195,0.0,0.0,12,0.0001439961196835,12.761682444192845,JJ,JJ,0,profession,0,0,0,0,0,0,1,0,0,1,1
0,professor,3,0.0001913509376195,0.15200309344505,2.9085934451789144e-05,9,0.0001818898353896,12.424647456915272,NN,NN,0,professor,0,0,0,0,0,0,1,0,0,1,1
0,progress,2,0.0001275672917463,0.5145731728297582,6.564270606324253e-05,8,0.000128838633401,12.922147116386087,NNP,NN,0,progress,0,1,0,0,1,0,1,0,0,0,1
0,provide,1,6.378364587319811e-05,0.7369655941662062,4.7006352479028336e-05,7,7.578743141237457e-05,13.687681862749066,VB,VB,0,provid,0,0,0,0,0,0,1,0,0,1,1
0,public,12,0.0007654037504783,0.0,0.0,6,0.0005835632218752,10.742823416941526,JJ,JJ,0,public,0,1,0,0,0,0,1,0,0,0,1
0,punch,1,6.378364587319811e-05,2.321928094887362,0.0001481010393473,5,1.5157486282474914e-05,16.009609957636428,VB,VB,0,punch,1,0,0,1,0,1,0,1,1,0,-1
0,punishment,1,6.378364587319811e-05,2.321928094887362,0.0001481010393473,10,1.5157486282474914e-05,16.009609957636428,NN,NN,0,punish,1,0,1,1,0,1,0,0,0,0,-1
0,quiet,1,6.378364587319811e-05,1.3219280948873624,8.431739347412695e-05,5,7.578743141237457e-05,13.687681862749066,JJ,JJ,0,quiet,0,0,0,0,0,0,1,1,0,0,1
0,rash,1,6.378364587319811e-05,1.7369655941662063,0.0001107899983522,4,2.2736229423712372e-05,15.424647456915272,NN,NN,0,rash,0,0,1,0,0,1,0,0,0,0,-1
0,real,2,0.0001275672917463,0.0,0.0,4,0.0003107284687907,11.652057953018344,JJ,JJ,0,real,0,0,0,0,0,0,1,0,0,1,1
0,receiving,4,0.0002551345834927,1.0,0.0002551345834927,9,9.094491769484948e-05,13.424647456915272,VBG,VB,0,receiv,0,1,0,0,1,0,1,0,1,0,1
0,recreation,1,6.378364587319811e-05,0.5145731728297582,3.2821353031621267e-05,10,5.30512019886622e-05,14.202255035578824,NN,NN,0,recreat,0,1,0,0,1,0,1,0,0,0,1
0,refused,1,6.378364587319811e-05,0.0,0.0,7,0.0002500985236608,11.965215838277976,VBD,VB,0,refus,0,0,0,0,0,1,0,1,0,0,-1
0,rejection,1,6.378364587319811e-05,3.321928094887362,0.0002118846852205,9,7.578743141237457e-06,17.009609957636428,NN,NN,0,reject,1,0,1,1,0,1,0,1,0,0,-1
0,relevant,1,6.378364587319811e-05,3.321928094887362,0.0002118846852205,8,7.578743141237457e-06,17.009609957636428,JJ,JJ,0,relev,0,0,0,0,0,0,1,0,0,1,1
0,reliable,2,0.0001275672917463,1.7369655941662063,0.0002215799967044,8,3.0314972564949827e-05,15.009609957636428,JJ,JJ,0,reliabl,0,0,0,0,0,0,1,0,0,1,1
0,reporter,1,6.378364587319811e-05,1.3219280948873624,8.431739347412695e-05,8,3.7893715706187286e-05,14.687681862749066,NN,NN,0,report,0,0,0,0,0,0,1,0,0,1,1
0,resign,1,6.378364587319811e-05,1.3219280948873624,8.431739347412695e-05,6,3.0314972564949827e-05,15.009609957636428,VB,VB,0,resign,1,0,1,1,0,1,0,1,0,0,-1
0,resignation,4,0.0002551345834927,1.3219280948873624,0.0003372695738965,11,6.0629945129899655e-05,14.009609957636428,NN,NN,0,resign,0,0,0,0,0,1,0,1,1,0,-1
0,resigned,2,0.0001275672917463,0.5145731728297582,6.564270606324253e-05,8,6.820868827113711e-05,13.839684956194116,VBD,VB,0,resign,0,0,0,0,0,1,0,1,0,0,-1
0,resources,3,0.0001913509376195,2.321928094887362,0.0004443031180419,9,3.0314972564949827e-05,15.009609957636428,NNS,NN,0,resourc,0,0,0,0,1,0,1,0,0,1,1
0,respect,1,6.378364587319811e-05,1.3219280948873624,8.431739347412695e-05,7,5.30512019886622e-05,14.202255035578824,NN,NN,0,respect,0,1,0,0,1,0,1,0,0,1,1
0,responsible,2,0.0001275672917463,0.5145731728297582,6.564270606324253e-05,11,9.094491769484948e-05,13.424647456915272,JJ,JJ,0,respons,0,0,0,0,0,0,1,0,0,1,1
0,retirement,1,6.378364587319811e-05,1.3219280948873624,8.431739347412695e-05,10,3.7893715706187286e-05,14.687681862749066,NN,NN,0,retir,0,1,0,1,1,1,1,1,0,1,0
0,revolution,1,6.378364587319811e-05,1.3219280948873624,8.431739347412695e-05,10,5.30512019886622e-05,14.202255035578824,NN,NN,0,revolut,1,1,0,1,0,1,1,1,1,0,0
0,robber,1,6.378364587319811e-05,1.7369655941662063,0.0001107899983522,6,2.2736229423712372e-05,15.424647456915272,NN,NN,0,robber,0,0,1,1,0,1,0,0,0,0,-1
0,romance,1,6.378364587319811e-05,0.7369655941662062,4.7006352479028336e-05,7,6.820868827113711e-05,13.839684956194116,NN,NN,0,romanc,0,1,0,1,1,0,1,1,1,1,1
0,rule,2,0.0001275672917463,2.321928094887362,0.0002962020786946,4,3.0314972564949827e-05,15.009609957636428,NN,NN,0,rule,0,0,0,1,0,0,0,0,0,1,0
0,safe,1,6.378364587319811e-05,1.3219280948873624,8.431739347412695e-05,4,3.7893715706187286e-05,14.687681862749066,JJ,JJ,0,safe,0,0,0,0,1,0,1,0,0,1,1
0,salary,1,6.378364587319811e-05,1.0,6.378364587319811e-05,6,4.5472458847424745e-05,14.424647456915272,JJ,JJ,0,salari,0,1,0,0,1,0,1,0,0,1,1
0,save,1,6.378364587319811e-05,0.5145731728297582,3.2821353031621267e-05,4,8.336617455361203e-05,13.550178338999132,VB,VB,0,save,0,0,0,0,1,0,1,0,0,1,1
0,scarce,1,6.378364587319811e-05,2.321928094887362,0.0001481010393473,6,1.5157486282474914e-05,16.009609957636428,NN,NN,0,scarc,0,0,0,1,0,1,0,1,0,0,-1
0,scare,1,6.378364587319811e-05,1.7369655941662063,0.0001107899983522,5,2.2736229423712372e-05,15.424647456915272,VB,VB,0,scare,1,1,0,1,0,1,0,0,1,0,-1
0,scholarship,4,0.0002551345834927,1.3219280948873624,0.0003372695738965,11,0.0001061024039773,13.202255035578824,NN,NN,0,scholarship,0,0,0,0,1,0,1,0,0,0,1
0,seniority,1,6.378364587319811e-05,2.321928094887362,0.0001481010393473,9,1.5157486282474914e-05,16.009609957636428,NN,NN,0,senior,0,0,0,0,0,0,1,0,0,1,1
0,sentence,2,0.0001275672917463,0.0,0.0,8,0.0001591536059659,12.617292534857668,NN,NN,0,sentenc,1,1,1,1,0,1,0,1,0,0,-1
0,serve,1,6.378364587319811e-05,0.7369655941662062,4.7006352479028336e-05,5,0.0001212598902597,13.009609957636428,VB,VB,0,serv,0,0,0,0,0,1,0,0,0,1,-1
0,sex,2,0.0001275672917463,0.3219280948873623,4.106749520185768e-05,3,0.0001970473216721,12.309170239495336,NN,NN,0,sex,0,1,0,0,1,0,1,0,0,1,1
0,share,3,0.0001913509376195,0.3219280948873623,6.160124280278653e-05,5,0.0001743110922484,12.486048001579416,NN,NN,0,share,0,1,0,0,1,0,1,0,0,1,1
0,shattered,2,0.0001275672917463,2.321928094887362,0.0002962020786946,9,2.2736229423712372e-05,15.424647456915272,VBN,VB,0,shatter,0,0,0,0,0,1,0,1,0,0,-1
0,shelter,1,6.378364587319811e-05,1.7369655941662063,0.0001107899983522,7,2.2736229423712372e-05,15.424647456915272,NN,NN,0,shelter,0,0,0,0,0,0,1,0,0,1,1
0,shoot,1,6.378364587319811e-05,1.7369655941662063,0.0001107899983522,5,3.0314972564949827e-05,15.009609957636428,VB,VB,0,shoot,1,0,0,1,0,1,0,0,0,0,-1
0,shooting,4,0.0002551345834927,0.7369655941662062,0.0001880254099161,8,8.336617455361203e-05,13.550178338999132,NN,NN,0,shoot,1,0,0,1,0,1,0,0,0,0,-1
0,shopping,1,6.378364587319811e-05,1.7369655941662063,0.0001107899983522,8,2.2736229423712372e-05,15.424647456915272,VBG,VB,0,shop,0,1,0,0,1,0,1,0,1,1,1
0,shot,4,0.0002551345834927,0.7369655941662062,0.0001880254099161,4,0.0001818898353896,12.424647456915272,VBD,VB,0,shot,1,0,0,1,0,1,0,1,1,0,-1
0,sing,1,6.378364587319811e-05,0.5145731728297582,3.2821353031621267e-05,4,0.0001212598902597,13.009609957636428,VBG,VB,0,sing,0,1,0,0,1,0,1,1,0,1,1
0,slaughter,1,6.378364587319811e-05,3.321928094887362,0.0002118846852205,9,7.578743141237457e-06,17.009609957636428,NNP,NN,0,slaughter,1,0,1,1,0,1,0,1,1,0,-1
0,slave,1,6.378364587319811e-05,1.0,6.378364587319811e-05,5,5.30512019886622e-05,14.202255035578824,NN,NN,0,slave,1,0,0,1,0,1,0,1,0,0,-1
0,smile,1,6.378364587319811e-05,1.3219280948873624,8.431739347412695e-05,5,3.7893715706187286e-05,14.687681862749066,NN,NN,0,smile,0,0,0,0,1,0,1,0,1,1,1
0,special,9,0.0005740528128587,0.15200309344505,8.725780335536743e-05,7,0.0003562009276381,11.45502110595879,JJ,JJ,0,special,0,0,0,0,1,0,1,0,0,0,1
0,speculation,1,6.378364587319811e-05,1.7369655941662063,0.0001107899983522,11,2.2736229423712372e-05,15.424647456915272,NN,NN,0,specul,0,0,0,1,0,1,0,1,0,0,-1
0,spirits,1,6.378364587319811e-05,1.7369655941662063,0.0001107899983522,7,3.0314972564949827e-05,15.009609957636428,NNS,NN,0,spirit,0,1,0,0,1,0,1,0,1,0,1
0,star,6,0.0003827018752391,0.15200309344505,5.817186890357829e-05,4,0.0005229332767453,10.90108550085826,NN,NN,0,star,0,1,0,0,1,0,1,0,0,1,1
0,stark,1,6.378364587319811e-05,3.321928094887362,0.0002118846852205,5,7.578743141237457e-06,17.009609957636428,NNP,NN,0,stark,0,0,0,0,0,1,0,0,0,1,-1
0,stealing,1,6.378364587319811e-05,1.7369655941662063,0.0001107899983522,8,3.0314972564949827e-05,15.009609957636428,VBG,VB,0,steal,0,0,1,1,0,1,0,0,0,0,-1
0,sterling,1,6.378364587319811e-05,2.321928094887362,0.0001481010393473,8,1.5157486282474914e-05,16.009609957636428,NN,NN,0,sterl,1,1,0,0,1,1,1,0,0,1,0
0,stone,4,0.0002551345834927,2.321928094887362,0.0005924041573893,5,4.5472458847424745e-05,14.424647456915272,NNP,NN,0,stone,1,0,0,0,0,1,0,0,0,0,-1
0,store,4,0.0002551345834927,0.15200309344505,3.878124593571886e-05,5,0.0002273622942371,12.10271936202791,NN,NN,0,store,0,1,0,0,0,0,1,0,0,0,1
0,strength,2,0.0001275672917463,0.5145731728297582,6.564270606324253e-05,8,6.820868827113711e-05,13.839684956194116,NN,NN,0,strength,0,0,0,0,0,0,1,0,0,1,1
0,structure,1,6.378364587319811e-05,1.7369655941662063,0.0001107899983522,9,2.2736229423712372e-05,15.424647456915272,NN,NN,0,structur,0,0,0,0,0,0,1,0,0,1,1
0,succeeding,1,6.378364587319811e-05,2.321928094887362,0.0001481010393473,10,1.5157486282474914e-05,16.009609957636428,VBG,VB,0,succeed,0,1,0,0,1,0,1,0,0,1,1
0,success,2,0.0001275672917463,0.3219280948873623,4.106749520185768e-05,7,0.000128838633401,12.922147116386087,NN,NN,0,success,0,1,0,0,1,0,1,0,0,0,1
0,sue,1,6.378364587319811e-05,2.321928094887362,0.0001481010393473,3,3.0314972564949827e-05,15.009609957636428,NNP,NN,0,sue,1,0,0,0,0,1,0,1,0,0,-1
0,sunset,1,6.378364587319811e-05,3.321928094887362,0.0002118846852205,6,7.578743141237457e-06,17.009609957636428,NNP,NN,0,sunset,0,1,0,0,0,0,1,0,0,0,1
0,superstar,1,6.378364587319811e-05,2.321928094887362,0.0001481010393473,9,2.2736229423712372e-05,15.424647456915272,NN,NN,0,superstar,0,0,0,0,1,0,1,0,0,1,1
0,superstitious,1,6.378364587319811e-05,3.321928094887362,0.0002118846852205,13,7.578743141237457e-06,17.009609957636428,NNP,NN,0,superstiti,0,1,0,1,0,1,0,0,0,0,-1
0,surgery,1,6.378364587319811e-05,0.7369655941662062,4.7006352479028336e-05,7,7.578743141237457e-05,13.687681862749066,NN,NN,0,surgeri,0,0,0,1,0,0,0,1,0,0,0
0,sweet,1,6.378364587319811e-05,1.7369655941662063,0.0001107899983522,5,3.0314972564949827e-05,15.009609957636428,NNP,NN,0,sweet,0,1,0,0,1,0,1,0,1,1,1
0,tackle,2,0.0001275672917463,2.321928094887362,0.0002962020786946,6,2.2736229423712372e-05,15.424647456915272,NN,NN,0,tackl,1,0,0,0,0,0,0,0,1,0,0
0,tax,2,0.0001275672917463,0.5145731728297582,6.564270606324253e-05,3,0.0002046260648134,12.25472245547296,NN,NN,0,tax,0,0,0,0,0,1,0,1,0,0,-1
0,teacher,3,0.0001913509376195,0.15200309344505,2.9085934451789144e-05,7,0.0001894685785309,12.365753767861705,NN,NN,0,teacher,0,0,0,0,0,0,1,0,0,1,1
0,thanksgiving,1,6.378364587319811e-05,2.321928094887362,0.0001481010393473,12,1.5157486282474914e-05,16.009609957636428,NNP,NN,0,thanksgiv,0,0,0,0,1,0,1,0,0,0,1
0,theory,1,6.378364587319811e-05,2.321928094887362,0.0001481010393473,6,1.5157486282474914e-05,16.009609957636428,NN,NN,0,theori,0,1,0,0,0,0,0,0,0,1,0
0,threatening,2,0.0001275672917463,1.0,0.0001275672917463,11,4.5472458847424745e-05,14.424647456915272,VBG,VB,0,threaten,1,0,1,1,0,1,0,0,0,0,-1
0,thrift,1,6.378364587319811e-05,3.321928094887362,0.0002118846852205,6,7.578743141237457e-06,17.009609957636428,NNP,NN,0,thrift,0,0,1,0,0,0,1,0,0,1,1
0,title,3,0.0001913509376195,0.0,0.0,5,0.000287992239367,11.761682444192845,NN,NN,0,titl,0,0,0,0,0,0,1,0,0,1,1
0,top,4,0.0002551345834927,0.0,0.0,3,0.0005684057355928,10.780791267140549,JJ,JJ,0,top,0,1,0,0,0,0,1,0,0,1,1
0,tough,1,6.378364587319811e-05,1.7369655941662063,0.0001107899983522,5,3.0314972564949827e-05,15.009609957636428,JJ,JJ,0,tough,0,0,0,0,0,1,0,1,0,0,-1
0,tranquility,1,6.378364587319811e-05,2.321928094887362,0.0001481010393473,11,2.2736229423712372e-05,15.424647456915272,NN,NN,0,tranquil,0,0,0,0,1,0,1,0,0,1,1
0,tree,2,0.0001275672917463,1.3219280948873624,0.0001686347869482,4,5.30512019886622e-05,14.202255035578824,NN,NN,0,tree,1,1,1,0,1,0,1,0,1,1,1
0,true,2,0.0001275672917463,0.3219280948873623,4.106749520185768e-05,4,0.0001136811471185,13.10271936202791,JJ,JJ,0,true,0,0,0,0,1,0,1,0,0,1,1
0,truth,2,0.0001275672917463,1.0,0.0001275672917463,5,6.820868827113711e-05,13.839684956194116,NN,NN,0,truth,0,0,0,0,0,0,1,0,0,1,1
0,turmoil,1,6.378364587319811e-05,3.321928094887362,0.0002118846852205,7,7.578743141237457e-06,17.009609957636428,NN,NN,0,turmoil,1,0,0,1,0,1,0,1,0,0,-1
0,ugly,1,6.378364587319811e-05,2.321928094887362,0.0001481010393473,4,1.5157486282474914e-05,16.009609957636428,RB,RB,0,ugli,0,0,1,0,0,1,0,0,0,0,-1
0,undecided,1,6.378364587319811e-05,2.321928094887362,0.0001481010393473,9,1.5157486282474914e-05,16.009609957636428,JJ,JJ,0,undecid,0,1,0,1,0,1,0,0,0,0,-1
0,understanding,1,6.378364587319811e-05,1.3219280948873624,8.431739347412695e-05,13,3.7893715706187286e-05,14.687681862749066,NN,NN,0,understand,0,0,0,0,0,0,1,0,0,1,1
0,uneasiness,1,6.378364587319811e-05,2.321928094887362,0.0001481010393473,10,1.5157486282474914e-05,16.009609957636428,NN,NN,0,uneasi,0,1,0,0,0,1,0,1,0,0,-1
0,unequal,1,6.378364587319811e-05,3.321928094887362,0.0002118846852205,7,7.578743141237457e-06,17.009609957636428,JJ,JJ,0,unequ,1,0,1,1,0,1,0,1,0,0,-1
0,unfortunate,1,6.378364587319811e-05,2.321928094887362,0.0001481010393473,11,1.5157486282474914e-05,16.009609957636428,JJ,JJ,0,unfortun,0,0,0,0,0,1,0,1,0,0,-1
0,unique,1,6.378364587319811e-05,1.0,6.378364587319811e-05,6,6.0629945129899655e-05,14.009609957636428,JJ,JJ,0,uniqu,0,0,0,0,0,0,1,0,1,0,1
0,united,6,0.0003827018752391,0.0,0.0,6,0.0003334646982144,11.550178338999132,NNP,NN,0,unit,0,0,0,0,0,0,1,0,0,1,1
0,university,29,0.0018497257303227,0.0,0.0,10,0.0010761815260557,9.859862838131749,NNP,NN,0,univers,0,1,0,0,0,0,1,0,0,0,1
0,unknown,2,0.0001275672917463,1.3219280948873624,0.0001686347869482,7,4.5472458847424745e-05,14.424647456915272,JJ,JJ,0,unknown,0,1,0,1,0,1,0,0,0,0,-1
0,unrest,1,6.378364587319811e-05,1.7369655941662063,0.0001107899983522,6,2.2736229423712372e-05,15.424647456915272,NN,NN,0,unrest,0,0,0,1,0,0,0,1,0,0,0
0,unsuccessful,3,0.0001913509376195,2.321928094887362,0.0004443031180419,12,3.0314972564949827e-05,15.009609957636428,JJ,JJ,0,unsuccess,0,0,0,0,0,1,0,1,0,0,-1
0,upset,2,0.0001275672917463,0.7369655941662062,9.401270495805669e-05,5,6.0629945129899655e-05,14.009609957636428,JJ,JJ,0,upset,1,0,0,0,0,1,0,1,0,0,-1
0,usher,1,6.378364587319811e-05,2.321928094887362,0.0001481010393473,5,1.5157486282474914e-05,16.009609957636428,NNP,NN,0,usher,0,0,0,0,0,0,1,0,0,1,1
0,vacation,2,0.0001275672917463,1.0,0.0001275672917463,8,6.0629945129899655e-05,14.009609957636428,NN,NN,0,vacat,0,1,0,0,1,0,1,0,0,0,1
0,venerable,1,6.378364587319811e-05,3.321928094887362,0.0002118846852205,9,7.578743141237457e-06,17.009609957636428,JJ,JJ,0,vener,0,1,0,0,1,0,1,0,0,1,1
0,veteran,3,0.0001913509376195,0.15200309344505,2.9085934451789144e-05,7,0.0001136811471185,13.10271936202791,NN,NN,0,veteran,0,0,0,0,0,0,1,0,0,1,1
0,violation,1,6.378364587319811e-05,1.3219280948873624,8.431739347412695e-05,9,3.7893715706187286e-05,14.687681862749066,NN,NN,0,violat,1,0,0,1,0,1,0,1,1,0,-1
0,violent,2,0.0001275672917463,3.321928094887362,0.000423769370441,7,1.5157486282474914e-05,16.009609957636428,JJ,JJ,0,violent,1,0,1,1,0,1,0,0,1,0,-1
0,visitor,1,6.378364587319811e-05,3.321928094887362,0.0002118846852205,7,7.578743141237457e-06,17.009609957636428,NN,NN,0,visitor,0,1,0,0,1,0,1,0,0,0,1
0,vote,5,0.0003189182293659,0.7369655941662062,0.0002350317623951,4,0.0001439961196835,12.761682444192845,NN,NN,0,vote,1,1,0,0,1,1,1,1,1,1,0
0,vulnerability,1,6.378364587319811e-05,3.321928094887362,0.0002118846852205,13,7.578743141237457e-06,17.009609957636428,NN,NN,0,vulner,0,0,0,1,0,1,0,1,0,0,-1
0,wait,1,6.378364587319811e-05,1.3219280948873624,8.431739347412695e-05,4,3.0314972564949827e-05,15.009609957636428,NN,NN,0,wait,0,1,0,0,0,1,0,0,0,0,-1
0,war,1,6.378364587319811e-05,0.15200309344505,9.695311483929716e-06,3,0.0001591536059659,12.617292534857668,NNP,NN,0,war,0,0,0,1,0,1,0,0,0,0,-1
0,warned,1,6.378364587319811e-05,0.5145731728297582,3.2821353031621267e-05,6,8.336617455361203e-05,13.550178338999132,VBD,VB,0,warn,0,1,0,1,0,0,0,0,1,0,0
0,waste,1,6.378364587319811e-05,1.7369655941662063,0.0001107899983522,5,2.2736229423712372e-05,15.424647456915272,VB,VB,0,wast,0,0,1,0,0,1,0,0,0,0,-1
0,watch,4,0.0002551345834927,0.15200309344505,3.878124593571886e-05,5,0.0001364173765422,12.839684956194116,NN,NN,0,watch,0,1,0,1,0,0,0,0,0,0,0
0,watchdog,1,6.378364587319811e-05,3.321928094887362,0.0002118846852205,8,7.578743141237457e-06,17.009609957636428,NN,NN,0,watchdog,0,0,0,0,0,0,1,0,0,1,1
0,white,22,0.0014032402092103,0.0,0.0,5,0.0022054142541001,8.824734614728145,JJ,JJ,0,white,0,1,0,0,1,0,1,0,0,1,1
0,winner,3,0.0001913509376195,0.5145731728297582,9.84640590948638e-05,6,0.0001136811471185,13.10271936202791,NN,NN,0,winner,0,1,0,0,1,0,1,0,1,0,1
0,winning,1,6.378364587319811e-05,1.0,6.378364587319811e-05,7,6.820868827113711e-05,13.839684956194116,VBG,NN,0,win,0,1,1,0,1,0,1,1,1,1,1
0,withdraw,1,6.378364587319811e-05,2.321928094887362,0.0001481010393473,8,1.5157486282474914e-05,16.009609957636428,VB,VB,0,withdraw,0,0,0,0,0,1,0,1,0,0,-1
0,withstand,1,6.378364587319811e-05,3.321928094887362,0.0002118846852205,9,7.578743141237457e-06,17.009609957636428,VB,VB,0,withstand,0,1,0,1,0,0,1,0,0,0,1
0,witty,1,6.378364587319811e-05,2.321928094887362,0.0001481010393473,5,1.5157486282474914e-05,16.009609957636428,JJ,JJ,0,witti,0,0,0,0,1,0,1,0,0,0,1
0,word,1,6.378364587319811e-05,0.3219280948873623,2.053374760092884e-05,4,0.0001061024039773,13.202255035578824,NN,NN,0,word,0,0,0,0,0,0,1,0,0,1,1
0,words,4,0.0002551345834927,0.0,0.0,5,0.0001970473216721,12.309170239495336,NNS,NN,0,word,1,0,0,0,0,1,0,0,0,0,-1
0,young,8,0.0005102691669855,0.0,0.0,5,0.0006441931670051,10.600219021498727,JJ,JJ,0,young,0,1,0,0,1,0,1,0,1,0,1
0,youth,1,6.378364587319811e-05,0.15200309344505,9.695311483929716e-06,5,0.0002122048079546,12.202255035578824,NN,NN,0,youth,1,1,0,1,1,0,1,0,1,0,1
1,absence,2,0.0001679543164259,1.0,0.0001679543164259,7,4.5472458847424745e-05,14.424647456915272,NN,NN,0,absenc,0,0,0,1,0,1,0,1,0,0,-1
1,accident,1,8.397715821296607e-05,0.7369655941662062,6.188827629880804e-05,8,9.852366083608696e-05,13.309170239495336,NN,NN,0,accid,0,0,0,1,0,1,0,1,1,0,-1
1,accidental,1,8.397715821296607e-05,2.321928094887362,0.0001949889229834,10,1.5157486282474914e-05,16.009609957636428,JJ,JJ,0,accident,0,0,0,1,0,1,0,0,1,0,-1
1,accurate,2,0.0001679543164259,0.0,0.0,8,0.0001818898353896,12.424647456915272,JJ,JJ,0,accur,0,0,0,0,0,0,1,0,0,1,1
1,accused,2,0.0001679543164259,0.15200309344505,2.552957565419047e-05,7,0.0001818898353896,12.424647456915272,VBN,VB,0,accus,1,0,0,1,0,1,0,0,0,0,-1
1,achieve,1,8.397715821296607e-05,1.0,8.397715821296607e-05,7,3.7893715706187286e-05,14.687681862749066,VB,VB,0,achiev,0,0,0,0,1,0,1,0,0,1,1
1,achievement,3,0.0002519314746388,0.7369655941662062,0.0001856648288964,11,9.094491769484948e-05,13.424647456915272,NN,NN,0,achiev,0,1,0,0,1,0,1,0,0,1,1
1,adultery,1,8.397715821296607e-05,3.321928094887362,0.0002789660811964,8,7.578743141237457e-06,17.009609957636428,NN,NN,0,adulteri,0,0,1,0,0,1,0,1,0,0,-1
1,afraid,2,0.0001679543164259,0.7369655941662062,0.0001237765525976,6,6.0629945129899655e-05,14.009609957636428,JJ,JJ,0,afraid,0,0,0,1,0,1,0,0,0,0,-1
1,aggravated,1,8.397715821296607e-05,3.321928094887362,0.0002789660811964,10,7.578743141237457e-06,17.009609957636428,JJ,JJ,0,aggrav,1,0,0,0,0,1,0,0,0,0,-1
1,agreed,2,0.0001679543164259,0.5145731728297582,8.642478549374508e-05,6,9.094491769484948e-05,13.424647456915272,VBD,VB,0,agre,0,0,0,0,0,0,1,0,0,1,1
1,agreement,3,0.0002519314746388,0.3219280948873623,8.110381967266435e-05,9,7.578743141237457e-05,13.687681862749066,NN,NN,0,agreement,0,0,0,0,0,0,1,0,0,1,1
1,alive,1,8.397715821296607e-05,1.0,8.397715821296607e-05,5,6.0629945129899655e-05,14.009609957636428,JJ,JJ,0,aliv,0,1,0,0,1,0,1,0,0,1,1
1,allied,1,8.397715821296607e-05,3.321928094887362,0.0002789660811964,6,7.578743141237457e-06,17.009609957636428,NNP,NN,0,alli,0,0,0,0,0,0,1,0,0,1,1
1,ambassador,2,0.0001679543164259,0.7369655941662062,0.0001237765525976,10,0.0001061024039773,13.202255035578824,NN,NN,0,ambassador,0,0,0,0,0,0,1,0,0,1,1
1,amused,1,8.397715821296607e-05,2.321928094887362,0.0001949889229834,6,1.5157486282474914e-05,16.009609957636428,VBN,VB,0,amus,0,0,0,0,1,0,1,0,0,0,1
1,amusing,1,8.397715821296607e-05,3.321928094887362,0.0002789660811964,7,7.578743141237457e-06,17.009609957636428,VBG,VB,0,amus,0,0,0,0,1,0,1,0,0,0,1
1,appreciation,1,8.397715821296607e-05,1.0,8.397715821296607e-05,12,5.30512019886622e-05,14.202255035578824,NN,NN,0,appreci,0,0,0,0,1,0,1,0,0,1,1
1,argue,1,8.397715821296607e-05,2.321928094887362,0.0001949889229834,5,1.5157486282474914e-05,16.009609957636428,NNP,NN,0,argu,1,0,0,0,0,1,0,0,0,0,-1
1,armed,1,8.397715821296607e-05,0.7369655941662062,6.188827629880804e-05,5,7.578743141237457e-05,13.687681862749066,VBN,VB,0,arm,1,0,0,1,0,1,1,0,0,0,0
1,art,2,0.0001679543164259,0.0,0.0,3,0.0002804134962257,11.80015659200748,NNP,NN,0,art,0,1,0,0,1,0,1,1,1,0,1
1,assault,1,8.397715821296607e-05,1.0,8.397715821296607e-05,7,4.5472458847424745e-05,14.424647456915272,NN,NN,0,assault,1,0,0,1,0,1,0,0,0,0,-1
1,assist,2,0.0001679543164259,1.7369655941662063,0.0002917308690235,6,3.7893715706187286e-05,14.687681862749066,VB,VB,0,assist,0,0,0,0,0,0,1,0,0,1,1
1,associate,1,8.397715821296607e-05,0.15200309344505,1.2764787827095236e-05,9,0.0001894685785309,12.365753767861705,NNP,NN,0,associ,0,0,0,0,0,0,1,0,0,1,1
1,assurance,1,8.397715821296607e-05,3.321928094887362,0.0002789660811964,9,7.578743141237457e-06,17.009609957636428,NNP,NN,0,assur,0,0,0,0,0,0,1,0,0,1,1
1,attack,3,0.0002519314746388,0.15200309344505,3.82943634812857e-05,6,0.0002046260648134,12.25472245547296,NN,NN,0,attack,1,0,0,1,0,1,0,0,0,0,-1
1,attentive,1,8.397715821296607e-05,2.321928094887362,0.0001949889229834,9,1.5157486282474914e-05,16.009609957636428,JJ,JJ,0,attent,0,0,0,0,0,0,1,0,0,1,1
1,attorney,1,8.397715821296607e-05,0.0,0.0,8,0.0002500985236608,11.965215838277976,NN,NN,0,attorney,1,0,0,1,0,0,1,0,0,1,1
1,author,4,0.0003359086328518,0.3219280948873623,0.0001081384262302,6,0.0001061024039773,13.202255035578824,NN,NN,0,author,0,0,0,0,0,0,1,0,0,1,1
1,autopsy,1,8.397715821296607e-05,1.7369655941662063,0.0001458654345117,7,3.0314972564949827e-05,15.009609957636428,NN,NN,0,autopsi,0,0,1,1,0,1,0,1,0,0,-1
1,award,3,0.0002519314746388,0.0,0.0,5,0.0002273622942371,12.10271936202791,NN,NN,0,award,0,1,0,0,1,0,1,0,1,1,1
1,baby,6,0.0005038629492777,0.3219280948873623,0.0001622076393453,4,0.0003637796707793,11.424647456915272,NN,NN,0,babi,0,0,0,0,1,0,1,0,0,0,1
1,bad,2,0.0001679543164259,0.0,0.0,3,0.0001743110922484,12.486048001579416,JJ,JJ,0,bad,1,0,1,1,0,1,0,1,0,0,-1
1,badly,1,8.397715821296607e-05,1.3219280948873624,0.0001110117647705,5,3.0314972564949827e-05,15.009609957636428,RB,RB,0,badli,0,0,0,0,0,1,0,1,0,0,-1
1,banish,1,8.397715821296607e-05,2.321928094887362,0.0001949889229834,6,1.5157486282474914e-05,16.009609957636428,VB,VB,0,banish,1,0,1,1,0,1,0,1,0,0,-1
1,battered,2,0.0001679543164259,2.321928094887362,0.0003899778459669,8,2.2736229423712372e-05,15.424647456915272,VBN,VB,0,batter,0,0,0,1,0,1,0,1,0,0,-1
1,battle,2,0.0001679543164259,0.0,0.0,6,0.0001743110922484,12.486048001579416,NN,NN,0,battl,1,0,0,0,0,1,0,0,0,0,-1
1,battlefield,1,8.397715821296607e-05,2.321928094887362,0.0001949889229834,11,1.5157486282474914e-05,16.009609957636428,NN,NN,0,battlefield,0,0,0,1,0,1,0,0,0,0,-1
1,beating,1,8.397715821296607e-05,0.5145731728297582,4.321239274687254e-05,7,9.852366083608696e-05,13.309170239495336,NN,NN,0,beat,1,0,0,1,0,1,0,1,0,0,-1
1,beautiful,3,0.0002519314746388,0.5145731728297582,0.0001296371782406,9,0.0001591536059659,12.617292534857668,JJ,JJ,0,beauti,0,0,0,0,1,0,1,0,0,0,1
1,beauty,2,0.0001679543164259,0.15200309344505,2.552957565419047e-05,6,0.0001591536059659,12.617292534857668,NN,NN,0,beauti,0,0,0,0,1,0,1,0,0,0,1
1,bias,2,0.0001679543164259,0.5145731728297582,8.642478549374508e-05,4,0.0001667323491072,12.550178338999132,NNP,NN,0,bia,1,0,0,0,0,1,0,0,0,0,-1
1,birth,1,8.397715821296607e-05,0.15200309344505,1.2764787827095236e-05,5,0.0002197835510958,12.151628962508855,NN,NN,0,birth,0,1,0,1,1,0,1,0,0,1,1
1,birthday,1,8.397715821296607e-05,0.5145731728297582,4.321239274687254e-05,8,0.0001439961196835,12.761682444192845,NN,NN,0,birthday,0,1,0,0,1,0,1,0,1,0,1
1,black,16,0.0013436345314074,0.0,0.0,5,0.0027586625034104,8.501815317437732,NNP,NN,0,black,0,0,0,0,0,1,0,1,0,0,-1
1,blackness,1,8.397715821296607e-05,3.321928094887362,0.0002789660811964,9,7.578743141237457e-06,17.009609957636428,NN,NN,0,black,0,0,0,1,0,1,0,1,0,0,-1
1,bloated,1,8.397715821296607e-05,3.321928094887362,0.0002789660811964,7,7.578743141237457e-06,17.009609957636428,VBN,VB,0,bloat,0,0,1,0,0,1,0,0,0,0,-1
1,blunder,1,8.397715821296607e-05,3.321928094887362,0.0002789660811964,7,7.578743141237457e-06,17.009609957636428,NN,NN,0,blunder,0,0,1,0,0,1,0,1,0,0,-1
1,bottom,1,8.397715821296607e-05,2.321928094887362,0.0001949889229834,6,1.5157486282474914e-05,16.009609957636428,NN,NN,0,bottom,0,0,0,0,0,1,0,1,0,0,-1
1,boy,5,0.0004198857910648,0.3219280948873623,0.0001351730327877,3,0.0003031497256494,11.687681862749066,NN,NN,0,boy,0,0,1,0,0,1,0,0,0,0,-1
1,brilliant,1,8.397715821296607e-05,1.0,8.397715821296607e-05,9,7.578743141237457e-05,13.687681862749066,JJ,JJ,0,brilliant,0,1,0,0,1,0,1,0,0,1,1
1,broke,2,0.0001679543164259,0.3219280948873623,5.406921311510957e-05,5,0.0001061024039773,13.202255035578824,VBD,VB,0,broke,0,0,0,1,0,1,0,1,0,0,-1
1,broken,2,0.0001679543164259,1.0,0.0001679543164259,6,7.578743141237457e-05,13.687681862749066,JJ,JJ,0,broken,1,0,0,1,0,1,0,1,0,0,-1
1,brother,5,0.0004198857910648,0.0,0.0,7,0.0002122048079546,12.202255035578824,NN,NN,0,brother,0,0,0,0,0,0,1,0,0,1,1
1,buck,1,8.397715821296607e-05,0.7369655941662062,6.188827629880804e-05,4,4.5472458847424745e-05,14.424647456915272,NN,NN,0,buck,0,0,0,1,0,1,1,0,1,0,0
1,buffet,1,8.397715821296607e-05,1.7369655941662063,0.0001458654345117,6,2.2736229423712372e-05,15.424647456915272,NN,NN,0,buffet,1,0,0,0,0,1,0,0,0,0,-1
1,calls,1,8.397715821296607e-05,1.0,8.397715821296607e-05,5,8.336617455361203e-05,13.550178338999132,VBZ,VB,0,call,0,1,0,0,0,1,0,0,0,1,-1
1,career,3,0.0002519314746388,0.0,0.0,6,0.0003334646982144,11.550178338999132,NN,NN,0,career,0,1,0,0,0,0,1,0,0,0,1
1,case,2,0.0001679543164259,0.0,0.0,4,0.0003562009276381,11.45502110595879,NN,NN,0,case,0,0,0,1,0,1,0,1,0,0,-1
1,casket,1,8.397715821296607e-05,2.321928094887362,0.0001949889229834,6,1.5157486282474914e-05,16.009609957636428,NN,NN,0,casket,0,0,0,1,0,1,0,1,0,0,-1
1,celebrated,1,8.397715821296607e-05,1.3219280948873624,0.0001110117647705,10,6.0629945129899655e-05,14.009609957636428,JJ,VB,0,celebr,0,1,0,0,1,0,1,0,0,0,1
1,celebrating,1,8.397715821296607e-05,1.0,8.397715821296607e-05,11,4.5472458847424745e-05,14.424647456915272,VBG,VB,0,celebr,0,1,0,0,1,0,1,0,0,0,1
1,celebration,1,8.397715821296607e-05,0.3219280948873623,2.7034606557554786e-05,11,9.852366083608696e-05,13.309170239495336,NN,NN,0,celebr,0,1,0,0,1,0,1,0,1,1,1
1,center,5,0.0004198857910648,0.0,0.0,6,0.0003183072119319,11.617292534857668,NNP,NN,0,center,0,0,0,0,0,0,1,0,0,1,1
1,chairman,5,0.0004198857910648,0.0,0.0,8,0.0003713584139206,11.39490011352122,NN,NN,0,chairman,0,0,0,0,0,0,1,0,0,1,1
1,challenge,1,8.397715821296607e-05,1.3219280948873624,0.0001110117647705,9,3.0314972564949827e-05,15.009609957636428,NN,NN,0,challeng,1,0,0,1,0,1,0,0,0,0,-1
1,champion,4,0.0003359086328518,0.0,0.0,8,0.0002500985236608,11.965215838277976,NN,NN,0,champion,0,1,0,0,1,0,1,0,0,1,1
1,child,1,8.397715821296607e-05,0.0,0.0,5,0.0002955709825082,11.72420773877418,NN,NN,0,child,0,1,0,0,1,0,1,0,0,0,1
1,church,5,0.0004198857910648,0.0,0.0,6,0.0007351380847,10.4096971154493,NNP,NN,0,church,0,1,0,0,1,0,1,0,0,1,1
1,coffin,1,8.397715821296607e-05,3.321928094887362,0.0002789660811964,6,7.578743141237457e-06,17.009609957636428,NN,NN,0,coffin,0,0,0,1,0,1,0,1,0,0,-1
1,commanding,2,0.0001679543164259,3.321928094887362,0.0005579321623929,10,1.5157486282474914e-05,16.009609957636428,VBG,VB,0,command,0,0,0,0,0,0,1,0,0,1,1
1,commemorate,1,8.397715821296607e-05,3.321928094887362,0.0002789660811964,11,7.578743141237457e-06,17.009609957636428,VB,VB,0,commemor,0,1,0,0,1,0,1,1,0,0,1
1,communicate,1,8.397715821296607e-05,3.321928094887362,0.0002789660811964,11,7.578743141237457e-06,17.009609957636428,VB,VB,0,commun,0,0,0,0,0,0,1,0,0,1,1
1,competition,1,8.397715821296607e-05,1.7369655941662063,0.0001458654345117,11,2.2736229423712372e-05,15.424647456915272,NN,NN,0,competit,0,1,0,0,0,1,0,0,0,0,-1
1,completion,1,8.397715821296607e-05,2.321928094887362,0.0001949889229834,10,1.5157486282474914e-05,16.009609957636428,NN,NN,0,complet,0,1,0,0,1,0,1,0,0,0,1
1,compliance,1,8.397715821296607e-05,1.3219280948873624,0.0001110117647705,10,4.5472458847424745e-05,14.424647456915272,NN,NN,0,complianc,0,0,0,0,0,0,1,0,0,1,1
1,comrade,1,8.397715821296607e-05,3.321928094887362,0.0002789660811964,7,7.578743141237457e-06,17.009609957636428,NN,NN,0,comrad,0,0,0,0,0,0,1,0,0,1,1
1,concealment,1,8.397715821296607e-05,2.321928094887362,0.0001949889229834,11,1.5157486282474914e-05,16.009609957636428,NN,NN,0,conceal,1,1,0,1,0,1,0,0,0,0,-1
1,confident,1,8.397715821296607e-05,1.3219280948873624,0.0001110117647705,9,3.0314972564949827e-05,15.009609957636428,JJ,JJ,0,confid,0,0,0,0,1,0,1,0,0,1,1
1,congress,1,8.397715821296607e-05,0.5145731728297582,4.321239274687254e-05,8,0.0002197835510958,12.151628962508855,NNP,NN,0,congress,0,0,1,0,0,0,0,0,0,1,0
1,conscientious,1,8.397715821296607e-05,3.321928094887362,0.0002789660811964,13,7.578743141237457e-06,17.009609957636428,JJ,JJ,0,conscienti,0,0,0,0,0,0,1,0,0,1,1
1,constant,1,8.397715821296607e-05,1.7369655941662063,0.0001458654345117,8,2.2736229423712372e-05,15.424647456915272,JJ,JJ,0,constant,0,0,0,0,0,0,1,0,0,1,1
1,continue,4,0.0003359086328518,0.5145731728297582,0.0001728495709874,8,0.0001136811471185,13.10271936202791,VB,VB,0,continu,0,1,0,0,0,0,1,0,0,1,1
1,controversial,1,8.397715821296607e-05,1.0,8.397715821296607e-05,13,3.7893715706187286e-05,14.687681862749066,JJ,JJ,0,controversi,1,0,0,0,0,1,0,0,0,0,-1
1,cop,8,0.0006718172657037,0.3219280948873623,0.0002162768524604,3,0.0002273622942371,12.10271936202791,NNP,NN,0,cop,0,0,0,1,0,0,0,0,0,1,0
1,correspondence,1,8.397715821296607e-05,2.321928094887362,0.0001949889229834,14,1.5157486282474914e-05,16.009609957636428,NN,NN,0,correspond,0,1,0,0,0,0,1,0,0,0,1
1,corruption,1,8.397715821296607e-05,3.321928094887362,0.0002789660811964,10,7.578743141237457e-06,17.009609957636428,NN,NN,0,corrupt,0,0,1,0,0,1,0,0,0,0,-1
1,council,7,0.0005878401074907,0.15200309344505,8.935351478966665e-05,7,0.0002349410373783,12.055413647249551,NNP,NN,0,council,0,1,0,0,0,0,1,0,0,1,1
1,count,3,0.0002519314746388,0.5145731728297582,0.0001296371782406,5,0.0001364173765422,12.839684956194116,NNP,NN,0,count,0,0,0,0,0,0,1,0,0,1,1
1,courageous,1,8.397715821296607e-05,2.321928094887362,0.0001949889229834,10,1.5157486282474914e-05,16.009609957636428,JJ,JJ,0,courag,0,0,0,1,0,0,1,0,0,0,1
1,court,6,0.0005038629492777,0.0,0.0,5,0.0010003940946433,9.965215838277976,NNP,NN,0,court,1,1,0,1,0,0,0,0,0,0,0
1,credit,1,8.397715821296607e-05,0.7369655941662062,6.188827629880804e-05,6,7.578743141237457e-05,13.687681862749066,NN,NN,0,credit,0,0,0,0,0,0,1,0,0,1,1
1,crippled,1,8.397715821296607e-05,2.321928094887362,0.0001949889229834,8,1.5157486282474914e-05,16.009609957636428,VBD,VB,0,crippl,0,0,0,0,0,1,0,1,0,0,-1
1,cross,1,8.397715821296607e-05,1.3219280948873624,0.0001110117647705,5,6.0629945129899655e-05,14.009609957636428,NNP,NN,0,cross,1,0,0,1,0,1,0,1,0,0,-1
1,cruelty,1,8.397715821296607e-05,2.321928094887362,0.0001949889229834,7,2.2736229423712372e-05,15.424647456915272,NN,NN,0,cruelti,1,0,1,1,0,1,0,1,0,0,-1
1,crushing,1,8.397715821296607e-05,3.321928094887362,0.0002789660811964,8,7.578743141237457e-06,17.009609957636428,VBG,VB,0,crush,1,0,1,1,0,1,0,0,0,0,-1
1,cry,1,8.397715821296607e-05,1.3219280948873624,0.0001110117647705,3,3.0314972564949827e-05,15.009609957636428,NN,NN,0,cri,0,0,0,0,0,1,0,1,0,0,-1
1,damage,1,8.397715821296607e-05,0.5145731728297582,4.321239274687254e-05,6,0.000128838633401,12.922147116386087,NN,NN,0,damag,1,0,1,0,0,1,0,1,0,0,-1
1,dance,4,0.0003359086328518,0.0,0.0,5,0.0002349410373783,12.055413647249551,NN,NN,0,danc,0,0,0,0,1,0,1,0,0,1,1
1,darkened,2,0.0001679543164259,3.321928094887362,0.0005579321623929,8,1.5157486282474914e-05,16.009609957636428,VBD,VB,0,darken,0,0,0,1,0,1,0,1,0,0,-1
1,daughter,5,0.0004198857910648,0.15200309344505,6.382393913547617e-05,8,0.0003865159002031,11.337184615664931,NN,NN,0,daughter,0,0,0,0,1,0,1,0,0,0,1
1,death,6,0.0005038629492777,0.0,0.0,5,0.0005229332767453,10.90108550085826,NN,NN,0,death,1,1,1,1,0,1,0,1,1,0,-1
1,debris,1,8.397715821296607e-05,3.321928094887362,0.0002789660811964,6,7.578743141237457e-06,17.009609957636428,NN,NN,0,debri,0,0,1,0,0,1,0,0,0,0,-1
1,defeated,1,8.397715821296607e-05,1.3219280948873624,0.0001110117647705,8,3.0314972564949827e-05,15.009609957636428,VBD,VB,0,defeat,0,0,0,0,0,1,0,1,0,0,-1
1,defend,1,8.397715821296607e-05,2.321928094887362,0.0001949889229834,6,2.2736229423712372e-05,15.424647456915272,VB,VB,0,defend,0,0,0,1,0,0,1,0,0,0,1
1,defender,1,8.397715821296607e-05,1.7369655941662063,0.0001458654345117,8,2.2736229423712372e-05,15.424647456915272,NNP,NN,0,defend,0,0,0,0,0,0,1,0,0,1,1
1,defense,6,0.0005038629492777,0.15200309344505,7.65887269625714e-05,7,0.0002955709825082,11.72420773877418,NN,NN,0,defens,1,1,0,1,0,0,1,0,0,0,1
1,defiant,1,8.397715821296607e-05,3.321928094887362,0.0002789660811964,7,7.578743141237457e-06,17.009609957636428,JJ,JJ,0,defiant,1,0,0,0,0,1,0,0,0,0,-1
1,delegate,1,8.397715821296607e-05,0.7369655941662062,6.188827629880804e-05,8,6.820868827113711e-05,13.839684956194116,NN,NN,0,deleg,0,0,0,0,0,0,1,0,0,1,1
1,deluge,1,8.397715821296607e-05,3.321928094887362,0.0002789660811964,6,7.578743141237457e-06,17.009609957636428,VBP,VB,0,delug,0,0,0,1,0,1,0,1,1,0,-1
1,demand,1,8.397715821296607e-05,1.7369655941662063,0.0001458654345117,6,3.0314972564949827e-05,15.009609957636428,NN,NN,0,demand,1,0,0,0,0,1,0,0,0,0,-1
1,denied,3,0.0002519314746388,0.15200309344505,3.82943634812857e-05,6,0.0001667323491072,12.550178338999132,VBD,VB,0,deni,0,0,0,0,0,1,0,1,0,0,-1
1,depend,1,8.397715821296607e-05,2.321928094887362,0.0001949889229834,6,1.5157486282474914e-05,16.009609957636428,VB,VB,0,depend,0,1,0,0,0,0,0,0,0,1,0
1,deserted,1,8.397715821296607e-05,1.7369655941662063,0.0001458654345117,8,2.2736229423712372e-05,15.424647456915272,VBD,VB,0,desert,1,0,1,1,0,1,0,1,0,0,-1
1,devastating,1,8.397715821296607e-05,2.321928094887362,0.0001949889229834,11,2.2736229423712372e-05,15.424647456915272,VBG,VB,0,devast,1,0,1,1,0,1,0,1,0,1,-1
1,dictatorial,1,8.397715821296607e-05,3.321928094887362,0.0002789660811964,11,7.578743141237457e-06,17.009609957636428,JJ,JJ,0,dictatori,1,0,0,0,0,1,0,0,0,0,-1
1,difficulties,1,8.397715821296607e-05,2.321928094887362,0.0001949889229834,12,1.5157486282474914e-05,16.009609957636428,NNS,NN,0,difficulti,0,0,0,0,0,1,0,1,0,0,-1
1,dilapidated,1,8.397715821296607e-05,3.321928094887362,0.0002789660811964,11,7.578743141237457e-06,17.009609957636428,JJ,JJ,0,dilapid,0,0,1,0,0,1,0,1,0,0,-1
1,director,7,0.0005878401074907,0.0,0.0,8,0.0006593506532876,10.5666664617877,NN,NN,0,director,0,0,0,0,0,0,1,0,0,1,1
1,discontent,2,0.0001679543164259,3.321928094887362,0.0005579321623929,10,1.5157486282474914e-05,16.009609957636428,NN,NN,0,discont,1,0,1,1,0,1,0,1,0,0,-1
1,discriminate,2,0.0001679543164259,3.321928094887362,0.0005579321623929,12,1.5157486282474914e-05,16.009609957636428,NN,NN,0,discrimin,1,0,0,0,0,1,0,1,0,0,-1
1,discriminating,1,8.397715821296607e-05,1.7369655941662063,0.0001458654345117,14,2.2736229423712372e-05,15.424647456915272,VBG,VB,0,discrimin,0,0,1,0,0,1,0,0,0,0,-1
1,discrimination,3,0.0002519314746388,0.15200309344505,3.82943634812857e-05,14,0.000287992239367,11.761682444192845,NN,NN,0,discrimin,1,0,1,1,0,1,0,1,0,0,-1
1,disease,1,8.397715821296607e-05,1.0,8.397715821296607e-05,7,8.336617455361203e-05,13.550178338999132,NN,NN,0,diseas,1,0,1,1,0,1,0,1,0,0,-1
1,disobedient,1,8.397715821296607e-05,3.321928094887362,0.0002789660811964,11,7.578743141237457e-06,17.009609957636428,NN,NN,0,disobedi,1,0,0,0,0,1,0,0,0,0,-1
1,displeased,1,8.397715821296607e-05,3.321928094887362,0.0002789660811964,10,7.578743141237457e-06,17.009609957636428,VBN,VB,0,displeas,1,0,1,1,0,1,0,1,0,0,-1
1,dissension,1,8.397715821296607e-05,3.321928094887362,0.0002789660811964,10,7.578743141237457e-06,17.009609957636428,NN,NN,0,dissens,1,0,0,0,0,1,0,0,0,0,-1
1,divorce,3,0.0002519314746388,0.7369655941662062,0.0001856648288964,7,0.0001743110922484,12.486048001579416,NN,NN,0,divorc,1,0,1,1,0,1,0,1,1,1,-1
1,doctor,1,8.397715821296607e-05,0.0,0.0,6,0.0002425197805195,12.009609957636428,NN,NN,0,doctor,0,0,0,0,0,0,1,0,0,1,1
1,don,11,0.0009237487403426,0.0,0.0,3,0.0009397641495134,10.055413647249551,NNP,NN,1,don,0,0,0,0,0,0,1,0,0,1,1
1,doubt,2,0.0001679543164259,1.3219280948873624,0.000222023529541,5,6.0629945129899655e-05,14.009609957636428,NN,NN,0,doubt,0,0,0,1,0,1,0,1,0,1,-1
1,dull,1,8.397715821296607e-05,1.7369655941662063,0.0001458654345117,4,2.2736229423712372e-05,15.424647456915272,JJ,JJ,0,dull,0,0,0,0,0,1,0,1,0,0,-1
1,effective,2,0.0001679543164259,0.7369655941662062,0.0001237765525976,9,6.820868827113711e-05,13.839684956194116,JJ,JJ,0,effect,0,0,0,0,0,0,1,0,0,1,1
1,elder,1,8.397715821296607e-05,1.0,8.397715821296607e-05,5,3.7893715706187286e-05,14.687681862749066,NN,NN,0,elder,0,0,0,0,0,0,1,0,0,1,1
1,elegant,1,8.397715821296607e-05,1.0,8.397715821296607e-05,7,4.5472458847424745e-05,14.424647456915272,JJ,JJ,0,eleg,0,0,0,0,1,0,1,0,0,0,1
1,elite,1,8.397715821296607e-05,1.0,8.397715821296607e-05,5,3.7893715706187286e-05,14.687681862749066,JJ,JJ,0,elit,0,1,0,0,1,0,1,0,0,1,1
1,emergency,1,8.397715821296607e-05,1.3219280948873624,0.0001110117647705,9,3.7893715706187286e-05,14.687681862749066,NN,NN,0,emerg,0,0,0,1,0,1,0,1,1,0,-1
1,entertained,1,8.397715821296607e-05,1.0,8.397715821296607e-05,11,4.5472458847424745e-05,14.424647456915272,VBD,VB,0,entertain,0,0,0,0,1,0,1,0,0,0,1
1,entertainment,2,0.0001679543164259,0.0,0.0,13,0.0001743110922484,12.486048001579416,NNP,NN,0,entertain,0,1,0,0,1,0,1,0,1,1,1
1,equality,1,8.397715821296607e-05,1.7369655941662063,0.0001458654345117,8,3.0314972564949827e-05,15.009609957636428,NN,NN,0,equal,0,0,0,0,1,0,1,0,0,1,1
1,error,1,8.397715821296607e-05,1.3219280948873624,0.0001110117647705,5,3.7893715706187286e-05,14.687681862749066,NN,NN,0,error,0,0,0,0,0,1,0,1,0,0,-1
1,examination,1,8.397715821296607e-05,1.3219280948873624,0.0001110117647705,11,3.0314972564949827e-05,15.009609957636428,NN,NN,0,examin,0,0,0,1,0,1,0,0,1,0,-1
1,excited,1,8.397715821296607e-05,1.3219280948873624,0.0001110117647705,7,3.7893715706187286e-05,14.687681862749066,JJ,JJ,0,excit,0,1,0,0,1,0,1,0,1,1,1
1,explain,1,8.397715821296607e-05,1.3219280948873624,0.0001110117647705,7,3.7893715706187286e-05,14.687681862749066,VB,VB,0,explain,0,0,0,0,0,0,1,0,0,1,1
1,facts,1,8.397715821296607e-05,1.0,8.397715821296607e-05,5,5.30512019886622e-05,14.202255035578824,NNS,NN,0,fact,0,0,0,0,0,0,1,0,0,1,1
1,faculty,4,0.0003359086328518,1.3219280948873624,0.000444047059082,7,7.578743141237457e-05,13.687681862749066,NN,NN,0,faculti,0,0,0,0,0,0,1,0,0,1,1
1,fairly,1,8.397715821296607e-05,2.321928094887362,0.0001949889229834,6,1.5157486282474914e-05,16.009609957636428,NNP,NN,0,fairli,0,0,0,0,0,0,1,0,0,1,1
1,faith,1,8.397715821296607e-05,1.7369655941662063,0.0001458654345117,5,2.2736229423712372e-05,15.424647456915272,NNP,NN,0,faith,0,1,0,0,1,0,1,0,0,1,1
1,fall,2,0.0001679543164259,0.3219280948873623,5.406921311510957e-05,4,0.0001364173765422,12.839684956194116,NN,NN,0,fall,0,0,0,0,0,1,0,1,0,0,-1
1,fat,1,8.397715821296607e-05,1.0,8.397715821296607e-05,3,7.578743141237457e-05,13.687681862749066,NNP,NN,0,fat,0,0,1,0,0,1,0,1,0,0,-1
1,fatality,1,8.397715821296607e-05,3.321928094887362,0.0002789660811964,8,7.578743141237457e-06,17.009609957636428,NN,NN,0,fatal,0,0,0,1,0,1,0,1,0,0,-1
1,fate,1,8.397715821296607e-05,2.321928094887362,0.0001949889229834,4,1.5157486282474914e-05,16.009609957636428,NN,NN,0,fate,0,1,0,0,0,1,0,0,0,0,-1
1,favorite,2,0.0001679543164259,0.7369655941662062,0.0001237765525976,8,9.852366083608696e-05,13.309170239495336,JJ,JJ,0,favorit,0,0,0,0,1,0,1,0,0,1,1
1,feeling,2,0.0001679543164259,0.3219280948873623,5.406921311510957e-05,7,0.0001591536059659,12.617292534857668,NN,NN,0,feel,1,1,1,1,1,1,1,1,1,1,0
1,fell,2,0.0001679543164259,1.3219280948873624,0.000222023529541,4,6.0629945129899655e-05,14.009609957636428,VBD,VB,0,fell,0,0,0,0,0,1,0,1,0,0,-1
1,fellow,3,0.0002519314746388,0.7369655941662062,0.0001856648288964,6,7.578743141237457e-05,13.687681862749066,NN,NN,0,fellow,0,0,0,0,0,0,1,0,0,1,1
1,fight,6,0.0005038629492777,0.0,0.0,5,0.000416830872768,11.228250244111768,NN,NN,0,fight,1,0,0,1,0,1,0,0,0,0,-1
1,fighting,3,0.0002519314746388,0.5145731728297582,0.0001296371782406,8,9.094491769484948e-05,13.424647456915272,VBG,VB,0,fight,1,0,0,0,0,1,0,0,0,0,-1
1,finally,1,8.397715821296607e-05,0.3219280948873623,2.7034606557554786e-05,7,0.0001364173765422,12.839684956194116,RB,RB,0,final,0,1,1,0,1,0,1,0,1,1,1
1,flagrant,1,8.397715821296607e-05,2.321928094887362,0.0001949889229834,8,1.5157486282474914e-05,16.009609957636428,JJ,JJ,0,flagrant,1,0,1,0,0,1,0,0,0,0,-1
1,flee,1,8.397715821296607e-05,1.7369655941662063,0.0001458654345117,4,2.2736229423712372e-05,15.424647456915272,VB,VB,0,flee,0,0,0,1,0,1,0,0,0,0,-1
1,flying,3,0.0002519314746388,1.0,0.0002519314746388,6,5.30512019886622e-05,14.202255035578824,VBG,VB,0,fli,0,0,0,1,0,0,1,0,0,0,1
1,food,1,8.397715821296607e-05,0.3219280948873623,2.7034606557554786e-05,4,0.0001970473216721,12.309170239495336,NN,NN,0,food,0,0,0,0,1,0,1,0,0,1,1
1,football,7,0.0005878401074907,0.15200309344505,8.935351478966665e-05,8,0.0002046260648134,12.25472245547296,NN,NN,0,footbal,0,1,0,0,1,0,1,0,0,0,1
1,force,7,0.0005878401074907,0.15200309344505,8.935351478966665e-05,5,0.0002500985236608,11.965215838277976,NNP,NN,0,forc,1,0,0,1,0,1,0,0,0,0,-1
1,forced,2,0.0001679543164259,0.15200309344505,2.552957565419047e-05,6,0.0001515748628247,12.687681862749066,VBN,VB,0,forc,0,0,0,1,0,1,0,0,0,0,-1
1,fortune,1,8.397715821296607e-05,0.7369655941662062,6.188827629880804e-05,7,6.820868827113711e-05,13.839684956194116,NN,NN,0,fortun,0,1,0,0,1,0,1,0,1,1,1
1,found,5,0.0004198857910648,0.0,0.0,5,0.0004698820747567,11.055413647249551,VBD,VB,0,found,0,0,0,0,1,0,1,0,0,1,1
1,frank,3,0.0002519314746388,0.0,0.0,5,0.000257677266802,11.922147116386087,NNP,NN,0,frank,0,0,0,0,0,0,1,0,0,1,1
1,freedom,2,0.0001679543164259,0.7369655941662062,0.0001237765525976,7,0.0001061024039773,13.202255035578824,NN,NN,0,freedom,0,0,0,0,1,0,1,0,0,1,1
1,friend,2,0.0001679543164259,0.15200309344505,2.552957565419047e-05,6,0.0002122048079546,12.202255035578824,NN,NN,0,friend,0,0,0,0,1,0,1,0,0,1,1
1,friendship,1,8.397715821296607e-05,1.7369655941662063,0.0001458654345117,10,2.2736229423712372e-05,15.424647456915272,NN,NN,0,friendship,0,0,0,0,1,0,1,0,0,1,1
1,frightened,1,8.397715821296607e-05,1.7369655941662063,0.0001458654345117,10,3.0314972564949827e-05,15.009609957636428,JJ,JJ,0,frighten,0,0,0,1,0,1,0,0,1,0,-1
1,fully,2,0.0001679543164259,2.321928094887362,0.0003899778459669,5,2.2736229423712372e-05,15.424647456915272,RB,RB,0,fulli,0,0,0,0,0,0,1,0,0,1,1
1,fun,1,8.397715821296607e-05,1.7369655941662063,0.0001458654345117,3,3.7893715706187286e-05,14.687681862749066,NN,NN,0,fun,0,1,0,0,1,0,1,0,0,0,1
1,gang,1,8.397715821296607e-05,1.3219280948873624,0.0001110117647705,4,4.5472458847424745e-05,14.424647456915272,NN,NN,0,gang,1,0,0,1,0,1,0,0,0,0,-1
1,general,9,0.0007557944239166,0.15200309344505,0.0001148830904438,7,0.0004319883590505,11.176719943471689,NNP,NN,0,gener,0,0,0,0,0,0,1,0,0,1,1
1,germ,1,8.397715821296607e-05,3.321928094887362,0.0002789660811964,4,7.578743141237457e-06,17.009609957636428,NN,NN,0,germ,0,1,1,0,0,0,0,0,0,0,0
1,ghetto,1,8.397715821296607e-05,3.321928094887362,0.0002789660811964,6,7.578743141237457e-06,17.009609957636428,NN,NN,0,ghetto,0,0,1,1,0,1,0,1,0,0,-1
1,god,1,8.397715821296607e-05,0.15200309344505,1.2764787827095236e-05,3,0.0001439961196835,12.761682444192845,NNP,NN,0,god,0,1,0,1,1,0,1,0,0,1,1
1,good,6,0.0005038629492777,0.0,0.0,4,0.0007502955709825,10.38025333755682,JJ,JJ,0,good,0,1,0,0,1,0,1,0,1,1,1
1,gospel,1,8.397715821296607e-05,0.7369655941662062,6.188827629880804e-05,6,7.578743141237457e-05,13.687681862749066,NNP,NN,0,gospel,0,0,0,0,0,0,1,0,0,1,1
1,government,2,0.0001679543164259,0.0,0.0,10,0.0004016733864855,11.28168950307323,NN,NN,0,govern,0,0,0,1,0,1,0,0,0,0,-1
1,grant,2,0.0001679543164259,0.7369655941662062,0.0001237765525976,5,7.578743141237457e-05,13.687681862749066,NNP,NN,0,grant,0,1,0,0,1,0,1,0,0,1,1
1,grave,1,8.397715821296607e-05,1.7369655941662063,0.0001458654345117,5,3.0314972564949827e-05,15.009609957636428,NN,NN,0,grave,0,0,0,1,0,1,0,1,0,0,-1
1,gross,6,0.0005038629492777,1.7369655941662063,0.0008751926070706,5,6.0629945129899655e-05,14.009609957636428,NNP,NN,0,gross,0,0,1,0,0,1,0,0,0,0,-1
1,guard,7,0.0005878401074907,0.7369655941662062,0.0004332179340916,5,0.0001439961196835,12.761682444192845,NNP,NN,0,guard,0,0,0,1,0,0,1,0,0,1,1
1,guide,1,8.397715821296607e-05,1.0,8.397715821296607e-05,5,5.30512019886622e-05,14.202255035578824,NNP,NN,0,guid,0,0,0,0,0,0,1,0,0,1,1
1,happy,1,8.397715821296607e-05,0.3219280948873623,2.7034606557554786e-05,5,0.0001667323491072,12.550178338999132,JJ,JJ,0,happi,0,1,0,0,1,0,1,0,0,1,1
1,harry,2,0.0001679543164259,0.3219280948873623,5.406921311510957e-05,5,0.0001212598902597,13.009609957636428,NNP,NN,0,harri,1,0,0,0,0,1,0,1,0,0,-1
1,haven,2,0.0001679543164259,1.3219280948873624,0.000222023529541,5,6.820868827113711e-05,13.839684956194116,NN,VB,1,haven,0,0,0,0,0,0,1,0,0,1,1
1,hazard,1,8.397715821296607e-05,3.321928094887362,0.0002789660811964,6,7.578743141237457e-06,17.009609957636428,VB,VB,0,hazard,0,0,0,1,0,1,0,0,0,0,-1
1,hearing,4,0.0003359086328518,0.3219280948873623,0.0001081384262302,7,0.0001212598902597,13.009609957636428,NN,NN,0,hear,0,0,0,1,0,1,0,0,0,0,-1
1,hell,1,8.397715821296607e-05,1.0,8.397715821296607e-05,4,3.7893715706187286e-05,14.687681862749066,NN,NN,0,hell,1,0,1,1,0,1,0,1,0,0,-1
1,hemorrhage,1,8.397715821296607e-05,1.7369655941662063,0.0001458654345117,10,2.2736229423712372e-05,15.424647456915272,NN,NN,0,hemorrhag,0,0,1,1,0,1,0,1,0,0,-1
1,hero,2,0.0001679543164259,1.0,0.0001679543164259,4,6.820868827113711e-05,13.839684956194116,NN,NN,0,hero,0,1,0,0,1,0,1,0,1,1,1
1,heroic,1,8.397715821296607e-05,3.321928094887362,0.0002789660811964,6,7.578743141237457e-06,17.009609957636428,JJ,JJ,0,heroic,0,0,0,0,1,0,1,0,1,1,1
1,highest,4,0.0003359086328518,0.3219280948873623,0.0001081384262302,7,0.000128838633401,12.922147116386087,JJS,JJ,0,highest,0,1,0,1,1,1,1,0,1,0,0
1,hire,5,0.0004198857910648,1.3219280948873624,0.0005550588238526,4,6.820868827113711e-05,13.839684956194116,VB,VB,0,hire,0,1,0,0,1,0,1,0,0,1,1
1,hit,10,0.0008397715821296,0.0,0.0,3,0.0004547245884742,11.10271936202791,VBD,VB,0,hit,1,0,0,0,0,1,0,0,0,0,-1
1,honor,6,0.0005038629492777,0.3219280948873623,0.0001622076393453,5,0.0001818898353896,12.424647456915272,NN,NN,0,honor,0,0,0,0,0,0,1,0,0,1,1
1,hope,1,8.397715821296607e-05,0.0,0.0,4,0.0001212598902597,13.009609957636428,VBP,VB,0,hope,0,1,0,0,1,0,1,0,1,1,1
1,hospital,9,0.0007557944239166,0.0,0.0,8,0.0008563979749598,10.18943099522124,NNP,NN,0,hospit,0,0,0,1,0,0,0,1,0,1,0
1,humanitarian,1,8.397715821296607e-05,3.321928094887362,0.0002789660811964,12,7.578743141237457e-06,17.009609957636428,JJ,JJ,0,humanitarian,0,1,0,0,1,0,1,0,1,1,1
1,hunter,2,0.0001679543164259,0.7369655941662062,0.0001237765525976,6,7.578743141237457e-05,13.687681862749066,NNP,NN,0,hunter,0,1,0,1,0,1,0,1,0,0,-1
1,hurt,4,0.0003359086328518,1.3219280948873624,0.000444047059082,4,0.0001136811471185,13.10271936202791,NNP,VB,0,hurt,1,0,0,1,0,1,0,1,0,0,-1
1,illness,4,0.0003359086328518,0.5145731728297582,0.0001728495709874,7,9.094491769484948e-05,13.424647456915272,NN,NN,0,ill,0,0,0,1,0,1,0,1,0,0,-1
1,important,1,8.397715821296607e-05,0.15200309344505,1.2764787827095236e-05,9,0.0001818898353896,12.424647456915272,JJ,JJ,0,import,0,0,0,0,0,0,1,0,0,1,1
1,impossible,1,8.397715821296607e-05,1.7369655941662063,0.0001458654345117,10,2.2736229423712372e-05,15.424647456915272,JJ,JJ,0,imposs,0,0,0,0,0,1,0,1,0,0,-1
1,improve,1,8.397715821296607e-05,1.0,8.397715821296607e-05,7,4.5472458847424745e-05,14.424647456915272,VB,VB,0,improv,0,1,0,0,1,0,1,0,0,1,1
1,inability,1,8.397715821296607e-05,3.321928094887362,0.0002789660811964,9,7.578743141237457e-06,17.009609957636428,NN,NN,0,inabl,0,0,0,0,0,1,0,1,0,0,-1
1,indignant,1,8.397715821296607e-05,3.321928094887362,0.0002789660811964,9,7.578743141237457e-06,17.009609957636428,JJ,JJ,0,indign,1,0,0,0,0,1,0,0,0,0,-1
1,indignation,1,8.397715821296607e-05,3.321928094887362,0.0002789660811964,11,7.578743141237457e-06,17.009609957636428,NN,NN,0,indign,1,0,1,0,0,1,0,0,0,0,-1
1,influence,1,8.397715821296607e-05,1.0,8.397715821296607e-05,9,9.094491769484948e-05,13.424647456915272,NN,NN,0,influenc,0,0,0,0,0,1,1,0,0,0,0
1,inimitable,1,8.397715821296607e-05,1.7369655941662063,0.0001458654345117,10,2.2736229423712372e-05,15.424647456915272,JJ,JJ,0,inimit,0,0,0,0,0,0,1,0,0,1,1
1,injured,3,0.0002519314746388,0.7369655941662062,0.0001856648288964,7,6.820868827113711e-05,13.839684956194116,JJ,JJ,0,injur,0,0,0,1,0,1,0,1,0,0,-1
1,inspired,1,8.397715821296607e-05,1.0,8.397715821296607e-05,8,3.7893715706187286e-05,14.687681862749066,VBN,VB,0,inspir,0,0,0,0,1,0,1,0,1,1,1
1,instruction,1,8.397715821296607e-05,2.321928094887362,0.0001949889229834,11,1.5157486282474914e-05,16.009609957636428,NN,NN,0,instruct,0,0,0,0,0,0,1,0,0,1,1
1,integrity,1,8.397715821296607e-05,3.321928094887362,0.0002789660811964,9,7.578743141237457e-06,17.009609957636428,NN,NN,0,integr,0,0,0,0,0,0,1,0,0,1,1
1,interested,3,0.0002519314746388,1.0,0.0002519314746388,10,6.820868827113711e-05,13.839684956194116,JJ,JJ,0,interest,0,0,1,0,0,0,1,1,0,0,1
1,intimate,1,8.397715821296607e-05,1.3219280948873624,0.0001110117647705,8,3.7893715706187286e-05,14.687681862749066,JJ,JJ,0,intim,0,1,0,0,1,0,1,0,0,1,1
1,invitation,1,8.397715821296607e-05,1.7369655941662063,0.0001458654345117,10,2.2736229423712372e-05,15.424647456915272,NN,NN,0,invit,0,1,0,0,0,0,1,0,0,0,1
1,irritation,1,8.397715821296607e-05,3.321928094887362,0.0002789660811964,10,7.578743141237457e-06,17.009609957636428,NN,NN,0,irrit,1,0,1,0,0,1,0,1,0,0,-1
1,jail,2,0.0001679543164259,0.15200309344505,2.552957565419047e-05,4,0.000257677266802,11.922147116386087,NN,NN,0,jail,0,0,0,1,0,1,0,1,0,0,-1
1,john,9,0.0007557944239166,0.0,0.0,4,0.0008412404886773,10.215194091286325,NNP,NN,0,john,0,0,1,0,0,1,0,0,0,0,-1
1,justice,2,0.0001679543164259,0.0,0.0,7,0.0002349410373783,12.055413647249551,NNP,NN,0,justic,0,0,0,0,0,0,1,0,0,1,1
1,kind,1,8.397715821296607e-05,0.0,0.0,4,0.0002046260648134,12.25472245547296,NN,NN,0,kind,0,0,0,0,1,0,1,0,0,1,1
1,kiss,1,8.397715821296607e-05,1.7369655941662063,0.0001458654345117,4,4.5472458847424745e-05,14.424647456915272,NN,NN,0,kiss,0,1,0,0,1,0,1,0,1,0,1
1,labor,2,0.0001679543164259,0.15200309344505,2.552957565419047e-05,5,0.0002804134962257,11.80015659200748,NN,NN,0,labor,0,1,0,0,1,0,1,0,1,1,1
1,late,4,0.0003359086328518,0.0,0.0,4,0.0003031497256494,11.687681862749066,JJ,JJ,0,late,0,0,0,0,0,1,0,1,0,0,-1
1,leader,6,0.0005038629492777,0.0,0.0,6,0.0003107284687907,11.652057953018344,NN,NN,0,leader,0,0,0,0,0,0,1,0,0,1,1
1,lesson,1,8.397715821296607e-05,1.7369655941662063,0.0001458654345117,6,3.0314972564949827e-05,15.009609957636428,NN,NN,0,lesson,0,1,0,0,0,0,1,0,0,1,1
1,liberal,2,0.0001679543164259,1.3219280948873624,0.000222023529541,7,6.820868827113711e-05,13.839684956194116,JJ,JJ,0,liber,0,0,0,0,0,1,1,0,0,0,0
1,loo,1,8.397715821296607e-05,2.321928094887362,0.0001949889229834,3,1.5157486282474914e-05,16.009609957636428,NN,NN,0,loo,0,0,1,0,0,1,0,0,0,0,-1
1,lord,2,0.0001679543164259,1.3219280948873624,0.000222023529541,4,4.5472458847424745e-05,14.424647456915272,NNP,NN,0,lord,0,0,1,0,0,1,1,0,0,1,0
1,lose,3,0.0002519314746388,0.7369655941662062,0.0001856648288964,4,0.0001212598902597,13.009609957636428,VB,VB,0,lose,1,0,1,1,0,1,0,1,1,0,-1
1,lost,2,0.0001679543164259,0.15200309344505,2.552957565419047e-05,4,0.0002046260648134,12.25472245547296,VBD,VB,0,lost,0,0,0,0,0,1,0,1,0,0,-1
1,love,7,0.0005878401074907,0.0,0.0,4,0.0005380907630278,10.859862838131749,NNP,NN,0,love,0,0,0,0,1,0,1,0,0,0,1
1,lower,2,0.0001679543164259,0.15200309344505,2.552957565419047e-05,5,0.0001061024039773,13.202255035578824,JJR,JJ,0,lower,0,0,0,0,0,1,0,1,0,0,-1
1,loyal,1,8.397715821296607e-05,3.321928094887362,0.0002789660811964,5,7.578743141237457e-06,17.009609957636428,JJ,JJ,0,loyal,0,0,0,1,1,0,1,0,1,1,1
1,loyalty,1,8.397715821296607e-05,3.321928094887362,0.0002789660811964,7,7.578743141237457e-06,17.009609957636428,NN,NN,0,loyalti,0,0,0,0,0,0,1,0,0,1,1
1,luck,1,8.397715821296607e-05,2.321928094887362,0.0001949889229834,4,2.2736229423712372e-05,15.424647456915272,NN,NN,0,luck,0,1,0,0,1,0,1,0,1,0,1
1,lying,1,8.397715821296607e-05,1.7369655941662063,0.0001458654345117,5,2.2736229423712372e-05,15.424647456915272,VBG,VB,0,lie,1,0,1,0,0,1,0,0,0,0,-1
1,marriage,2,0.0001679543164259,0.0,0.0,8,0.0003789371570618,11.365753767861705,NN,NN,0,marriag,0,1,0,0,1,0,1,0,0,1,1
1,mate,1,8.397715821296607e-05,0.5145731728297582,4.321239274687254e-05,4,9.852366083608696e-05,13.309170239495336,NN,NN,0,mate,0,0,0,0,0,0,1,0,0,1,1
1,measured,1,8.397715821296607e-05,1.7369655941662063,0.0001458654345117,8,3.0314972564949827e-05,15.009609957636428,VBN,VB,0,measur,0,0,0,0,0,0,1,0,0,1,1
1,medal,1,8.397715821296607e-05,1.7369655941662063,0.0001458654345117,5,2.2736229423712372e-05,15.424647456915272,NNP,NN,0,medal,0,1,0,0,1,0,1,0,1,1,1
1,mediate,1,8.397715821296607e-05,3.321928094887362,0.0002789660811964,7,7.578743141237457e-06,17.009609957636428,VB,VB,0,mediat,0,1,0,0,0,0,1,0,0,1,1
1,medical,8,0.0006718172657037,0.15200309344505,0.0001021183026167,7,0.0003258859550732,11.58334520293433,JJ,JJ,0,medic,0,1,0,1,0,0,1,0,0,1,1
1,merit,2,0.0001679543164259,1.3219280948873624,0.000222023529541,5,3.7893715706187286e-05,14.687681862749066,NNP,NN,0,merit,0,0,0,0,0,0,1,0,0,1,1
1,mighty,1,8.397715821296607e-05,2.321928094887362,0.0001949889229834,6,2.2736229423712372e-05,15.424647456915272,NNP,NN,0,mighti,1,0,0,1,1,0,1,0,0,1,1
1,miscarriage,1,8.397715821296607e-05,3.321928094887362,0.0002789660811964,11,7.578743141237457e-06,17.009609957636428,NN,NN,0,miscarriag,0,0,0,1,0,1,0,1,0,0,-1
1,mishap,1,8.397715821296607e-05,3.321928094887362,0.0002789660811964,6,7.578743141237457e-06,17.009609957636428,NN,NN,0,mishap,0,0,1,1,0,1,0,1,1,0,-1
1,mortuary,2,0.0001679543164259,2.321928094887362,0.0003899778459669,8,2.2736229423712372e-05,15.424647456915272,JJ,NN,0,mortuari,0,0,0,1,0,1,0,1,0,0,-1
1,mother,2,0.0001679543164259,0.0,0.0,6,0.0004623033316154,11.07887262007354,NN,NN,0,mother,0,1,0,0,1,1,1,1,0,1,0
1,music,8,0.0006718172657037,0.0,0.0,5,0.0005684057355928,10.780791267140549,NN,NN,0,music,0,0,0,0,1,0,1,1,0,0,1
1,mysterious,2,0.0001679543164259,3.321928094887362,0.0005579321623929,10,1.5157486282474914e-05,16.009609957636428,JJ,JJ,0,mysteri,0,1,0,1,0,0,0,0,1,0,0
1,negro,67,0.0056264696002687,0.0,0.0,5,0.0029557098250826,8.402279643886818,NNP,NN,0,negro,0,0,0,0,0,1,0,1,0,0,-1
1,nurse,1,8.397715821296607e-05,1.0,8.397715821296607e-05,5,5.30512019886622e-05,14.202255035578824,NN,NN,0,nurs,0,0,0,0,0,0,1,0,0,1,1
1,oath,2,0.0001679543164259,2.321928094887362,0.0003899778459669,4,2.2736229423712372e-05,15.424647456915272,NN,NN,0,oath,0,0,0,0,0,0,1,0,0,1,1
1,obituary,1,8.397715821296607e-05,3.321928094887362,0.0002789660811964,8,7.578743141237457e-06,17.009609957636428,JJ,JJ,0,obituari,0,0,0,0,0,1,0,1,0,0,-1
1,objective,1,8.397715821296607e-05,1.7369655941662063,0.0001458654345117,9,2.2736229423712372e-05,15.424647456915272,JJ,JJ,0,object,0,1,0,0,0,0,1,0,0,1,1
1,obvious,2,0.0001679543164259,1.7369655941662063,0.0002917308690235,7,3.0314972564949827e-05,15.009609957636428,JJ,JJ,0,obviou,0,0,0,0,0,0,1,0,0,1,1
1,officer,3,0.0002519314746388,0.0,0.0,7,0.0002122048079546,12.202255035578824,NN,NN,0,offic,0,0,0,0,0,0,1,0,0,1,1
1,operation,2,0.0001679543164259,0.15200309344505,2.552957565419047e-05,9,0.0001667323491072,12.550178338999132,NN,NN,0,oper,0,0,0,1,0,0,0,0,0,1,0
1,opportunity,2,0.0001679543164259,0.5145731728297582,8.642478549374508e-05,11,0.0001212598902597,13.009609957636428,NN,NN,0,opportun,0,1,0,0,0,0,1,0,0,0,1
1,orchestra,1,8.397715821296607e-05,1.0,8.397715821296607e-05,9,9.852366083608696e-05,13.309170239495336,NNP,NN,0,orchestra,1,0,0,0,1,0,1,1,0,1,1
1,organ,1,8.397715821296607e-05,2.321928094887362,0.0001949889229834,5,1.5157486282474914e-05,16.009609957636428,NN,NN,0,organ,0,1,0,0,1,0,0,0,0,0,0
1,organization,6,0.0005038629492777,0.5145731728297582,0.0002592743564812,12,0.0002197835510958,12.151628962508855,NN,NN,0,organ,0,1,0,0,1,0,1,0,1,1,1
1,outrage,2,0.0001679543164259,3.321928094887362,0.0005579321623929,7,1.5157486282474914e-05,16.009609957636428,NN,NN,0,outrag,1,0,1,0,0,1,0,0,0,0,-1
1,outstanding,1,8.397715821296607e-05,0.5145731728297582,4.321239274687254e-05,11,6.0629945129899655e-05,14.009609957636428,JJ,JJ,0,outstand,0,0,0,0,1,1,1,0,0,0,0
1,pare,1,8.397715821296607e-05,3.321928094887362,0.0002789660811964,4,7.578743141237457e-06,17.009609957636428,NNP,NN,0,pare,1,1,0,1,0,1,0,1,0,0,-1
1,pastor,1,8.397715821296607e-05,0.3219280948873623,2.7034606557554786e-05,6,0.0001591536059659,12.617292534857668,NN,NN,0,pastor,0,0,0,0,1,0,1,0,0,1,1
1,pay,3,0.0002519314746388,0.0,0.0,3,0.0003031497256494,11.687681862749066,VB,VB,0,pay,0,1,0,0,1,0,1,0,0,1,1
1,perfect,1,8.397715821296607e-05,0.7369655941662062,6.188827629880804e-05,7,4.5472458847424745e-05,14.424647456915272,JJ,JJ,0,perfect,0,1,0,0,1,0,1,0,0,1,1
1,picket,1,8.397715821296607e-05,1.0,8.397715821296607e-05,6,3.7893715706187286e-05,14.687681862749066,NN,NN,0,picket,1,1,0,1,0,1,0,0,0,0,-1
1,pleasant,1,8.397715821296607e-05,1.3219280948873624,0.0001110117647705,8,3.7893715706187286e-05,14.687681862749066,NNP,NN,0,pleasant,0,1,0,0,1,0,1,0,1,1,1
1,pledge,1,8.397715821296607e-05,2.321928094887362,0.0001949889229834,6,1.5157486282474914e-05,16.009609957636428,NNP,NN,0,pledg,0,0,0,0,1,0,1,0,0,1,1
1,plunge,1,8.397715821296607e-05,3.321928094887362,0.0002789660811964,6,7.578743141237457e-06,17.009609957636428,NN,NN,0,plung,0,0,0,1,0,1,0,0,0,0,-1
1,police,3,0.0002519314746388,0.0,0.0,6,0.0011368114711856,9.780791267140549,NN,NN,0,polic,0,0,0,1,0,0,1,0,0,1,1
1,policeman,1,8.397715821296607e-05,0.7369655941662062,6.188827629880804e-05,9,8.336617455361203e-05,13.550178338999132,NN,NN,0,policeman,0,0,0,1,0,0,1,0,0,1,1
1,possession,1,8.397715821296607e-05,0.7369655941662062,6.188827629880804e-05,10,6.0629945129899655e-05,14.009609957636428,NN,NN,0,possess,1,0,1,1,0,1,0,0,0,0,-1
1,pound,1,8.397715821296607e-05,0.15200309344505,1.2764787827095236e-05,5,0.0001136811471185,13.10271936202791,NN,NN,0,pound,1,0,0,0,0,1,0,0,0,0,-1
1,practiced,1,8.397715821296607e-05,2.321928094887362,0.0001949889229834,9,1.5157486282474914e-05,16.009609957636428,VBD,VB,0,practic,0,0,0,0,1,0,1,0,1,1,1
1,predicament,1,8.397715821296607e-05,3.321928094887362,0.0002789660811964,11,7.578743141237457e-06,17.009609957636428,NN,NN,0,predica,0,0,0,1,0,1,0,0,0,0,-1
1,prejudice,1,8.397715821296607e-05,0.7369655941662062,6.188827629880804e-05,9,6.0629945129899655e-05,14.009609957636428,NN,NN,0,prejudic,1,0,0,0,0,1,0,0,0,0,-1
1,prepare,1,8.397715821296607e-05,1.3219280948873624,0.0001110117647705,7,3.0314972564949827e-05,15.009609957636428,NN,NN,0,prepar,0,1,0,0,0,0,1,0,0,0,1
1,prepared,1,8.397715821296607e-05,0.5145731728297582,4.321239274687254e-05,8,6.820868827113711e-05,13.839684956194116,VBN,VB,0,prepar,0,1,0,0,0,0,1,0,0,1,1
1,present,1,8.397715821296607e-05,0.15200309344505,1.2764787827095236e-05,7,0.0001591536059659,12.617292534857668,JJ,JJ,0,present,0,1,0,0,1,0,1,0,1,1,1
1,president,21,0.0017635203224722,0.0,0.0,9,0.0017961621244732,9.12086670873817,NNP,NN,0,presid,0,0,0,0,0,0,1,0,0,1,1
1,pretty,1,8.397715821296607e-05,0.3219280948873623,2.7034606557554786e-05,6,0.0001136811471185,13.10271936202791,RB,RB,0,pretti,0,1,0,0,1,0,1,0,0,1,1
1,prison,2,0.0001679543164259,0.3219280948873623,5.406921311510957e-05,6,0.0002046260648134,12.25472245547296,NN,NN,0,prison,1,0,0,1,0,1,0,1,0,0,-1
1,problem,3,0.0002519314746388,0.15200309344505,3.82943634812857e-05,7,0.0002273622942371,12.10271936202791,NN,NN,0,problem,0,0,0,1,0,1,0,1,0,0,-1
1,professional,1,8.397715821296607e-05,0.0,0.0,12,0.0001439961196835,12.761682444192845,JJ,JJ,0,profession,0,0,0,0,0,0,1,0,0,1,1
1,professor,1,8.397715821296607e-05,0.15200309344505,1.2764787827095236e-05,9,0.0001818898353896,12.424647456915272,NN,NN,0,professor,0,0,0,0,0,0,1,0,0,1,1
1,proficient,1,8.397715821296607e-05,3.321928094887362,0.0002789660811964,10,7.578743141237457e-06,17.009609957636428,NN,NN,0,profici,0,0,0,0,0,0,1,0,0,1,1
1,progress,4,0.0003359086328518,0.5145731728297582,0.0001728495709874,8,0.000128838633401,12.922147116386087,NNP,NN,0,progress,0,1,0,0,1,0,1,0,0,0,1
1,proud,2,0.0001679543164259,0.5145731728297582,8.642478549374508e-05,5,9.852366083608696e-05,13.309170239495336,JJ,JJ,0,proud,0,1,0,0,1,0,1,0,0,1,1
1,provide,1,8.397715821296607e-05,0.7369655941662062,6.188827629880804e-05,7,7.578743141237457e-05,13.687681862749066,VB,VB,0,provid,0,0,0,0,0,0,1,0,0,1,1
1,public,6,0.0005038629492777,0.0,0.0,6,0.0005835632218752,10.742823416941526,JJ,JJ,0,public,0,1,0,0,0,0,1,0,0,0,1
1,punish,1,8.397715821296607e-05,2.321928094887362,0.0001949889229834,6,1.5157486282474914e-05,16.009609957636428,VB,VB,0,punish,0,0,0,1,0,1,0,0,0,0,-1
1,qualified,1,8.397715821296607e-05,1.0,8.397715821296607e-05,9,3.7893715706187286e-05,14.687681862749066,JJ,JJ,0,qualifi,0,0,0,0,0,0,1,0,0,1,1
1,quiet,1,8.397715821296607e-05,1.3219280948873624,0.0001110117647705,5,7.578743141237457e-05,13.687681862749066,JJ,JJ,0,quiet,0,0,0,0,0,0,1,1,0,0,1
1,quiver,1,8.397715821296607e-05,3.321928094887362,0.0002789660811964,6,7.578743141237457e-06,17.009609957636428,VB,VB,0,quiver,0,0,0,1,0,1,0,0,0,0,-1
1,ransom,1,8.397715821296607e-05,3.321928094887362,0.0002789660811964,6,7.578743141237457e-06,17.009609957636428,NNP,NN,0,ransom,1,0,0,1,0,1,0,0,0,0,-1
1,rapt,1,8.397715821296607e-05,3.321928094887362,0.0002789660811964,4,7.578743141237457e-06,17.009609957636428,NNP,NN,0,rapt,0,0,0,0,1,0,1,0,1,1,1
1,rash,1,8.397715821296607e-05,1.7369655941662063,0.0001458654345117,4,2.2736229423712372e-05,15.424647456915272,NN,NN,0,rash,0,0,1,0,0,1,0,0,0,0,-1
1,real,2,0.0001679543164259,0.0,0.0,4,0.0003107284687907,11.652057953018344,JJ,JJ,0,real,0,0,0,0,0,0,1,0,0,1,1
1,rebel,1,8.397715821296607e-05,1.7369655941662063,0.0001458654345117,5,2.2736229423712372e-05,15.424647456915272,NNP,NN,0,rebel,1,0,0,1,0,1,0,0,0,0,-1
1,recreation,1,8.397715821296607e-05,0.5145731728297582,4.321239274687254e-05,10,5.30512019886622e-05,14.202255035578824,NN,NN,0,recreat,0,1,0,0,1,0,1,0,0,0,1
1,refused,4,0.0003359086328518,0.0,0.0,7,0.0002500985236608,11.965215838277976,VBD,VB,0,refus,0,0,0,0,0,1,0,1,0,0,-1
1,rehabilitation,3,0.0002519314746388,2.321928094887362,0.0005849667689504,14,3.0314972564949827e-05,15.009609957636428,NN,NN,0,rehabilit,0,1,0,0,0,0,1,0,0,0,1
1,reject,1,8.397715821296607e-05,3.321928094887362,0.0002789660811964,6,7.578743141237457e-06,17.009609957636428,VB,VB,0,reject,1,0,0,1,0,1,0,1,0,0,-1
1,remains,1,8.397715821296607e-05,1.3219280948873624,0.0001110117647705,7,3.7893715706187286e-05,14.687681862749066,VBZ,VB,0,remain,0,0,1,1,0,1,1,0,0,1,0
1,remarkable,2,0.0001679543164259,1.7369655941662063,0.0002917308690235,10,3.0314972564949827e-05,15.009609957636428,JJ,JJ,0,remark,0,0,0,0,1,0,1,0,1,1,1
1,resentful,1,8.397715821296607e-05,3.321928094887362,0.0002789660811964,9,7.578743141237457e-06,17.009609957636428,JJ,JJ,0,resent,1,0,0,0,0,1,0,0,0,0,-1
1,resignation,2,0.0001679543164259,1.3219280948873624,0.000222023529541,11,6.0629945129899655e-05,14.009609957636428,NN,NN,0,resign,0,0,0,0,0,1,0,1,1,0,-1
1,resigned,1,8.397715821296607e-05,0.5145731728297582,4.321239274687254e-05,8,6.820868827113711e-05,13.839684956194116,VBD,VB,0,resign,0,0,0,0,0,1,0,1,0,0,-1
1,respect,2,0.0001679543164259,1.3219280948873624,0.000222023529541,7,5.30512019886622e-05,14.202255035578824,NN,NN,0,respect,0,1,0,0,1,0,1,0,0,1,1
1,respects,1,8.397715821296607e-05,1.7369655941662063,0.0001458654345117,8,2.2736229423712372e-05,15.424647456915272,NNS,NN,0,respect,0,0,0,0,0,0,1,0,0,1,1
1,responsible,1,8.397715821296607e-05,0.5145731728297582,4.321239274687254e-05,11,9.094491769484948e-05,13.424647456915272,JJ,JJ,0,respons,0,0,0,0,0,0,1,0,0,1,1
1,retard,1,8.397715821296607e-05,3.321928094887362,0.0002789660811964,6,7.578743141237457e-06,17.009609957636428,VB,VB,0,retard,0,0,1,1,0,1,0,1,0,0,-1
1,retribution,1,8.397715821296607e-05,3.321928094887362,0.0002789660811964,11,7.578743141237457e-06,17.009609957636428,NN,NN,0,retribut,1,0,0,1,0,1,0,1,0,0,-1
1,ridiculous,2,0.0001679543164259,3.321928094887362,0.0005579321623929,10,1.5157486282474914e-05,16.009609957636428,JJ,JJ,0,ridicul,1,0,1,0,0,1,0,0,0,0,-1
1,risk,1,8.397715821296607e-05,2.321928094887362,0.0001949889229834,4,2.2736229423712372e-05,15.424647456915272,NN,NN,0,risk,0,1,0,1,0,1,0,0,0,0,-1
1,romantic,1,8.397715821296607e-05,1.3219280948873624,0.0001110117647705,8,3.0314972564949827e-05,15.009609957636428,JJ,JJ,0,romant,0,1,0,0,1,0,1,0,0,1,1
1,routine,1,8.397715821296607e-05,1.0,8.397715821296607e-05,7,3.7893715706187286e-05,14.687681862749066,NN,NN,0,routin,0,0,0,0,0,0,1,0,0,1,1
1,salary,1,8.397715821296607e-05,1.0,8.397715821296607e-05,6,4.5472458847424745e-05,14.424647456915272,JJ,JJ,0,salari,0,1,0,0,1,0,1,0,0,1,1
1,satisfied,1,8.397715821296607e-05,2.321928094887362,0.0001949889229834,9,3.7893715706187286e-05,14.687681862749066,NNP,NN,0,satisfi,0,0,0,0,1,0,1,0,0,0,1
1,scare,1,8.397715821296607e-05,1.7369655941662063,0.0001458654345117,5,2.2736229423712372e-05,15.424647456915272,VB,VB,0,scare,1,1,0,1,0,1,0,0,1,0,-1
1,seniority,1,8.397715821296607e-05,2.321928094887362,0.0001949889229834,9,1.5157486282474914e-05,16.009609957636428,NN,NN,0,senior,0,0,0,0,0,0,1,0,0,1,1
1,sentence,1,8.397715821296607e-05,0.0,0.0,8,0.0001591536059659,12.617292534857668,NN,NN,0,sentenc,1,1,1,1,0,1,0,1,0,0,-1
1,sentinel,1,8.397715821296607e-05,3.321928094887362,0.0002789660811964,8,7.578743141237457e-06,17.009609957636428,NNP,NN,0,sentinel,0,0,0,0,0,0,1,0,0,1,1
1,seriousness,1,8.397715821296607e-05,3.321928094887362,0.0002789660811964,11,7.578743141237457e-06,17.009609957636428,NN,NN,0,serious,0,0,0,1,0,0,0,1,0,0,0
1,serve,2,0.0001679543164259,0.7369655941662062,0.0001237765525976,5,0.0001212598902597,13.009609957636428,VB,VB,0,serv,0,0,0,0,0,1,0,0,0,1,-1
1,shaking,1,8.397715821296607e-05,2.321928094887362,0.0001949889229834,7,1.5157486282474914e-05,16.009609957636428,VBG,VB,0,shake,0,0,0,1,0,1,0,0,0,0,-1
1,shell,2,0.0001679543164259,1.7369655941662063,0.0002917308690235,5,4.5472458847424745e-05,14.424647456915272,NN,NN,0,shell,1,0,0,1,0,1,0,1,1,0,-1
1,shelter,1,8.397715821296607e-05,1.7369655941662063,0.0001458654345117,7,2.2736229423712372e-05,15.424647456915272,NN,NN,0,shelter,0,0,0,0,0,0,1,0,0,1,1
1,shining,1,8.397715821296607e-05,2.321928094887362,0.0001949889229834,7,1.5157486282474914e-05,16.009609957636428,NN,NN,0,shine,0,1,0,0,1,0,1,0,0,0,1
1,shock,1,8.397715821296607e-05,1.3219280948873624,0.0001110117647705,5,3.0314972564949827e-05,15.009609957636428,NN,NN,0,shock,1,0,0,1,0,1,0,0,1,0,-1
1,shopping,1,8.397715821296607e-05,1.7369655941662063,0.0001458654345117,8,2.2736229423712372e-05,15.424647456915272,VBG,VB,0,shop,0,1,0,0,1,0,1,0,1,1,1
1,shoulder,1,8.397715821296607e-05,1.7369655941662063,0.0001458654345117,8,2.2736229423712372e-05,15.424647456915272,NN,NN,0,shoulder,0,0,0,0,0,0,1,0,0,1,1
1,slave,1,8.397715821296607e-05,1.0,8.397715821296607e-05,5,5.30512019886622e-05,14.202255035578824,NN,NN,0,slave,1,0,0,1,0,1,0,1,0,0,-1
1,slip,1,8.397715821296607e-05,1.0,8.397715821296607e-05,4,6.0629945129899655e-05,14.009609957636428,NN,NN,0,slip,0,0,0,0,0,1,0,0,1,0,-1
1,slum,3,0.0002519314746388,2.321928094887362,0.0005849667689504,4,3.0314972564949827e-05,15.009609957636428,NN,NN,0,slum,0,0,1,0,0,1,0,0,0,0,-1
1,spank,1,8.397715821296607e-05,3.321928094887362,0.0002789660811964,5,7.578743141237457e-06,17.009609957636428,VB,VB,0,spank,1,0,0,1,0,1,0,1,0,0,-1
1,special,1,8.397715821296607e-05,0.15200309344505,1.2764787827095236e-05,7,0.0003562009276381,11.45502110595879,JJ,JJ,0,special,0,0,0,0,1,0,1,0,0,0,1
1,speculation,1,8.397715821296607e-05,1.7369655941662063,0.0001458654345117,11,2.2736229423712372e-05,15.424647456915272,NN,NN,0,specul,0,0,0,1,0,1,0,1,0,0,-1
1,sponsor,1,8.397715821296607e-05,2.321928094887362,0.0001949889229834,7,1.5157486282474914e-05,16.009609957636428,NN,NN,0,sponsor,0,0,0,0,0,0,1,0,0,1,1
1,statement,1,8.397715821296607e-05,0.5145731728297582,4.321239274687254e-05,9,7.578743141237457e-05,13.687681862749066,NN,NN,0,statement,0,0,0,0,0,0,1,0,0,1,1
1,stint,1,8.397715821296607e-05,2.321928094887362,0.0001949889229834,5,1.5157486282474914e-05,16.009609957636428,NN,NN,0,stint,0,0,0,1,0,1,0,1,0,0,-1
1,store,9,0.0007557944239166,0.15200309344505,0.0001148830904438,5,0.0002273622942371,12.10271936202791,NN,NN,0,store,0,1,0,0,0,0,1,0,0,0,1
1,strength,1,8.397715821296607e-05,0.5145731728297582,4.321239274687254e-05,8,6.820868827113711e-05,13.839684956194116,NN,NN,0,strength,0,0,0,0,0,0,1,0,0,1,1
1,strike,2,0.0001679543164259,1.7369655941662063,0.0002917308690235,6,3.0314972564949827e-05,15.009609957636428,VB,VB,0,strike,1,0,0,0,0,1,0,0,0,0,-1
1,stroke,3,0.0002519314746388,2.321928094887362,0.0005849667689504,6,3.0314972564949827e-05,15.009609957636428,NN,NN,0,stroke,0,0,0,1,0,1,0,1,0,0,-1
1,structure,1,8.397715821296607e-05,1.7369655941662063,0.0001458654345117,9,2.2736229423712372e-05,15.424647456915272,NN,NN,0,structur,0,0,0,0,0,0,1,0,0,1,1
1,success,1,8.397715821296607e-05,0.3219280948873623,2.7034606557554786e-05,7,0.000128838633401,12.922147116386087,NN,NN,0,success,0,1,0,0,1,0,1,0,0,0,1
1,successful,3,0.0002519314746388,1.0,0.0002519314746388,10,9.094491769484948e-05,13.424647456915272,JJ,JJ,0,success,0,1,0,0,1,0,1,0,0,1,1
1,suicide,3,0.0002519314746388,1.3219280948873624,0.0003330352943115,7,0.000128838633401,12.922147116386087,NN,NN,0,suicid,1,0,0,1,0,1,0,1,0,0,-1
1,sun,1,8.397715821296607e-05,0.7369655941662062,6.188827629880804e-05,3,8.336617455361203e-05,13.550178338999132,NNP,NN,0,sun,0,1,0,0,1,0,1,0,1,1,1
1,sunshine,1,8.397715821296607e-05,1.3219280948873624,0.0001110117647705,8,3.7893715706187286e-05,14.687681862749066,NNP,NN,0,sunshin,0,0,0,0,1,0,1,0,0,0,1
1,supporter,1,8.397715821296607e-05,2.321928094887362,0.0001949889229834,9,1.5157486282474914e-05,16.009609957636428,NN,NN,0,support,0,0,0,0,1,0,1,0,0,1,1
1,suspension,2,0.0001679543164259,1.7369655941662063,0.0002917308690235,10,3.0314972564949827e-05,15.009609957636428,NN,NN,0,suspens,0,0,0,1,0,1,0,0,0,0,-1
1,sweet,1,8.397715821296607e-05,1.7369655941662063,0.0001458654345117,5,3.0314972564949827e-05,15.009609957636428,NNP,NN,0,sweet,0,1,0,0,1,0,1,0,1,1,1
1,teacher,1,8.397715821296607e-05,0.15200309344505,1.2764787827095236e-05,7,0.0001894685785309,12.365753767861705,NN,NN,0,teacher,0,0,0,0,0,0,1,0,0,1,1
1,teens,1,8.397715821296607e-05,3.321928094887362,0.0002789660811964,5,7.578743141237457e-06,17.009609957636428,VBZ,VB,0,teen,0,0,0,0,0,1,1,0,0,0,0
1,title,3,0.0002519314746388,0.0,0.0,5,0.000287992239367,11.761682444192845,NN,NN,0,titl,0,0,0,0,0,0,1,0,0,1,1
1,top,13,0.0010917030567685,0.0,0.0,3,0.0005684057355928,10.780791267140549,JJ,JJ,0,top,0,1,0,0,0,0,1,0,0,1,1
1,tramp,1,8.397715821296607e-05,3.321928094887362,0.0002789660811964,5,7.578743141237457e-06,17.009609957636428,NNP,NN,0,tramp,0,0,1,1,0,1,0,1,0,0,-1
1,trophy,1,8.397715821296607e-05,1.7369655941662063,0.0001458654345117,6,2.2736229423712372e-05,15.424647456915272,NNP,NN,0,trophi,0,1,0,0,1,0,1,0,1,1,1
1,turbulence,1,8.397715821296607e-05,3.321928094887362,0.0002789660811964,10,7.578743141237457e-06,17.009609957636428,NN,NN,0,turbul,1,0,0,1,0,1,0,0,0,0,-1
1,ultimate,1,8.397715821296607e-05,2.321928094887362,0.0001949889229834,8,1.5157486282474914e-05,16.009609957636428,JJ,JJ,0,ultim,0,1,0,0,0,0,0,1,0,0,0
1,uncanny,1,8.397715821296607e-05,3.321928094887362,0.0002789660811964,7,7.578743141237457e-06,17.009609957636428,JJ,JJ,0,uncanni,0,0,0,1,0,1,0,0,1,0,-1
1,unemployed,1,8.397715821296607e-05,2.321928094887362,0.0001949889229834,10,1.5157486282474914e-05,16.009609957636428,JJ,JJ,0,unemploy,0,0,0,1,0,1,0,1,0,0,-1
1,united,6,0.0005038629492777,0.0,0.0,6,0.0003334646982144,11.550178338999132,NNP,NN,0,unit,0,0,0,0,0,0,1,0,0,1,1
1,university,14,0.0011756802149815,0.0,0.0,10,0.0010761815260557,9.859862838131749,NNP,NN,0,univers,0,1,0,0,0,0,1,0,0,0,1
1,usual,1,8.397715821296607e-05,1.0,8.397715821296607e-05,5,4.5472458847424745e-05,14.424647456915272,JJ,JJ,0,usual,0,0,0,0,0,0,1,0,0,1,1
1,veteran,1,8.397715821296607e-05,0.15200309344505,1.2764787827095236e-05,7,0.0001136811471185,13.10271936202791,NN,NN,0,veteran,0,0,0,0,0,0,1,0,0,1,1
1,victim,2,0.0001679543164259,0.7369655941662062,0.0001237765525976,6,9.094491769484948e-05,13.424647456915272,NN,NN,0,victim,1,0,0,1,0,1,0,1,0,0,-1
1,victory,1,8.397715821296607e-05,0.7369655941662062,6.188827629880804e-05,7,7.578743141237457e-05,13.687681862749066,NN,NN,0,victori,0,1,0,0,1,0,1,0,0,1,1
1,volunteer,1,8.397715821296607e-05,2.321928094887362,0.0001949889229834,9,1.5157486282474914e-05,16.009609957636428,NN,NN,0,volunt,0,1,0,1,1,0,1,0,0,1,1
1,vote,1,8.397715821296607e-05,0.7369655941662062,6.188827629880804e-05,4,0.0001439961196835,12.761682444192845,NN,NN,0,vote,1,1,0,0,1,1,1,1,1,1,0
1,wanting,1,8.397715821296607e-05,3.321928094887362,0.0002789660811964,7,7.578743141237457e-06,17.009609957636428,VBG,VB,0,want,0,0,0,0,0,1,0,1,0,0,-1
1,war,1,8.397715821296607e-05,0.15200309344505,1.2764787827095236e-05,3,0.0001591536059659,12.617292534857668,NNP,NN,0,war,0,0,0,1,0,1,0,0,0,0,-1
1,warned,1,8.397715821296607e-05,0.5145731728297582,4.321239274687254e-05,6,8.336617455361203e-05,13.550178338999132,VBD,VB,0,warn,0,1,0,1,0,0,0,0,1,0,0
1,watch,1,8.397715821296607e-05,0.15200309344505,1.2764787827095236e-05,5,0.0001364173765422,12.839684956194116,NN,NN,0,watch,0,1,0,1,0,0,0,0,0,0,0
1,watchman,3,0.0002519314746388,3.321928094887362,0.0008368982435893,8,2.2736229423712372e-05,15.424647456915272,NN,NN,0,watchman,0,0,0,0,0,0,1,0,0,1,1
1,wealth,1,8.397715821296607e-05,2.321928094887362,0.0001949889229834,6,1.5157486282474914e-05,16.009609957636428,NN,NN,0,wealth,0,0,0,0,1,0,1,0,0,1,1
1,wear,4,0.0003359086328518,0.3219280948873623,0.0001081384262302,4,0.0001136811471185,13.10271936202791,VB,VB,0,wear,0,0,0,0,0,1,0,0,0,1,-1
1,weight,1,8.397715821296607e-05,1.0,8.397715821296607e-05,6,7.578743141237457e-05,13.687681862749066,NN,NN,0,weight,0,1,1,1,1,1,1,1,1,1,0
1,white,21,0.0017635203224722,0.0,0.0,5,0.0022054142541001,8.824734614728145,JJ,JJ,0,white,0,1,0,0,1,0,1,0,0,1,1
1,winning,1,8.397715821296607e-05,1.0,8.397715821296607e-05,7,6.820868827113711e-05,13.839684956194116,VBG,NN,0,win,0,1,1,0,1,0,1,1,1,1,1
1,witch,4,0.0003359086328518,3.321928094887362,0.0011158643247858,5,3.0314972564949827e-05,15.009609957636428,NN,NN,0,witch,1,0,1,1,0,1,0,0,0,0,-1
1,witty,1,8.397715821296607e-05,2.321928094887362,0.0001949889229834,5,1.5157486282474914e-05,16.009609957636428,JJ,JJ,0,witti,0,0,0,0,1,0,1,0,0,0,1
1,words,1,8.397715821296607e-05,0.0,0.0,5,0.0001970473216721,12.309170239495336,NNS,NN,0,word,1,0,0,0,0,1,0,0,0,0,-1
1,worn,1,8.397715821296607e-05,1.0,8.397715821296607e-05,4,3.7893715706187286e-05,14.687681862749066,VBN,VB,0,worn,0,0,0,0,0,1,0,1,0,0,-1
1,worry,1,8.397715821296607e-05,1.7369655941662063,0.0001458654345117,5,2.2736229423712372e-05,15.424647456915272,NN,NN,0,worri,0,1,0,1,0,1,0,1,0,0,-1
1,young,5,0.0004198857910648,0.0,0.0,5,0.0006441931670051,10.600219021498727,JJ,JJ,0,young,0,1,0,0,1,0,1,0,1,0,1
1,youth,2,0.0001679543164259,0.15200309344505,2.552957565419047e-05,5,0.0002122048079546,12.202255035578824,NN,NN,0,youth,1,1,0,1,1,0,1,0,1,0,1
2,abandoned,1,7.113387395077535e-05,2.321928094887362,0.0001651677404244,9,1.5157486282474914e-05,16.009609957636428,VBN,VB,0,abandon,1,0,0,1,0,1,0,1,0,0,-1
2,abortion,1,7.113387395077535e-05,1.3219280948873624,9.403386647370623e-05,8,3.7893715706187286e-05,14.687681862749066,NN,NN,0,abort,0,0,1,1,0,1,0,1,0,0,-1
2,absence,1,7.113387395077535e-05,1.0,7.113387395077535e-05,7,4.5472458847424745e-05,14.424647456915272,NN,NN,0,absenc,0,0,0,1,0,1,0,1,0,0,-1
2,accurate,1,7.113387395077535e-05,0.0,0.0,8,0.0001818898353896,12.424647456915272,JJ,JJ,0,accur,0,0,0,0,0,0,1,0,0,1,1
2,achieve,1,7.113387395077535e-05,1.0,7.113387395077535e-05,7,3.7893715706187286e-05,14.687681862749066,VB,VB,0,achiev,0,0,0,0,1,0,1,0,0,1,1
2,achievement,1,7.113387395077535e-05,0.7369655941662062,5.2423217681477176e-05,11,9.094491769484948e-05,13.424647456915272,NN,NN,0,achiev,0,1,0,0,1,0,1,0,0,1,1
2,addresses,1,7.113387395077535e-05,1.3219280948873624,9.403386647370623e-05,9,3.7893715706187286e-05,14.687681862749066,NNS,NN,0,address,0,1,0,0,0,0,1,0,0,0,1
2,admirable,1,7.113387395077535e-05,3.321928094887362,0.0002363016143752,9,7.578743141237457e-06,17.009609957636428,JJ,JJ,0,admir,0,0,0,0,1,0,1,0,0,1,1
2,admire,1,7.113387395077535e-05,1.7369655941662063,0.0001235570916322,6,2.2736229423712372e-05,15.424647456915272,JJ,JJ,0,admir,0,0,0,0,0,0,1,0,0,1,1
2,advise,2,0.0001422677479015,3.321928094887362,0.0004726032287505,6,1.5157486282474914e-05,16.009609957636428,VB,VB,0,advis,0,0,0,0,0,0,1,0,0,1,1
2,affection,1,7.113387395077535e-05,1.7369655941662063,0.0001235570916322,9,3.0314972564949827e-05,15.009609957636428,NN,NN,0,affect,0,0,0,0,1,0,1,0,0,1,1
2,afraid,1,7.113387395077535e-05,0.7369655941662062,5.2423217681477176e-05,6,6.0629945129899655e-05,14.009609957636428,JJ,JJ,0,afraid,0,0,0,1,0,1,0,0,0,0,-1
2,aggressive,1,7.113387395077535e-05,1.7369655941662063,0.0001235570916322,10,2.2736229423712372e-05,15.424647456915272,JJ,JJ,0,aggress,1,0,0,1,0,1,0,0,0,0,-1
2,agony,1,7.113387395077535e-05,3.321928094887362,0.0002363016143752,5,7.578743141237457e-06,17.009609957636428,NNP,NN,0,agoni,1,0,0,1,0,1,0,1,0,0,-1
2,agreement,1,7.113387395077535e-05,0.3219280948873623,2.289999252293088e-05,9,7.578743141237457e-05,13.687681862749066,NN,NN,0,agreement,0,0,0,0,0,0,1,0,0,1,1
2,ailing,1,7.113387395077535e-05,2.321928094887362,0.0001651677404244,6,1.5157486282474914e-05,16.009609957636428,VBG,VB,0,ail,0,0,0,1,0,1,0,1,0,0,-1
2,alive,1,7.113387395077535e-05,1.0,7.113387395077535e-05,5,6.0629945129899655e-05,14.009609957636428,JJ,JJ,0,aliv,0,1,0,0,1,0,1,0,0,1,1
2,ambassador,6,0.0004268032437046,0.7369655941662062,0.0003145393060888,10,0.0001061024039773,13.202255035578824,NN,NN,0,ambassador,0,0,0,0,0,0,1,0,0,1,1
2,amicable,1,7.113387395077535e-05,3.321928094887362,0.0002363016143752,8,7.578743141237457e-06,17.009609957636428,JJ,JJ,0,amic,0,0,0,0,1,0,1,0,0,0,1
2,antisocial,1,7.113387395077535e-05,3.321928094887362,0.0002363016143752,10,7.578743141237457e-06,17.009609957636428,JJ,JJ,0,antisoci,1,0,1,1,0,1,0,1,0,0,-1
2,applause,1,7.113387395077535e-05,2.321928094887362,0.0001651677404244,8,1.5157486282474914e-05,16.009609957636428,NN,NN,0,applaus,0,0,0,0,1,0,1,0,1,1,1
2,approve,1,7.113387395077535e-05,2.321928094887362,0.0001651677404244,7,3.0314972564949827e-05,15.009609957636428,VB,NN,0,approv,0,0,0,0,1,0,1,0,0,1,1
2,art,4,0.0002845354958031,0.0,0.0,3,0.0002804134962257,11.80015659200748,NNP,NN,0,art,0,1,0,0,1,0,1,1,1,0,1
2,assassination,1,7.113387395077535e-05,3.321928094887362,0.0002363016143752,13,7.578743141237457e-06,17.009609957636428,NN,NN,0,assassin,1,0,0,1,0,1,0,1,0,0,-1
2,associate,5,0.0003556693697538,0.15200309344505,5.406284444624059e-05,9,0.0001894685785309,12.365753767861705,NNP,NN,0,associ,0,0,0,0,0,0,1,0,0,1,1
2,attack,2,0.0001422677479015,0.15200309344505,2.1625137778496237e-05,6,0.0002046260648134,12.25472245547296,NN,NN,0,attack,1,0,0,1,0,1,0,0,0,0,-1
2,attendant,1,7.113387395077535e-05,2.321928094887362,0.0001651677404244,9,2.2736229423712372e-05,15.424647456915272,NN,NN,0,attend,0,0,0,0,0,0,1,0,0,1,1
2,attorney,4,0.0002845354958031,0.0,0.0,8,0.0002500985236608,11.965215838277976,NN,NN,0,attorney,1,0,0,1,0,0,1,0,0,1,1
2,authentic,1,7.113387395077535e-05,3.321928094887362,0.0002363016143752,9,7.578743141237457e-06,17.009609957636428,NNP,NN,0,authent,0,0,0,0,1,0,1,0,0,1,1
2,avalanche,1,7.113387395077535e-05,3.321928094887362,0.0002363016143752,9,7.578743141237457e-06,17.009609957636428,NN,NN,0,avalanch,0,0,0,1,0,1,0,1,1,0,-1
2,award,3,0.0002134016218523,0.0,0.0,5,0.0002273622942371,12.10271936202791,NN,NN,0,award,0,1,0,0,1,0,1,0,1,1,1
2,baby,5,0.0003556693697538,0.3219280948873623,0.0001144999626146,4,0.0003637796707793,11.424647456915272,NN,NN,0,babi,0,0,0,0,1,0,1,0,0,0,1
2,bad,1,7.113387395077535e-05,0.0,0.0,3,0.0001743110922484,12.486048001579416,JJ,JJ,0,bad,1,0,1,1,0,1,0,1,0,0,-1
2,banquet,1,7.113387395077535e-05,0.7369655941662062,5.2423217681477176e-05,7,5.30512019886622e-05,14.202255035578824,NN,NN,0,banquet,0,1,0,0,1,0,1,0,0,0,1
2,battle,2,0.0001422677479015,0.0,0.0,6,0.0001743110922484,12.486048001579416,NN,NN,0,battl,1,0,0,0,0,1,0,0,0,0,-1
2,bear,1,7.113387395077535e-05,1.7369655941662063,0.0001235570916322,4,2.2736229423712372e-05,15.424647456915272,NNP,VB,0,bear,1,0,0,1,0,0,0,0,0,0,0
2,beating,1,7.113387395077535e-05,0.5145731728297582,3.660358321452256e-05,7,9.852366083608696e-05,13.309170239495336,NN,NN,0,beat,1,0,0,1,0,1,0,1,0,0,-1
2,beautiful,7,0.0004979371176554,0.5145731728297582,0.0002562250825016,9,0.0001591536059659,12.617292534857668,JJ,JJ,0,beauti,0,0,0,0,1,0,1,0,0,0,1
2,beauty,2,0.0001422677479015,0.15200309344505,2.1625137778496237e-05,6,0.0001591536059659,12.617292534857668,NN,NN,0,beauti,0,0,0,0,1,0,1,0,0,0,1
2,benign,1,7.113387395077535e-05,3.321928094887362,0.0002363016143752,6,7.578743141237457e-06,17.009609957636428,JJ,JJ,0,benign,0,0,0,0,1,0,1,0,0,0,1
2,bias,1,7.113387395077535e-05,0.5145731728297582,3.660358321452256e-05,4,0.0001667323491072,12.550178338999132,NNP,NN,0,bia,1,0,0,0,0,1,0,0,0,0,-1
2,bigot,1,7.113387395077535e-05,3.321928094887362,0.0002363016143752,5,7.578743141237457e-06,17.009609957636428,NNP,NN,0,bigot,1,0,1,1,0,1,0,0,0,0,-1
2,birth,6,0.0004268032437046,0.15200309344505,6.487541333548871e-05,5,0.0002197835510958,12.151628962508855,NN,NN,0,birth,0,1,0,1,1,0,1,0,0,1,1
2,birthday,2,0.0001422677479015,0.5145731728297582,7.320716642904513e-05,8,0.0001439961196835,12.761682444192845,NN,NN,0,birthday,0,1,0,0,1,0,1,0,1,0,1
2,birthplace,1,7.113387395077535e-05,2.321928094887362,0.0001651677404244,10,1.5157486282474914e-05,16.009609957636428,NN,NN,0,birthplac,1,0,0,0,0,1,0,0,0,0,-1
2,bizarre,1,7.113387395077535e-05,3.321928094887362,0.0002363016143752,7,7.578743141237457e-06,17.009609957636428,JJ,JJ,0,bizarr,0,0,0,0,0,1,0,0,1,0,-1
2,black,68,0.0048371034286527,0.0,0.0,5,0.0027586625034104,8.501815317437732,NNP,NN,0,black,0,0,0,0,0,1,0,1,0,0,-1
2,boy,4,0.0002845354958031,0.3219280948873623,9.159997009172352e-05,3,0.0003031497256494,11.687681862749066,NN,NN,0,boy,0,0,1,0,0,1,0,0,0,0,-1
2,brilliant,1,7.113387395077535e-05,1.0,7.113387395077535e-05,9,7.578743141237457e-05,13.687681862749066,JJ,JJ,0,brilliant,0,1,0,0,1,0,1,0,0,1,1
2,broke,1,7.113387395077535e-05,0.3219280948873623,2.289999252293088e-05,5,0.0001061024039773,13.202255035578824,VBD,VB,0,broke,0,0,0,1,0,1,0,1,0,0,-1
2,brother,4,0.0002845354958031,0.0,0.0,7,0.0002122048079546,12.202255035578824,NN,NN,0,brother,0,0,0,0,0,0,1,0,0,1,1
2,buck,1,7.113387395077535e-05,0.7369655941662062,5.2423217681477176e-05,4,4.5472458847424745e-05,14.424647456915272,NN,NN,0,buck,0,0,0,1,0,1,1,0,1,0,0
2,buddy,1,7.113387395077535e-05,1.3219280948873624,9.403386647370623e-05,5,5.30512019886622e-05,14.202255035578824,NNP,NN,0,buddi,0,1,0,0,1,0,1,0,0,1,1
2,bum,1,7.113387395077535e-05,3.321928094887362,0.0002363016143752,3,7.578743141237457e-06,17.009609957636428,VB,VB,0,bum,0,0,1,0,0,1,0,1,0,0,-1
2,burglar,1,7.113387395077535e-05,2.321928094887362,0.0001651677404244,7,2.2736229423712372e-05,15.424647456915272,NNP,NN,0,burglar,0,0,1,1,0,1,0,0,0,0,-1
2,cabinet,1,7.113387395077535e-05,1.3219280948873624,9.403386647370623e-05,7,6.820868827113711e-05,13.839684956194116,NN,NN,0,cabinet,0,0,0,0,0,0,1,0,0,1,1
2,cane,1,7.113387395077535e-05,2.321928094887362,0.0001651677404244,4,1.5157486282474914e-05,16.009609957636428,NN,NN,0,cane,1,0,0,1,0,0,0,0,0,0,0
2,cannon,1,7.113387395077535e-05,2.321928094887362,0.0001651677404244,6,2.2736229423712372e-05,15.424647456915272,NNP,NN,0,cannon,1,0,0,1,0,1,0,0,0,0,-1
2,career,3,0.0002134016218523,0.0,0.0,6,0.0003334646982144,11.550178338999132,NN,NN,0,career,0,1,0,0,0,0,1,0,0,0,1
2,case,8,0.0005690709916062,0.0,0.0,4,0.0003562009276381,11.45502110595879,NN,NN,0,case,0,0,0,1,0,1,0,1,0,0,-1
2,cash,1,7.113387395077535e-05,0.15200309344505,1.081256888924812e-05,4,0.0001743110922484,12.486048001579416,NN,NN,0,cash,1,1,0,1,1,0,1,0,0,1,1
2,celebrating,1,7.113387395077535e-05,1.0,7.113387395077535e-05,11,4.5472458847424745e-05,14.424647456915272,VBG,VB,0,celebr,0,1,0,0,1,0,1,0,0,0,1
2,celebration,1,7.113387395077535e-05,0.3219280948873623,2.289999252293088e-05,11,9.852366083608696e-05,13.309170239495336,NN,NN,0,celebr,0,1,0,0,1,0,1,0,1,1,1
2,celebrity,1,7.113387395077535e-05,1.7369655941662063,0.0001235570916322,9,3.7893715706187286e-05,14.687681862749066,NN,NN,0,celebr,1,1,1,0,1,1,1,0,1,1,0
2,center,9,0.0006402048655569,0.0,0.0,6,0.0003183072119319,11.617292534857668,NNP,NN,0,center,0,0,0,0,0,0,1,0,0,1,1
2,chairman,5,0.0003556693697538,0.0,0.0,8,0.0003713584139206,11.39490011352122,NN,NN,0,chairman,0,0,0,0,0,0,1,0,0,1,1
2,challenge,1,7.113387395077535e-05,1.3219280948873624,9.403386647370623e-05,9,3.0314972564949827e-05,15.009609957636428,NN,NN,0,challeng,1,0,0,1,0,1,0,0,0,0,-1
2,champion,5,0.0003556693697538,0.0,0.0,8,0.0002500985236608,11.965215838277976,NN,NN,0,champion,0,1,0,0,1,0,1,0,0,1,1
2,child,8,0.0005690709916062,0.0,0.0,5,0.0002955709825082,11.72420773877418,NN,NN,0,child,0,1,0,0,1,0,1,0,0,0,1
2,church,2,0.0001422677479015,0.0,0.0,6,0.0007351380847,10.4096971154493,NNP,NN,0,church,0,1,0,0,1,0,1,0,0,1,1
2,clash,1,7.113387395077535e-05,3.321928094887362,0.0002363016143752,5,7.578743141237457e-06,17.009609957636428,NN,NN,0,clash,1,0,0,0,0,1,0,0,0,0,-1
2,clown,1,7.113387395077535e-05,1.7369655941662063,0.0001235570916322,5,2.2736229423712372e-05,15.424647456915272,NNP,NN,0,clown,0,1,0,0,1,0,1,0,1,0,1
2,comfort,3,0.0002134016218523,2.321928094887362,0.0004955032212734,7,3.0314972564949827e-05,15.009609957636428,NN,NN,0,comfort,0,1,0,0,1,0,1,0,0,1,1
2,commandant,1,7.113387395077535e-05,3.321928094887362,0.0002363016143752,10,7.578743141237457e-06,17.009609957636428,VB,VB,0,command,0,0,0,0,0,0,1,0,0,1,1
2,commonwealth,1,7.113387395077535e-05,3.321928094887362,0.0002363016143752,12,7.578743141237457e-06,17.009609957636428,NNP,NN,0,commonwealth,0,0,0,0,0,0,1,0,0,1,1
2,complaint,1,7.113387395077535e-05,0.7369655941662062,5.2423217681477176e-05,9,7.578743141237457e-05,13.687681862749066,NN,NN,0,complaint,1,0,0,0,0,1,0,0,0,0,-1
2,concerned,2,0.0001422677479015,1.3219280948873624,0.0001880677329474,9,3.7893715706187286e-05,14.687681862749066,JJ,VB,0,concern,0,0,0,1,0,0,0,1,0,0,0
2,confidence,1,7.113387395077535e-05,2.321928094887362,0.0001651677404244,10,1.5157486282474914e-05,16.009609957636428,NN,NN,0,confid,0,0,0,1,1,0,1,0,0,1,1
2,confident,1,7.113387395077535e-05,1.3219280948873624,9.403386647370623e-05,9,3.0314972564949827e-05,15.009609957636428,JJ,JJ,0,confid,0,0,0,0,1,0,1,0,0,1,1
2,confusion,1,7.113387395077535e-05,3.321928094887362,0.0002363016143752,9,7.578743141237457e-06,17.009609957636428,NN,NN,0,confus,1,0,0,1,0,1,0,0,0,0,-1
2,congress,3,0.0002134016218523,0.5145731728297582,0.0001098107496435,8,0.0002197835510958,12.151628962508855,NNP,NN,0,congress,0,0,1,0,0,0,0,0,0,1,0
2,continue,2,0.0001422677479015,0.5145731728297582,7.320716642904513e-05,8,0.0001136811471185,13.10271936202791,VB,VB,0,continu,0,1,0,0,0,0,1,0,0,1,1
2,controversial,1,7.113387395077535e-05,1.0,7.113387395077535e-05,13,3.7893715706187286e-05,14.687681862749066,JJ,JJ,0,controversi,1,0,0,0,0,1,0,0,0,0,-1
2,corporation,1,7.113387395077535e-05,1.0,7.113387395077535e-05,11,4.5472458847424745e-05,14.424647456915272,NNP,NN,0,corpor,0,0,0,0,0,0,1,0,0,1,1
2,correspondence,1,7.113387395077535e-05,2.321928094887362,0.0001651677404244,14,1.5157486282474914e-05,16.009609957636428,NN,NN,0,correspond,0,1,0,0,0,0,1,0,0,0,1
2,council,7,0.0004979371176554,0.15200309344505,7.568798222473684e-05,7,0.0002349410373783,12.055413647249551,NNP,NN,0,council,0,1,0,0,0,0,1,0,0,1,1
2,counsel,1,7.113387395077535e-05,1.0,7.113387395077535e-05,7,4.5472458847424745e-05,14.424647456915272,NN,NN,0,counsel,0,0,0,0,0,0,1,0,0,1,1
2,count,1,7.113387395077535e-05,0.5145731728297582,3.660358321452256e-05,5,0.0001364173765422,12.839684956194116,NNP,NN,0,count,0,0,0,0,0,0,1,0,0,1,1
2,court,25,0.0017783468487693,0.0,0.0,5,0.0010003940946433,9.965215838277976,NNP,NN,0,court,1,1,0,1,0,0,0,0,0,0,0
2,cream,2,0.0001422677479015,2.321928094887362,0.0003303354808489,5,3.0314972564949827e-05,15.009609957636428,NN,NN,0,cream,0,1,0,0,1,0,1,0,1,0,1
2,create,1,7.113387395077535e-05,2.321928094887362,0.0001651677404244,6,2.2736229423712372e-05,15.424647456915272,VB,VB,0,creat,0,0,0,0,1,0,1,0,0,0,1
2,credit,1,7.113387395077535e-05,0.7369655941662062,5.2423217681477176e-05,6,7.578743141237457e-05,13.687681862749066,NN,NN,0,credit,0,0,0,0,0,0,1,0,0,1,1
2,crime,2,0.0001422677479015,0.15200309344505,2.1625137778496237e-05,5,0.0002197835510958,12.151628962508855,NN,NN,0,crime,1,0,0,0,0,1,0,0,0,0,-1
2,criminal,1,7.113387395077535e-05,1.0,7.113387395077535e-05,8,7.578743141237457e-05,13.687681862749066,JJ,JJ,0,crimin,1,0,1,1,0,1,0,0,0,0,-1
2,criticize,1,7.113387395077535e-05,3.321928094887362,0.0002363016143752,9,7.578743141237457e-06,17.009609957636428,VBP,VB,0,critic,1,0,1,1,0,1,0,1,0,0,-1
2,cross,3,0.0002134016218523,1.3219280948873624,0.0002821015994211,5,6.0629945129899655e-05,14.009609957636428,NNP,NN,0,cross,1,0,0,1,0,1,0,1,0,0,-1
2,crucial,1,7.113387395077535e-05,1.7369655941662063,0.0001235570916322,7,3.0314972564949827e-05,15.009609957636428,JJ,JJ,0,crucial,0,0,0,0,0,0,1,0,0,1,1
2,crusade,1,7.113387395077535e-05,3.321928094887362,0.0002363016143752,7,7.578743141237457e-06,17.009609957636428,NN,NN,0,crusad,1,0,0,1,0,1,0,0,0,0,-1
2,curse,1,7.113387395077535e-05,2.321928094887362,0.0001651677404244,5,2.2736229423712372e-05,15.424647456915272,JJ,JJ,0,curs,1,0,1,1,0,1,0,1,0,0,-1
2,dance,3,0.0002134016218523,0.0,0.0,5,0.0002349410373783,12.055413647249551,NN,NN,0,danc,0,0,0,0,1,0,1,0,0,1,1
2,danger,1,7.113387395077535e-05,2.321928094887362,0.0001651677404244,6,1.5157486282474914e-05,16.009609957636428,NN,NN,0,danger,0,0,0,1,0,1,0,1,0,0,-1
2,dangerous,2,0.0001422677479015,0.7369655941662062,0.0001048464353629,9,8.336617455361203e-05,13.550178338999132,JJ,JJ,0,danger,0,0,0,1,0,1,0,0,0,0,-1
2,dashed,1,7.113387395077535e-05,1.7369655941662063,0.0001235570916322,6,2.2736229423712372e-05,15.424647456915272,VBN,VB,0,dash,1,0,0,1,0,1,0,1,0,0,-1
2,daughter,3,0.0002134016218523,0.15200309344505,3.2437706667744356e-05,8,0.0003865159002031,11.337184615664931,NN,NN,0,daughter,0,0,0,0,1,0,1,0,0,0,1
2,deal,1,7.113387395077535e-05,0.3219280948873623,2.289999252293088e-05,4,9.852366083608696e-05,13.309170239495336,NN,NN,0,deal,0,1,0,0,1,0,1,0,1,1,1
2,death,6,0.0004268032437046,0.0,0.0,5,0.0005229332767453,10.90108550085826,NN,NN,0,death,1,1,1,1,0,1,0,1,1,0,-1
2,defeated,1,7.113387395077535e-05,1.3219280948873624,9.403386647370623e-05,8,3.0314972564949827e-05,15.009609957636428,VBD,VB,0,defeat,0,0,0,0,0,1,0,1,0,0,-1
2,defendant,2,0.0001422677479015,1.3219280948873624,0.0001880677329474,9,4.5472458847424745e-05,14.424647456915272,NN,NN,0,defend,1,0,0,1,0,0,0,1,0,0,0
2,defense,8,0.0005690709916062,0.15200309344505,8.650055111398495e-05,7,0.0002955709825082,11.72420773877418,NN,NN,0,defens,1,1,0,1,0,0,1,0,0,0,1
2,degrading,1,7.113387395077535e-05,3.321928094887362,0.0002363016143752,9,7.578743141237457e-06,17.009609957636428,VBG,VB,0,degrad,0,0,1,1,0,1,0,1,0,0,-1
2,delinquent,1,7.113387395077535e-05,2.321928094887362,0.0001651677404244,10,1.5157486282474914e-05,16.009609957636428,NN,NN,0,delinqu,1,0,1,0,0,1,0,0,0,0,-1
2,delivery,1,7.113387395077535e-05,1.3219280948873624,9.403386647370623e-05,8,5.30512019886622e-05,14.202255035578824,NN,NN,0,deliveri,0,1,0,0,0,0,1,0,0,0,1
2,denied,1,7.113387395077535e-05,0.15200309344505,1.081256888924812e-05,6,0.0001667323491072,12.550178338999132,VBD,VB,0,deni,0,0,0,0,0,1,0,1,0,0,-1
2,deplorable,1,7.113387395077535e-05,3.321928094887362,0.0002363016143752,10,7.578743141237457e-06,17.009609957636428,JJ,JJ,0,deplor,1,0,1,1,0,1,0,1,0,0,-1
2,descent,1,7.113387395077535e-05,1.7369655941662063,0.0001235570916322,7,2.2736229423712372e-05,15.424647456915272,NN,NN,0,descent,0,0,0,1,0,0,0,1,0,0,0
2,destination,1,7.113387395077535e-05,2.321928094887362,0.0001651677404244,11,1.5157486282474914e-05,16.009609957636428,NN,NN,0,destin,0,1,0,1,1,0,1,1,1,0,1
2,determination,1,7.113387395077535e-05,1.7369655941662063,0.0001235570916322,13,2.2736229423712372e-05,15.424647456915272,NN,NN,0,determin,0,0,0,0,0,0,1,0,0,1,1
2,develop,2,0.0001422677479015,1.7369655941662063,0.0002471141832645,7,3.7893715706187286e-05,14.687681862749066,VB,VB,0,develop,0,1,0,0,0,0,1,0,0,0,1
2,diamond,1,7.113387395077535e-05,1.3219280948873624,9.403386647370623e-05,7,3.0314972564949827e-05,15.009609957636428,NN,NN,0,diamond,0,0,0,0,1,0,1,0,0,0,1
2,die,2,0.0001422677479015,0.7369655941662062,0.0001048464353629,3,9.852366083608696e-05,13.309170239495336,VB,VB,0,die,0,0,0,1,0,1,0,1,0,0,-1
2,diminish,1,7.113387395077535e-05,3.321928094887362,0.0002363016143752,8,7.578743141237457e-06,17.009609957636428,VB,VB,0,diminish,0,0,0,0,0,1,0,1,0,0,-1
2,diplomatic,1,7.113387395077535e-05,1.0,7.113387395077535e-05,10,4.5472458847424745e-05,14.424647456915272,JJ,JJ,0,diplomat,0,0,0,0,0,0,1,0,0,1,1
2,dire,1,7.113387395077535e-05,3.321928094887362,0.0002363016143752,4,7.578743141237457e-06,17.009609957636428,JJ,JJ,0,dire,0,0,1,1,0,1,0,1,1,0,-1
2,director,14,0.0009958742353108,0.0,0.0,8,0.0006593506532876,10.5666664617877,NN,NN,0,director,0,0,0,0,0,0,1,0,0,1,1
2,disappointing,1,7.113387395077535e-05,3.321928094887362,0.0002363016143752,13,7.578743141237457e-06,17.009609957636428,JJ,JJ,0,disappoint,0,0,0,0,0,1,0,1,0,0,-1
2,discipline,1,7.113387395077535e-05,3.321928094887362,0.0002363016143752,10,7.578743141237457e-06,17.009609957636428,NN,NN,0,disciplin,0,0,0,1,0,1,0,0,0,0,-1
2,discrimination,3,0.0002134016218523,0.15200309344505,3.2437706667744356e-05,14,0.000287992239367,11.761682444192845,NN,NN,0,discrimin,1,0,1,1,0,1,0,1,0,0,-1
2,disease,1,7.113387395077535e-05,1.0,7.113387395077535e-05,7,8.336617455361203e-05,13.550178338999132,NN,NN,0,diseas,1,0,1,1,0,1,0,1,0,0,-1
2,distressed,1,7.113387395077535e-05,2.321928094887362,0.0001651677404244,10,1.5157486282474914e-05,16.009609957636428,JJ,JJ,0,distress,0,0,0,1,0,1,0,0,0,0,-1
2,doctor,2,0.0001422677479015,0.0,0.0,6,0.0002425197805195,12.009609957636428,NN,NN,0,doctor,0,0,0,0,0,0,1,0,0,1,1
2,don,10,0.0007113387395077,0.0,0.0,3,0.0009397641495134,10.055413647249551,NNP,NN,1,don,0,0,0,0,0,0,1,0,0,1,1
2,doubt,2,0.0001422677479015,1.3219280948873624,0.0001880677329474,5,6.0629945129899655e-05,14.009609957636428,NN,NN,0,doubt,0,0,0,1,0,1,0,1,0,1,-1
2,dwarfed,1,7.113387395077535e-05,2.321928094887362,0.0001651677404244,7,1.5157486282474914e-05,16.009609957636428,VBN,VB,0,dwarf,0,0,0,1,0,1,0,1,0,0,-1
2,ecstasy,1,7.113387395077535e-05,3.321928094887362,0.0002363016143752,7,7.578743141237457e-06,17.009609957636428,NNP,NN,0,ecstasi,0,1,0,0,1,0,1,0,0,0,1
2,edict,1,7.113387395077535e-05,3.321928094887362,0.0002363016143752,5,7.578743141237457e-06,17.009609957636428,NN,NN,0,edict,0,0,0,1,0,1,0,0,0,0,-1
2,educational,2,0.0001422677479015,0.7369655941662062,0.0001048464353629,11,7.578743141237457e-05,13.687681862749066,JJ,JJ,0,educ,0,0,0,0,0,0,1,0,0,1,1
2,elder,1,7.113387395077535e-05,1.0,7.113387395077535e-05,5,3.7893715706187286e-05,14.687681862749066,NN,NN,0,elder,0,0,0,0,0,0,1,0,0,1,1
2,elect,1,7.113387395077535e-05,3.321928094887362,0.0002363016143752,5,7.578743141237457e-06,17.009609957636428,NNP,NN,0,elect,0,0,0,0,0,0,1,0,0,1,1
2,elegant,2,0.0001422677479015,1.0,0.0001422677479015,7,4.5472458847424745e-05,14.424647456915272,JJ,JJ,0,eleg,0,0,0,0,1,0,1,0,0,0,1
2,elite,1,7.113387395077535e-05,1.0,7.113387395077535e-05,5,3.7893715706187286e-05,14.687681862749066,JJ,JJ,0,elit,0,1,0,0,1,0,1,0,0,1,1
2,emergency,1,7.113387395077535e-05,1.3219280948873624,9.403386647370623e-05,9,3.7893715706187286e-05,14.687681862749066,NN,NN,0,emerg,0,0,0,1,0,1,0,1,1,0,-1
2,endanger,1,7.113387395077535e-05,3.321928094887362,0.0002363016143752,8,7.578743141237457e-06,17.009609957636428,VB,VB,0,endang,0,1,0,1,0,1,0,0,0,0,-1
2,enemy,3,0.0002134016218523,1.7369655941662063,0.0003706712748967,5,3.7893715706187286e-05,14.687681862749066,NN,NN,0,enemi,1,0,1,1,0,1,0,0,0,0,-1
2,enjoy,1,7.113387395077535e-05,0.7369655941662062,5.2423217681477176e-05,5,6.0629945129899655e-05,14.009609957636428,VB,VB,0,enjoy,0,1,0,0,1,0,1,0,0,1,1
2,entertainment,3,0.0002134016218523,0.0,0.0,13,0.0001743110922484,12.486048001579416,NNP,NN,0,entertain,0,1,0,0,1,0,1,0,1,1,1
2,esteem,1,7.113387395077535e-05,2.321928094887362,0.0001651677404244,6,1.5157486282474914e-05,16.009609957636428,NN,NN,0,esteem,0,0,0,0,1,0,1,1,0,1,1
2,evict,1,7.113387395077535e-05,3.321928094887362,0.0002363016143752,5,7.578743141237457e-06,17.009609957636428,VB,VB,0,evict,0,0,0,0,0,1,0,1,0,0,-1
2,examination,1,7.113387395077535e-05,1.3219280948873624,9.403386647370623e-05,11,3.0314972564949827e-05,15.009609957636428,NN,NN,0,examin,0,0,0,1,0,1,0,0,1,0,-1
2,exchange,2,0.0001422677479015,1.3219280948873624,0.0001880677329474,8,6.0629945129899655e-05,14.009609957636428,NN,NN,0,exchang,0,0,0,0,0,0,1,0,0,1,1
2,excited,2,0.0001422677479015,1.3219280948873624,0.0001880677329474,7,3.7893715706187286e-05,14.687681862749066,JJ,JJ,0,excit,0,1,0,0,1,0,1,0,1,1,1
2,excitement,3,0.0002134016218523,2.321928094887362,0.0004955032212734,10,3.0314972564949827e-05,15.009609957636428,NN,NN,0,excit,0,1,0,0,1,0,1,0,1,0,1
2,exciting,1,7.113387395077535e-05,0.7369655941662062,5.2423217681477176e-05,8,4.5472458847424745e-05,14.424647456915272,JJ,JJ,0,excit,0,1,0,0,1,0,1,0,1,0,1
2,excluding,1,7.113387395077535e-05,2.321928094887362,0.0001651677404244,9,1.5157486282474914e-05,16.009609957636428,VBG,VB,0,exclud,0,0,0,0,0,1,0,1,0,0,-1
2,execution,2,0.0001422677479015,1.7369655941662063,0.0002471141832645,9,3.0314972564949827e-05,15.009609957636428,NN,NN,0,execut,1,0,0,1,0,1,0,1,0,1,-1
2,experienced,1,7.113387395077535e-05,1.7369655941662063,0.0001235570916322,11,2.2736229423712372e-05,15.424647456915272,VBN,VB,0,experienc,0,0,0,0,0,0,1,0,0,1,1
2,explain,1,7.113387395077535e-05,1.3219280948873624,9.403386647370623e-05,7,3.7893715706187286e-05,14.687681862749066,VB,VB,0,explain,0,0,0,0,0,0,1,0,0,1,1
2,faculty,1,7.113387395077535e-05,1.3219280948873624,9.403386647370623e-05,7,7.578743141237457e-05,13.687681862749066,NN,NN,0,faculti,0,0,0,0,0,0,1,0,0,1,1
2,fall,1,7.113387395077535e-05,0.3219280948873623,2.289999252293088e-05,4,0.0001364173765422,12.839684956194116,NN,NN,0,fall,0,0,0,0,0,1,0,1,0,0,-1
2,falling,1,7.113387395077535e-05,2.321928094887362,0.0001651677404244,7,1.5157486282474914e-05,16.009609957636428,VBG,VB,0,fall,0,0,0,0,0,1,0,1,0,0,-1
2,fancy,1,7.113387395077535e-05,1.3219280948873624,9.403386647370623e-05,5,6.0629945129899655e-05,14.009609957636428,JJ,JJ,0,fanci,0,1,0,0,1,0,1,0,0,0,1
2,fat,1,7.113387395077535e-05,1.0,7.113387395077535e-05,3,7.578743141237457e-05,13.687681862749066,NNP,NN,0,fat,0,0,1,0,0,1,0,1,0,0,-1
2,fault,1,7.113387395077535e-05,2.321928094887362,0.0001651677404244,5,1.5157486282474914e-05,16.009609957636428,NN,NN,0,fault,0,0,0,0,0,1,0,1,0,0,-1
2,feeling,6,0.0004268032437046,0.3219280948873623,0.0001373999551375,7,0.0001591536059659,12.617292534857668,NN,NN,0,feel,1,1,1,1,1,1,1,1,1,1,0
2,fellow,1,7.113387395077535e-05,0.7369655941662062,5.2423217681477176e-05,6,7.578743141237457e-05,13.687681862749066,NN,NN,0,fellow,0,0,0,0,0,0,1,0,0,1,1
2,fight,2,0.0001422677479015,0.0,0.0,5,0.000416830872768,11.228250244111768,NN,NN,0,fight,1,0,0,1,0,1,0,0,0,0,-1
2,finally,4,0.0002845354958031,0.3219280948873623,9.159997009172352e-05,7,0.0001364173765422,12.839684956194116,RB,RB,0,final,0,1,1,0,1,0,1,0,1,1,1
2,firmness,1,7.113387395077535e-05,3.321928094887362,0.0002363016143752,8,7.578743141237457e-06,17.009609957636428,NN,NN,0,firm,0,0,0,0,0,0,1,0,0,1,1
2,flying,1,7.113387395077535e-05,1.0,7.113387395077535e-05,6,5.30512019886622e-05,14.202255035578824,VBG,VB,0,fli,0,0,0,1,0,0,1,0,0,0,1
2,food,1,7.113387395077535e-05,0.3219280948873623,2.289999252293088e-05,4,0.0001970473216721,12.309170239495336,NN,NN,0,food,0,0,0,0,1,0,1,0,0,1,1
2,fool,1,7.113387395077535e-05,3.321928094887362,0.0002363016143752,4,7.578743141237457e-06,17.009609957636428,NN,NN,0,fool,0,0,1,0,0,1,0,0,0,0,-1
2,football,7,0.0004979371176554,0.15200309344505,7.568798222473684e-05,8,0.0002046260648134,12.25472245547296,NN,NN,0,footbal,0,1,0,0,1,0,1,0,0,0,1
2,force,7,0.0004979371176554,0.15200309344505,7.568798222473684e-05,5,0.0002500985236608,11.965215838277976,NNP,NN,0,forc,1,0,0,1,0,1,0,0,0,0,-1
2,forced,2,0.0001422677479015,0.15200309344505,2.1625137778496237e-05,6,0.0001515748628247,12.687681862749066,VBN,VB,0,forc,0,0,0,1,0,1,0,0,0,0,-1
2,found,7,0.0004979371176554,0.0,0.0,5,0.0004698820747567,11.055413647249551,VBD,VB,0,found,0,0,0,0,1,0,1,0,0,1,1
2,frank,6,0.0004268032437046,0.0,0.0,5,0.000257677266802,11.922147116386087,NNP,NN,0,frank,0,0,0,0,0,0,1,0,0,1,1
2,friendly,1,7.113387395077535e-05,1.3219280948873624,9.403386647370623e-05,8,4.5472458847424745e-05,14.424647456915272,JJ,JJ,0,friendli,0,1,0,0,1,0,1,0,0,1,1
2,frustrated,1,7.113387395077535e-05,2.321928094887362,0.0001651677404244,10,2.2736229423712372e-05,15.424647456915272,JJ,VB,0,frustrat,1,0,0,0,0,1,0,0,0,0,-1
2,gem,1,7.113387395077535e-05,3.321928094887362,0.0002363016143752,3,7.578743141237457e-06,17.009609957636428,NN,NN,0,gem,0,0,0,0,1,0,1,0,0,0,1
2,general,9,0.0006402048655569,0.15200309344505,9.731312000323308e-05,7,0.0004319883590505,11.176719943471689,NNP,NN,0,gener,0,0,0,0,0,0,1,0,0,1,1
2,generous,2,0.0001422677479015,3.321928094887362,0.0004726032287505,8,1.5157486282474914e-05,16.009609957636428,JJ,JJ,0,gener,0,0,0,0,1,0,1,0,0,1,1
2,genuine,2,0.0001422677479015,2.321928094887362,0.0003303354808489,7,3.0314972564949827e-05,15.009609957636428,JJ,JJ,0,genuin,0,0,0,0,0,0,1,0,0,1,1
2,gift,5,0.0003556693697538,0.5145731728297582,0.0001830179160726,4,9.094491769484948e-05,13.424647456915272,NN,NN,0,gift,0,1,0,0,1,0,1,0,1,0,1
2,glitter,1,7.113387395077535e-05,2.321928094887362,0.0001651677404244,7,1.5157486282474914e-05,16.009609957636428,NN,NN,0,glitter,0,0,1,0,1,0,0,0,0,0,0
2,glorification,1,7.113387395077535e-05,3.321928094887362,0.0002363016143752,13,7.578743141237457e-06,17.009609957636428,NN,NN,0,glorif,0,0,0,0,1,0,1,0,0,0,1
2,god,2,0.0001422677479015,0.15200309344505,2.1625137778496237e-05,3,0.0001439961196835,12.761682444192845,NNP,NN,0,god,0,1,0,1,1,0,1,0,0,1,1
2,good,20,0.0014226774790155,0.0,0.0,4,0.0007502955709825,10.38025333755682,JJ,JJ,0,good,0,1,0,0,1,0,1,0,1,1,1
2,gospel,3,0.0002134016218523,0.7369655941662062,0.0001572696530444,6,7.578743141237457e-05,13.687681862749066,NNP,NN,0,gospel,0,0,0,0,0,0,1,0,0,1,1
2,government,4,0.0002845354958031,0.0,0.0,10,0.0004016733864855,11.28168950307323,NN,NN,0,govern,0,0,0,1,0,1,0,0,0,0,-1
2,graduation,2,0.0001422677479015,1.7369655941662063,0.0002471141832645,10,3.0314972564949827e-05,15.009609957636428,NN,NN,0,graduat,0,1,0,1,1,0,1,0,1,1,1
2,grandchildren,1,7.113387395077535e-05,2.321928094887362,0.0001651677404244,13,4.5472458847424745e-05,14.424647456915272,NN,NN,0,grandchildren,0,1,0,0,1,0,1,0,0,1,1
2,grant,1,7.113387395077535e-05,0.7369655941662062,5.2423217681477176e-05,5,7.578743141237457e-05,13.687681862749066,NNP,NN,0,grant,0,1,0,0,1,0,1,0,0,1,1
2,grating,1,7.113387395077535e-05,3.321928094887362,0.0002363016143752,7,7.578743141237457e-06,17.009609957636428,NN,NN,0,grate,1,0,1,0,0,1,0,0,0,0,-1
2,gratitude,1,7.113387395077535e-05,3.321928094887362,0.0002363016143752,9,7.578743141237457e-06,17.009609957636428,NN,NN,0,gratitud,0,0,0,0,1,0,1,0,0,0,1
2,green,2,0.0001422677479015,0.7369655941662062,0.0001048464353629,5,0.0001894685785309,12.365753767861705,NNP,NN,0,green,0,0,0,0,1,0,1,0,0,1,1
2,guarantee,3,0.0002134016218523,1.7369655941662063,0.0003706712748967,9,4.5472458847424745e-05,14.424647456915272,NN,NN,0,guarante,0,0,0,0,0,0,1,0,0,1,1
2,guard,6,0.0004268032437046,0.7369655941662062,0.0003145393060888,5,0.0001439961196835,12.761682444192845,NNP,NN,0,guard,0,0,0,1,0,0,1,0,0,1,1
2,guidance,1,7.113387395077535e-05,3.321928094887362,0.0002363016143752,8,7.578743141237457e-06,17.009609957636428,NN,NN,0,guidanc,0,0,0,0,0,0,1,0,0,1,1
2,guilty,1,7.113387395077535e-05,0.5145731728297582,3.660358321452256e-05,6,9.852366083608696e-05,13.309170239495336,JJ,JJ,0,guilti,1,0,0,0,0,1,0,1,0,0,-1
2,gun,2,0.0001422677479015,0.5145731728297582,7.320716642904513e-05,3,0.0001061024039773,13.202255035578824,NN,NN,0,gun,1,0,0,1,0,1,0,0,0,0,-1
2,happy,2,0.0001422677479015,0.3219280948873623,4.579998504586176e-05,5,0.0001667323491072,12.550178338999132,JJ,JJ,0,happi,0,1,0,0,1,0,1,0,0,1,1
2,harry,2,0.0001422677479015,0.3219280948873623,4.579998504586176e-05,5,0.0001212598902597,13.009609957636428,NNP,NN,0,harri,1,0,0,0,0,1,0,1,0,0,-1
2,harvest,1,7.113387395077535e-05,2.321928094887362,0.0001651677404244,7,2.2736229423712372e-05,15.424647456915272,NN,NN,0,harvest,0,1,0,0,1,0,1,0,0,0,1
2,heavenly,1,7.113387395077535e-05,3.321928094887362,0.0002363016143752,8,7.578743141237457e-06,17.009609957636428,RB,RB,0,heavenli,0,1,0,0,1,0,1,0,0,1,1
2,helpful,1,7.113387395077535e-05,1.7369655941662063,0.0001235570916322,7,2.2736229423712372e-05,15.424647456915272,JJ,JJ,0,help,0,0,0,0,1,0,1,0,0,1,1
2,heyday,1,7.113387395077535e-05,3.321928094887362,0.0002363016143752,6,7.578743141237457e-06,17.009609957636428,NN,NN,0,heyday,0,1,0,0,1,0,1,0,0,1,1
2,highest,3,0.0002134016218523,0.3219280948873623,6.869997756879265e-05,7,0.000128838633401,12.922147116386087,JJS,JJ,0,highest,0,1,0,1,1,1,1,0,1,0,0
2,hit,3,0.0002134016218523,0.0,0.0,3,0.0004547245884742,11.10271936202791,VBD,VB,0,hit,1,0,0,0,0,1,0,0,0,0,-1
2,holiday,1,7.113387395077535e-05,1.0,7.113387395077535e-05,7,5.30512019886622e-05,14.202255035578824,NNP,NN,0,holiday,0,1,0,0,1,0,1,0,0,0,1
2,homicide,1,7.113387395077535e-05,2.321928094887362,0.0001651677404244,8,1.5157486282474914e-05,16.009609957636428,NN,NN,0,homicid,1,0,1,1,0,1,0,1,0,0,-1
2,honor,5,0.0003556693697538,0.3219280948873623,0.0001144999626146,5,0.0001818898353896,12.424647456915272,NN,NN,0,honor,0,0,0,0,0,0,1,0,0,1,1
2,honorable,1,7.113387395077535e-05,3.321928094887362,0.0002363016143752,9,7.578743141237457e-06,17.009609957636428,JJ,JJ,0,honor,0,0,0,0,0,0,1,0,0,1,1
2,hope,1,7.113387395077535e-05,0.0,0.0,4,0.0001212598902597,13.009609957636428,VBP,VB,0,hope,0,1,0,0,1,0,1,0,1,1,1
2,hopeful,1,7.113387395077535e-05,3.321928094887362,0.0002363016143752,7,7.578743141237457e-06,17.009609957636428,JJ,JJ,0,hope,0,1,0,0,1,0,1,0,1,1,1
2,hospital,5,0.0003556693697538,0.0,0.0,8,0.0008563979749598,10.18943099522124,NNP,NN,0,hospit,0,0,0,1,0,0,0,1,0,1,0
2,hug,1,7.113387395077535e-05,3.321928094887362,0.0002363016143752,3,7.578743141237457e-06,17.009609957636428,NN,NN,0,hug,0,0,0,0,1,0,1,0,0,1,1
2,hunter,1,7.113387395077535e-05,0.7369655941662062,5.2423217681477176e-05,6,7.578743141237457e-05,13.687681862749066,NNP,NN,0,hunter,0,1,0,1,0,1,0,1,0,0,-1
2,hurricane,2,0.0001422677479015,3.321928094887362,0.0004726032287505,9,1.5157486282474914e-05,16.009609957636428,NNP,NN,0,hurrican,0,0,0,1,0,1,0,0,0,0,-1
2,illegal,1,7.113387395077535e-05,0.5145731728297582,3.660358321452256e-05,7,6.820868827113711e-05,13.839684956194116,JJ,JJ,0,illeg,1,0,1,1,0,1,0,1,0,0,-1
2,illness,1,7.113387395077535e-05,0.5145731728297582,3.660358321452256e-05,7,9.094491769484948e-05,13.424647456915272,NN,NN,0,ill,0,0,0,1,0,1,0,1,0,0,-1
2,impartial,1,7.113387395077535e-05,2.321928094887362,0.0001651677404244,9,1.5157486282474914e-05,16.009609957636428,JJ,JJ,0,imparti,0,0,0,0,0,0,1,0,0,1,1
2,important,2,0.0001422677479015,0.15200309344505,2.1625137778496237e-05,9,0.0001818898353896,12.424647456915272,JJ,JJ,0,import,0,0,0,0,0,0,1,0,0,1,1
2,improve,1,7.113387395077535e-05,1.0,7.113387395077535e-05,7,4.5472458847424745e-05,14.424647456915272,VB,VB,0,improv,0,1,0,0,1,0,1,0,0,1,1
2,improvement,1,7.113387395077535e-05,2.321928094887362,0.0001651677404244,11,1.5157486282474914e-05,16.009609957636428,NN,NN,0,improv,0,0,0,0,1,0,1,0,0,1,1
2,inadequate,1,7.113387395077535e-05,2.321928094887362,0.0001651677404244,10,1.5157486282474914e-05,16.009609957636428,JJ,JJ,0,inadequ,0,0,0,0,0,1,0,1,0,0,-1
2,indictment,1,7.113387395077535e-05,1.7369655941662063,0.0001235570916322,10,3.0314972564949827e-05,15.009609957636428,NN,NN,0,indict,0,0,0,1,0,1,0,0,0,0,-1
2,infant,1,7.113387395077535e-05,1.0,7.113387395077535e-05,6,5.30512019886622e-05,14.202255035578824,NN,NN,0,infant,0,1,0,1,1,0,1,0,1,0,1
2,infinity,1,7.113387395077535e-05,3.321928094887362,0.0002363016143752,8,7.578743141237457e-06,17.009609957636428,NN,NN,0,infin,0,1,0,0,1,0,1,0,0,1,1
2,inmate,1,7.113387395077535e-05,3.321928094887362,0.0002363016143752,6,7.578743141237457e-06,17.009609957636428,NN,NN,0,inmat,0,0,1,1,0,1,0,0,0,0,-1
2,instructor,1,7.113387395077535e-05,1.0,7.113387395077535e-05,10,5.30512019886622e-05,14.202255035578824,NN,NN,0,instructor,0,1,0,0,0,0,1,0,0,1,1
2,intelligence,1,7.113387395077535e-05,1.7369655941662063,0.0001235570916322,12,3.0314972564949827e-05,15.009609957636428,NN,NN,0,intellig,0,0,0,1,1,0,1,0,0,1,1
2,interested,3,0.0002134016218523,1.0,0.0002134016218523,10,6.820868827113711e-05,13.839684956194116,JJ,JJ,0,interest,0,0,1,0,0,0,1,1,0,0,1
2,interior,5,0.0003556693697538,1.7369655941662063,0.0006177854581612,8,6.0629945129899655e-05,14.009609957636428,JJ,JJ,0,interior,0,0,1,0,0,0,1,0,0,1,1
2,intimate,1,7.113387395077535e-05,1.3219280948873624,9.403386647370623e-05,8,3.7893715706187286e-05,14.687681862749066,JJ,JJ,0,intim,0,1,0,0,1,0,1,0,0,1,1
2,intruder,1,7.113387395077535e-05,3.321928094887362,0.0002363016143752,8,7.578743141237457e-06,17.009609957636428,NN,NN,0,intrud,1,0,0,1,0,1,0,0,1,0,-1
2,invitation,1,7.113387395077535e-05,1.7369655941662063,0.0001235570916322,10,2.2736229423712372e-05,15.424647456915272,NN,NN,0,invit,0,1,0,0,0,0,1,0,0,0,1
2,invocation,1,7.113387395077535e-05,3.321928094887362,0.0002363016143752,10,7.578743141237457e-06,17.009609957636428,NN,NN,0,invoc,0,1,0,0,0,0,0,0,0,1,0
2,irate,1,7.113387395077535e-05,1.3219280948873624,9.403386647370623e-05,5,3.0314972564949827e-05,15.009609957636428,NN,NN,0,irat,1,0,0,0,0,1,0,0,0,0,-1
2,jail,2,0.0001422677479015,0.15200309344505,2.1625137778496237e-05,4,0.000257677266802,11.922147116386087,NN,NN,0,jail,0,0,0,1,0,1,0,1,0,0,-1
2,john,23,0.0016360791008678,0.0,0.0,4,0.0008412404886773,10.215194091286325,NNP,NN,0,john,0,0,1,0,0,1,0,0,0,0,-1
2,journey,2,0.0001422677479015,3.321928094887362,0.0004726032287505,7,1.5157486282474914e-05,16.009609957636428,NNP,NN,0,journey,0,1,0,1,1,0,1,0,0,0,1
2,joy,2,0.0001422677479015,1.0,0.0001422677479015,3,6.820868827113711e-05,13.839684956194116,NNP,NN,0,joy,0,0,0,0,1,0,1,0,0,0,1
2,judiciary,1,7.113387395077535e-05,1.7369655941662063,0.0001235570916322,9,3.0314972564949827e-05,15.009609957636428,NNP,NN,0,judiciari,0,1,0,0,0,0,0,0,0,1,0
2,jump,1,7.113387395077535e-05,0.7369655941662062,5.2423217681477176e-05,4,8.336617455361203e-05,13.550178338999132,NN,NN,0,jump,0,0,0,0,1,0,1,0,0,0,1
2,justice,7,0.0004979371176554,0.0,0.0,7,0.0002349410373783,12.055413647249551,NNP,NN,0,justic,0,0,0,0,0,0,1,0,0,1,1
2,kind,3,0.0002134016218523,0.0,0.0,4,0.0002046260648134,12.25472245547296,NN,NN,0,kind,0,0,0,0,1,0,1,0,0,1,1
2,late,4,0.0002845354958031,0.0,0.0,4,0.0003031497256494,11.687681862749066,JJ,JJ,0,late,0,0,0,0,0,1,0,1,0,0,-1
2,launch,1,7.113387395077535e-05,2.321928094887362,0.0001651677404244,6,2.2736229423712372e-05,15.424647456915272,NNP,VB,0,launch,0,1,0,0,0,0,1,0,0,0,1
2,lawyer,1,7.113387395077535e-05,0.3219280948873623,2.289999252293088e-05,6,0.0001894685785309,12.365753767861705,NN,NN,0,lawyer,1,0,1,1,0,1,0,0,0,0,-1
2,leader,2,0.0001422677479015,0.0,0.0,6,0.0003107284687907,11.652057953018344,NN,NN,0,leader,0,0,0,0,0,0,1,0,0,1,1
2,leave,2,0.0001422677479015,0.3219280948873623,4.579998504586176e-05,5,0.0002046260648134,12.25472245547296,VB,VB,0,leav,0,0,0,0,0,1,0,1,1,0,-1
2,legal,12,0.0008536064874093,0.15200309344505,0.0001297508266709,5,0.0002728347530845,11.839684956194116,JJ,JJ,0,legal,0,0,0,0,0,0,1,0,0,1,1
2,legalized,1,7.113387395077535e-05,3.321928094887362,0.0002363016143752,9,7.578743141237457e-06,17.009609957636428,VBN,VB,0,legal,1,0,0,1,1,0,1,0,0,1,1
2,leisure,2,0.0001422677479015,3.321928094887362,0.0004726032287505,7,1.5157486282474914e-05,16.009609957636428,NN,NN,0,leisur,0,1,0,0,1,0,1,0,1,1,1
2,lemon,2,0.0001422677479015,3.321928094887362,0.0004726032287505,5,1.5157486282474914e-05,16.009609957636428,NN,NN,0,lemon,0,0,1,0,0,1,0,0,0,0,-1
2,lesson,1,7.113387395077535e-05,1.7369655941662063,0.0001235570916322,6,3.0314972564949827e-05,15.009609957636428,NN,NN,0,lesson,0,1,0,0,0,0,1,0,0,1,1
2,level,5,0.0003556693697538,1.3219280948873624,0.0004701693323685,5,6.0629945129899655e-05,14.009609957636428,NN,NN,0,level,0,0,0,0,0,0,1,0,0,1,1
2,liquor,2,0.0001422677479015,0.7369655941662062,0.0001048464353629,6,0.000128838633401,12.922147116386087,NN,NN,0,liquor,1,0,0,0,1,1,0,1,0,0,-1
2,lord,1,7.113387395077535e-05,1.3219280948873624,9.403386647370623e-05,4,4.5472458847424745e-05,14.424647456915272,NNP,NN,0,lord,0,0,1,0,0,1,1,0,0,1,0
2,lose,2,0.0001422677479015,0.7369655941662062,0.0001048464353629,4,0.0001212598902597,13.009609957636428,VB,VB,0,lose,1,0,1,1,0,1,0,1,1,0,-1
2,loss,3,0.0002134016218523,0.5145731728297582,0.0001098107496435,4,0.0001061024039773,13.202255035578824,NN,NN,0,loss,1,0,0,1,0,1,0,1,0,0,-1
2,lost,3,0.0002134016218523,0.15200309344505,3.2437706667744356e-05,4,0.0002046260648134,12.25472245547296,VBD,VB,0,lost,0,0,0,0,0,1,0,1,0,0,-1
2,love,14,0.0009958742353108,0.0,0.0,4,0.0005380907630278,10.859862838131749,NNP,NN,0,love,0,0,0,0,1,0,1,0,0,0,1
2,lovely,1,7.113387395077535e-05,0.7369655941662062,5.2423217681477176e-05,6,6.0629945129899655e-05,14.009609957636428,JJ,JJ,0,love,0,1,0,0,1,0,1,1,1,1,1
2,lover,2,0.0001422677479015,1.7369655941662063,0.0002471141832645,5,3.0314972564949827e-05,15.009609957636428,NN,NN,0,lover,0,1,0,0,1,0,1,0,0,1,1
2,loving,1,7.113387395077535e-05,1.3219280948873624,9.403386647370623e-05,6,4.5472458847424745e-05,14.424647456915272,NNP,NN,0,love,0,0,0,0,1,0,1,0,0,1,1
2,lower,2,0.0001422677479015,0.15200309344505,2.1625137778496237e-05,5,0.0001061024039773,13.202255035578824,JJR,JJ,0,lower,0,0,0,0,0,1,0,1,0,0,-1
2,luxurious,1,7.113387395077535e-05,2.321928094887362,0.0001651677404244,9,1.5157486282474914e-05,16.009609957636428,JJ,JJ,0,luxuri,0,0,0,0,1,0,1,0,0,0,1
2,luxury,1,7.113387395077535e-05,2.321928094887362,0.0001651677404244,6,2.2736229423712372e-05,15.424647456915272,NN,NN,0,luxuri,0,0,0,0,1,0,1,0,0,0,1
2,madness,1,7.113387395077535e-05,3.321928094887362,0.0002363016143752,7,7.578743141237457e-06,17.009609957636428,NNP,NN,0,mad,1,0,0,1,0,1,0,0,0,0,-1
2,majority,2,0.0001422677479015,1.3219280948873624,0.0001880677329474,8,6.820868827113711e-05,13.839684956194116,NN,NN,0,major,0,0,0,0,1,0,1,0,0,1,1
2,malpractice,1,7.113387395077535e-05,3.321928094887362,0.0002363016143752,11,7.578743141237457e-06,17.009609957636428,NN,NN,0,malpractic,1,0,0,0,0,1,0,0,0,0,-1
2,manage,1,7.113387395077535e-05,3.321928094887362,0.0002363016143752,6,7.578743141237457e-06,17.009609957636428,VB,VB,0,manag,0,0,0,0,0,0,1,0,0,1,1
2,management,1,7.113387395077535e-05,0.7369655941662062,5.2423217681477176e-05,10,9.852366083608696e-05,13.309170239495336,NN,NN,0,manag,0,0,0,0,0,0,1,0,0,1,1
2,margin,2,0.0001422677479015,2.321928094887362,0.0003303354808489,6,2.2736229423712372e-05,15.424647456915272,NN,NN,0,margin,0,0,0,0,0,1,0,1,0,0,-1
2,marriage,2,0.0001422677479015,0.0,0.0,8,0.0003789371570618,11.365753767861705,NN,NN,0,marriag,0,1,0,0,1,0,1,0,0,1,1
2,marry,2,0.0001422677479015,0.7369655941662062,0.0001048464353629,5,7.578743141237457e-05,13.687681862749066,VB,VB,0,marri,0,1,0,1,1,0,1,0,1,1,1
2,massacre,1,7.113387395077535e-05,1.7369655941662063,0.0001235570916322,8,3.0314972564949827e-05,15.009609957636428,NNP,NN,0,massacr,1,0,1,1,0,1,0,1,0,0,-1
2,mate,1,7.113387395077535e-05,0.5145731728297582,3.660358321452256e-05,4,9.852366083608696e-05,13.309170239495336,NN,NN,0,mate,0,0,0,0,0,0,1,0,0,1,1
2,measured,2,0.0001422677479015,1.7369655941662063,0.0002471141832645,8,3.0314972564949827e-05,15.009609957636428,VBN,VB,0,measur,0,0,0,0,0,0,1,0,0,1,1
2,medical,7,0.0004979371176554,0.15200309344505,7.568798222473684e-05,7,0.0003258859550732,11.58334520293433,JJ,JJ,0,medic,0,1,0,1,0,0,1,0,0,1,1
2,missing,1,7.113387395077535e-05,1.0,7.113387395077535e-05,7,5.30512019886622e-05,14.202255035578824,VBG,VB,0,miss,0,0,0,1,0,1,0,1,0,0,-1
2,mistaken,1,7.113387395077535e-05,2.321928094887362,0.0001651677404244,8,2.2736229423712372e-05,15.424647456915272,JJ,JJ,0,mistaken,0,0,0,1,0,1,0,0,0,0,-1
2,mistress,2,0.0001422677479015,2.321928094887362,0.0003303354808489,8,2.2736229423712372e-05,15.424647456915272,NN,NN,0,mistress,1,0,1,0,0,1,0,0,0,0,-1
2,monetary,1,7.113387395077535e-05,3.321928094887362,0.0002363016143752,8,7.578743141237457e-06,17.009609957636428,JJ,JJ,0,monetari,0,1,0,0,0,0,1,0,0,0,1
2,money,1,7.113387395077535e-05,0.15200309344505,1.081256888924812e-05,5,0.0004395671021917,11.151628962508855,NN,NN,0,money,1,1,0,0,1,0,1,0,1,1,1
2,moody,1,7.113387395077535e-05,2.321928094887362,0.0001651677404244,5,1.5157486282474914e-05,16.009609957636428,NNP,NN,0,moodi,1,0,0,0,0,1,0,1,0,0,-1
2,morals,1,7.113387395077535e-05,2.321928094887362,0.0001651677404244,6,1.5157486282474914e-05,16.009609957636428,NNS,NN,0,moral,1,1,1,0,1,0,1,0,1,1,1
2,mother,1,7.113387395077535e-05,0.0,0.0,6,0.0004623033316154,11.07887262007354,NN,NN,0,mother,0,1,0,0,1,1,1,1,0,1,0
2,murder,2,0.0001422677479015,0.15200309344505,2.1625137778496237e-05,6,0.0002046260648134,12.25472245547296,NN,NN,0,murder,1,0,1,1,0,1,0,1,1,0,-1
2,music,13,0.00092474036136,0.0,0.0,5,0.0005684057355928,10.780791267140549,NN,NN,0,music,0,0,0,0,1,0,1,1,0,0,1
2,negro,2,0.0001422677479015,0.0,0.0,5,0.0029557098250826,8.402279643886818,NNP,NN,0,negro,0,0,0,0,0,1,0,1,0,0,-1
2,neighbor,1,7.113387395077535e-05,1.3219280948873624,9.403386647370623e-05,8,3.0314972564949827e-05,15.009609957636428,NN,NN,0,neighbor,0,1,0,0,0,0,1,0,0,1,1
2,nervous,1,7.113387395077535e-05,1.3219280948873624,9.403386647370623e-05,7,3.7893715706187286e-05,14.687681862749066,JJ,JJ,0,nervou,0,1,0,1,0,1,0,0,0,0,-1
2,nicotine,1,7.113387395077535e-05,1.3219280948873624,9.403386647370623e-05,8,6.0629945129899655e-05,14.009609957636428,JJ,JJ,0,nicotin,0,0,1,0,0,1,0,0,0,0,-1
2,nightmare,1,7.113387395077535e-05,3.321928094887362,0.0002363016143752,9,7.578743141237457e-06,17.009609957636428,NNP,NN,0,nightmar,0,0,0,1,0,1,0,0,0,0,-1
2,obvious,1,7.113387395077535e-05,1.7369655941662063,0.0001235570916322,7,3.0314972564949827e-05,15.009609957636428,JJ,JJ,0,obviou,0,0,0,0,0,0,1,0,0,1,1
2,officer,2,0.0001422677479015,0.0,0.0,7,0.0002122048079546,12.202255035578824,NN,NN,0,offic,0,0,0,0,0,0,1,0,0,1,1
2,opera,2,0.0001422677479015,0.7369655941662062,0.0001048464353629,5,8.336617455361203e-05,13.550178338999132,NNP,NN,0,opera,1,1,0,1,1,0,1,1,1,1,1
2,operation,2,0.0001422677479015,0.15200309344505,2.1625137778496237e-05,9,0.0001667323491072,12.550178338999132,NN,NN,0,oper,0,0,0,1,0,0,0,0,0,1,0
2,opponent,1,7.113387395077535e-05,1.3219280948873624,9.403386647370623e-05,8,3.0314972564949827e-05,15.009609957636428,NN,NN,0,oppon,1,1,1,1,0,1,0,0,0,0,-1
2,opportunity,5,0.0003556693697538,0.5145731728297582,0.0001830179160726,11,0.0001212598902597,13.009609957636428,NN,NN,0,opportun,0,1,0,0,0,0,1,0,0,0,1
2,opposed,2,0.0001422677479015,1.3219280948873624,0.0001880677329474,7,4.5472458847424745e-05,14.424647456915272,VBD,VB,0,oppos,1,0,0,1,0,1,0,0,0,0,-1
2,opposition,2,0.0001422677479015,1.3219280948873624,0.0001880677329474,10,6.820868827113711e-05,13.839684956194116,NN,NN,0,opposit,1,0,0,0,0,1,0,0,0,0,-1
2,ordained,1,7.113387395077535e-05,1.7369655941662063,0.0001235570916322,8,3.7893715706187286e-05,14.687681862749066,VBN,VB,0,ordain,0,0,0,0,0,0,1,0,0,1,1
2,organization,4,0.0002845354958031,0.5145731728297582,0.000146414332858,12,0.0002197835510958,12.151628962508855,NN,NN,0,organ,0,1,0,0,1,0,1,0,1,1,1
2,oust,1,7.113387395077535e-05,3.321928094887362,0.0002363016143752,4,7.578743141237457e-06,17.009609957636428,VB,VB,0,oust,1,0,0,0,0,1,0,1,0,0,-1
2,outstanding,2,0.0001422677479015,0.5145731728297582,7.320716642904513e-05,11,6.0629945129899655e-05,14.009609957636428,JJ,JJ,0,outstand,0,0,0,0,1,1,1,0,0,0,0
2,parade,1,7.113387395077535e-05,1.7369655941662063,0.0001235570916322,6,3.0314972564949827e-05,15.009609957636428,NN,NN,0,parad,0,1,0,1,1,1,1,0,1,0,0
2,paralyzed,1,7.113387395077535e-05,2.321928094887362,0.0001651677404244,9,2.2736229423712372e-05,15.424647456915272,VBN,VB,0,paralyz,1,0,0,1,0,1,0,1,1,0,-1
2,passion,1,7.113387395077535e-05,1.7369655941662063,0.0001235570916322,7,2.2736229423712372e-05,15.424647456915272,NN,NN,0,passion,0,1,0,0,1,0,1,0,0,1,1
2,patient,1,7.113387395077535e-05,1.3219280948873624,9.403386647370623e-05,7,4.5472458847424745e-05,14.424647456915272,NN,NN,0,patient,0,1,0,0,0,0,1,0,0,0,1
2,patronage,1,7.113387395077535e-05,2.321928094887362,0.0001651677404244,9,1.5157486282474914e-05,16.009609957636428,NN,NN,0,patronag,0,0,0,0,0,0,1,0,0,1,1
2,pay,4,0.0002845354958031,0.0,0.0,3,0.0003031497256494,11.687681862749066,VB,VB,0,pay,0,1,0,0,1,0,1,0,0,1,1
2,peace,2,0.0001422677479015,1.3219280948873624,0.0001880677329474,5,6.820868827113711e-05,13.839684956194116,NN,NN,0,peac,0,1,0,0,1,0,1,0,0,1,1
2,perfect,1,7.113387395077535e-05,0.7369655941662062,5.2423217681477176e-05,7,4.5472458847424745e-05,14.424647456915272,JJ,JJ,0,perfect,0,1,0,0,1,0,1,0,0,1,1
2,physician,2,0.0001422677479015,0.3219280948873623,4.579998504586176e-05,9,0.000128838633401,12.922147116386087,NN,NN,0,physician,0,0,0,0,0,0,1,0,0,1,1
2,pill,1,7.113387395077535e-05,2.321928094887362,0.0001651677404244,4,1.5157486282474914e-05,16.009609957636428,NN,NN,0,pill,0,0,0,0,0,0,1,0,0,1,1
2,pilot,1,7.113387395077535e-05,2.321928094887362,0.0001651677404244,5,1.5157486282474914e-05,16.009609957636428,NN,NN,0,pilot,0,0,0,0,0,0,1,0,0,1,1
2,planning,1,7.113387395077535e-05,0.3219280948873623,2.289999252293088e-05,8,8.336617455361203e-05,13.550178338999132,VBG,VB,0,plan,0,1,0,0,0,0,1,0,0,1,1
2,police,6,0.0004268032437046,0.0,0.0,6,0.0011368114711856,9.780791267140549,NN,NN,0,polic,0,0,0,1,0,0,1,0,0,1,1
2,pollution,1,7.113387395077535e-05,3.321928094887362,0.0002363016143752,9,7.578743141237457e-06,17.009609957636428,NN,NN,0,pollut,0,0,1,0,0,1,0,0,0,0,-1
2,pound,2,0.0001422677479015,0.15200309344505,2.1625137778496237e-05,5,0.0001136811471185,13.10271936202791,NN,NN,0,pound,1,0,0,0,0,1,0,0,0,0,-1
2,praise,1,7.113387395077535e-05,0.7369655941662062,5.2423217681477176e-05,6,6.820868827113711e-05,13.839684956194116,NN,NN,0,prais,0,0,0,0,1,0,1,0,0,1,1
2,pray,1,7.113387395077535e-05,2.321928094887362,0.0001651677404244,4,1.5157486282474914e-05,16.009609957636428,NN,NN,0,pray,0,1,0,1,1,0,1,0,1,1,1
2,prejudice,1,7.113387395077535e-05,0.7369655941662062,5.2423217681477176e-05,9,6.0629945129899655e-05,14.009609957636428,NN,NN,0,prejudic,1,0,0,0,0,1,0,0,0,0,-1
2,prepared,1,7.113387395077535e-05,0.5145731728297582,3.660358321452256e-05,8,6.820868827113711e-05,13.839684956194116,VBN,VB,0,prepar,0,1,0,0,0,0,1,0,0,1,1
2,present,2,0.0001422677479015,0.15200309344505,2.1625137778496237e-05,7,0.0001591536059659,12.617292534857668,JJ,JJ,0,present,0,1,0,0,1,0,1,0,1,1,1
2,president,23,0.0016360791008678,0.0,0.0,9,0.0017961621244732,9.12086670873817,NNP,NN,0,presid,0,0,0,0,0,0,1,0,0,1,1
2,prevention,1,7.113387395077535e-05,3.321928094887362,0.0002363016143752,10,7.578743141237457e-06,17.009609957636428,NN,NN,0,prevent,0,1,0,0,0,0,1,0,0,0,1
2,pride,2,0.0001422677479015,1.0,0.0001422677479015,5,6.820868827113711e-05,13.839684956194116,NN,NN,0,pride,0,0,0,0,1,0,1,0,0,0,1
2,principal,1,7.113387395077535e-05,0.5145731728297582,3.660358321452256e-05,9,8.336617455361203e-05,13.550178338999132,NN,NN,0,princip,0,0,0,0,0,0,1,0,0,1,1
2,prison,3,0.0002134016218523,0.3219280948873623,6.869997756879265e-05,6,0.0002046260648134,12.25472245547296,NN,NN,0,prison,1,0,0,1,0,1,0,1,0,0,-1
2,problem,6,0.0004268032437046,0.15200309344505,6.487541333548871e-05,7,0.0002273622942371,12.10271936202791,NN,NN,0,problem,0,0,0,1,0,1,0,1,0,0,-1
2,production,2,0.0001422677479015,0.5145731728297582,7.320716642904513e-05,10,0.0001212598902597,13.009609957636428,NNP,NN,0,product,0,1,0,0,0,0,1,0,0,0,1
2,professional,1,7.113387395077535e-05,0.0,0.0,12,0.0001439961196835,12.761682444192845,JJ,JJ,0,profession,0,0,0,0,0,0,1,0,0,1,1
2,professor,3,0.0002134016218523,0.15200309344505,3.2437706667744356e-05,9,0.0001818898353896,12.424647456915272,NN,NN,0,professor,0,0,0,0,0,0,1,0,0,1,1
2,progress,1,7.113387395077535e-05,0.5145731728297582,3.660358321452256e-05,8,0.000128838633401,12.922147116386087,NNP,NN,0,progress,0,1,0,0,1,0,1,0,0,0,1
2,proud,2,0.0001422677479015,0.5145731728297582,7.320716642904513e-05,5,9.852366083608696e-05,13.309170239495336,JJ,JJ,0,proud,0,1,0,0,1,0,1,0,0,1,1
2,provide,1,7.113387395077535e-05,0.7369655941662062,5.2423217681477176e-05,7,7.578743141237457e-05,13.687681862749066,VB,VB,0,provid,0,0,0,0,0,0,1,0,0,1,1
2,public,12,0.0008536064874093,0.0,0.0,6,0.0005835632218752,10.742823416941526,JJ,JJ,0,public,0,1,0,0,0,0,1,0,0,0,1
2,qualified,1,7.113387395077535e-05,1.0,7.113387395077535e-05,9,3.7893715706187286e-05,14.687681862749066,JJ,JJ,0,qualifi,0,0,0,0,0,0,1,0,0,1,1
2,quiet,6,0.0004268032437046,1.3219280948873624,0.0005642031988422,5,7.578743141237457e-05,13.687681862749066,JJ,JJ,0,quiet,0,0,0,0,0,0,1,1,0,0,1
2,quote,1,7.113387395077535e-05,2.321928094887362,0.0001651677404244,5,1.5157486282474914e-05,16.009609957636428,NN,NN,0,quot,0,1,0,0,0,1,1,0,1,0,0
2,rabid,1,7.113387395077535e-05,3.321928094887362,0.0002363016143752,5,7.578743141237457e-06,17.009609957636428,JJ,JJ,0,rabid,1,1,1,1,0,1,0,1,0,0,-1
2,real,4,0.0002845354958031,0.0,0.0,4,0.0003107284687907,11.652057953018344,JJ,JJ,0,real,0,0,0,0,0,0,1,0,0,1,1
2,receiving,2,0.0001422677479015,1.0,0.0001422677479015,9,9.094491769484948e-05,13.424647456915272,VBG,VB,0,receiv,0,1,0,0,1,0,1,0,1,0,1
2,refused,3,0.0002134016218523,0.0,0.0,7,0.0002500985236608,11.965215838277976,VBD,VB,0,refus,0,0,0,0,0,1,0,1,0,0,-1
2,reliable,1,7.113387395077535e-05,1.7369655941662063,0.0001235570916322,8,3.0314972564949827e-05,15.009609957636428,JJ,JJ,0,reliabl,0,0,0,0,0,0,1,0,0,1,1
2,reluctant,1,7.113387395077535e-05,2.321928094887362,0.0001651677404244,9,1.5157486282474914e-05,16.009609957636428,JJ,JJ,0,reluct,0,0,0,1,0,1,0,0,0,0,-1
2,remains,1,7.113387395077535e-05,1.3219280948873624,9.403386647370623e-05,7,3.7893715706187286e-05,14.687681862749066,VBZ,VB,0,remain,0,0,1,1,0,1,1,0,0,1,0
2,remarkable,1,7.113387395077535e-05,1.7369655941662063,0.0001235570916322,10,3.0314972564949827e-05,15.009609957636428,JJ,JJ,0,remark,0,0,0,0,1,0,1,0,1,1,1
2,remove,1,7.113387395077535e-05,1.7369655941662063,0.0001235570916322,6,2.2736229423712372e-05,15.424647456915272,VB,VB,0,remov,1,0,0,1,0,1,0,1,0,0,-1
2,rescue,1,7.113387395077535e-05,2.321928094887362,0.0001651677404244,6,1.5157486282474914e-05,16.009609957636428,NN,NN,0,rescu,0,1,0,0,1,0,1,0,1,1,1
2,resent,1,7.113387395077535e-05,2.321928094887362,0.0001651677404244,6,3.0314972564949827e-05,15.009609957636428,VBP,VB,0,resent,1,0,0,0,0,1,0,0,0,0,-1
2,resign,1,7.113387395077535e-05,1.3219280948873624,9.403386647370623e-05,6,3.0314972564949827e-05,15.009609957636428,VB,VB,0,resign,1,0,1,1,0,1,0,1,0,0,-1
2,resignation,1,7.113387395077535e-05,1.3219280948873624,9.403386647370623e-05,11,6.0629945129899655e-05,14.009609957636428,NN,NN,0,resign,0,0,0,0,0,1,0,1,1,0,-1
2,resources,1,7.113387395077535e-05,2.321928094887362,0.0001651677404244,9,3.0314972564949827e-05,15.009609957636428,NNS,NN,0,resourc,0,0,0,0,1,0,1,0,0,1,1
2,respects,1,7.113387395077535e-05,1.7369655941662063,0.0001235570916322,8,2.2736229423712372e-05,15.424647456915272,NNS,NN,0,respect,0,0,0,0,0,0,1,0,0,1,1
2,responsible,3,0.0002134016218523,0.5145731728297582,0.0001098107496435,11,9.094491769484948e-05,13.424647456915272,JJ,JJ,0,respons,0,0,0,0,0,0,1,0,0,1,1
2,restorative,1,7.113387395077535e-05,3.321928094887362,0.0002363016143752,11,7.578743141237457e-06,17.009609957636428,JJ,JJ,0,restor,0,1,0,0,1,0,1,0,0,1,1
2,retirement,2,0.0001422677479015,1.3219280948873624,0.0001880677329474,10,3.7893715706187286e-05,14.687681862749066,NN,NN,0,retir,0,1,0,1,1,1,1,1,0,1,0
2,rising,2,0.0001422677479015,2.321928094887362,0.0003303354808489,6,2.2736229423712372e-05,15.424647456915272,VBG,VB,0,rise,0,1,0,0,1,0,1,0,0,0,1
2,robber,1,7.113387395077535e-05,1.7369655941662063,0.0001235570916322,6,2.2736229423712372e-05,15.424647456915272,NN,NN,0,robber,0,0,1,1,0,1,0,0,0,0,-1
2,romance,1,7.113387395077535e-05,0.7369655941662062,5.2423217681477176e-05,7,6.820868827113711e-05,13.839684956194116,NN,NN,0,romanc,0,1,0,1,1,0,1,1,1,1,1
2,routine,1,7.113387395077535e-05,1.0,7.113387395077535e-05,7,3.7893715706187286e-05,14.687681862749066,NN,NN,0,routin,0,0,0,0,0,0,1,0,0,1,1
2,rue,1,7.113387395077535e-05,3.321928094887362,0.0002363016143752,3,7.578743141237457e-06,17.009609957636428,NNP,NN,0,rue,0,0,0,0,0,1,0,1,0,0,-1
2,rumor,1,7.113387395077535e-05,3.321928094887362,0.0002363016143752,5,7.578743141237457e-06,17.009609957636428,NNP,NN,0,rumor,0,0,0,0,0,1,0,1,0,0,-1
2,safe,1,7.113387395077535e-05,1.3219280948873624,9.403386647370623e-05,4,3.7893715706187286e-05,14.687681862749066,JJ,JJ,0,safe,0,0,0,0,1,0,1,0,0,1,1
2,scholarship,6,0.0004268032437046,1.3219280948873624,0.0005642031988422,11,0.0001061024039773,13.202255035578824,NN,NN,0,scholarship,0,0,0,0,1,0,1,0,0,0,1
2,scream,1,7.113387395077535e-05,3.321928094887362,0.0002363016143752,6,7.578743141237457e-06,17.009609957636428,NNP,NN,0,scream,1,0,1,1,0,1,0,0,1,0,-1
2,screaming,1,7.113387395077535e-05,3.321928094887362,0.0002363016143752,9,7.578743141237457e-06,17.009609957636428,NN,NN,0,scream,1,0,1,1,0,1,0,0,0,0,-1
2,sensuous,1,7.113387395077535e-05,1.7369655941662063,0.0001235570916322,8,3.7893715706187286e-05,14.687681862749066,JJ,JJ,0,sensuou,0,0,0,0,1,0,1,0,0,0,1
2,sentence,1,7.113387395077535e-05,0.0,0.0,8,0.0001591536059659,12.617292534857668,NN,NN,0,sentenc,1,1,1,1,0,1,0,1,0,0,-1
2,serve,4,0.0002845354958031,0.7369655941662062,0.0002096928707259,5,0.0001212598902597,13.009609957636428,VB,VB,0,serv,0,0,0,0,0,1,0,0,0,1,-1
2,sex,6,0.0004268032437046,0.3219280948873623,0.0001373999551375,3,0.0001970473216721,12.309170239495336,NN,NN,0,sex,0,1,0,0,1,0,1,0,0,1,1
2,share,2,0.0001422677479015,0.3219280948873623,4.579998504586176e-05,5,0.0001743110922484,12.486048001579416,NN,NN,0,share,0,1,0,0,1,0,1,0,0,1,1
2,shock,1,7.113387395077535e-05,1.3219280948873624,9.403386647370623e-05,5,3.0314972564949827e-05,15.009609957636428,NN,NN,0,shock,1,0,0,1,0,1,0,0,1,0,-1
2,shoot,1,7.113387395077535e-05,1.7369655941662063,0.0001235570916322,5,3.0314972564949827e-05,15.009609957636428,VB,VB,0,shoot,1,0,0,1,0,1,0,0,0,0,-1
2,shooting,1,7.113387395077535e-05,0.7369655941662062,5.2423217681477176e-05,8,8.336617455361203e-05,13.550178338999132,NN,NN,0,shoot,1,0,0,1,0,1,0,0,0,0,-1
2,sir,1,7.113387395077535e-05,1.3219280948873624,9.403386647370623e-05,3,3.7893715706187286e-05,14.687681862749066,NNP,NN,0,sir,0,0,0,0,0,0,1,0,0,1,1
2,slavery,2,0.0001422677479015,2.321928094887362,0.0003303354808489,7,3.0314972564949827e-05,15.009609957636428,NN,NN,0,slaveri,1,0,1,1,0,1,0,1,0,0,-1
2,slip,1,7.113387395077535e-05,1.0,7.113387395077535e-05,4,6.0629945129899655e-05,14.009609957636428,NN,NN,0,slip,0,0,0,0,0,1,0,0,1,0,-1
2,smash,1,7.113387395077535e-05,2.321928094887362,0.0001651677404244,5,1.5157486282474914e-05,16.009609957636428,JJ,JJ,0,smash,1,0,0,1,0,1,0,0,0,0,-1
2,smile,1,7.113387395077535e-05,1.3219280948873624,9.403386647370623e-05,5,3.7893715706187286e-05,14.687681862749066,NN,NN,0,smile,0,0,0,0,1,0,1,0,1,1,1
2,special,7,0.0004979371176554,0.15200309344505,7.568798222473684e-05,7,0.0003562009276381,11.45502110595879,JJ,JJ,0,special,0,0,0,0,1,0,1,0,0,0,1
2,speculation,1,7.113387395077535e-05,1.7369655941662063,0.0001235570916322,11,2.2736229423712372e-05,15.424647456915272,NN,NN,0,specul,0,0,0,1,0,1,0,1,0,0,-1
2,stamina,1,7.113387395077535e-05,3.321928094887362,0.0002363016143752,7,7.578743141237457e-06,17.009609957636428,NN,NN,0,stamina,0,0,0,0,0,0,1,0,0,1,1
2,star,7,0.0004979371176554,0.15200309344505,7.568798222473684e-05,4,0.0005229332767453,10.90108550085826,NN,NN,0,star,0,1,0,0,1,0,1,0,0,1,1
2,statement,1,7.113387395077535e-05,0.5145731728297582,3.660358321452256e-05,9,7.578743141237457e-05,13.687681862749066,NN,NN,0,statement,0,0,0,0,0,0,1,0,0,1,1
2,stolen,1,7.113387395077535e-05,1.3219280948873624,9.403386647370623e-05,6,3.0314972564949827e-05,15.009609957636428,VBN,VB,0,stolen,1,0,0,0,0,1,0,0,0,0,-1
2,store,1,7.113387395077535e-05,0.15200309344505,1.081256888924812e-05,5,0.0002273622942371,12.10271936202791,NN,NN,0,store,0,1,0,0,0,0,1,0,0,0,1
2,strength,2,0.0001422677479015,0.5145731728297582,7.320716642904513e-05,8,6.820868827113711e-05,13.839684956194116,NN,NN,0,strength,0,0,0,0,0,0,1,0,0,1,1
2,structure,1,7.113387395077535e-05,1.7369655941662063,0.0001235570916322,9,2.2736229423712372e-05,15.424647456915272,NN,NN,0,structur,0,0,0,0,0,0,1,0,0,1,1
2,struggle,1,7.113387395077535e-05,1.7369655941662063,0.0001235570916322,8,3.0314972564949827e-05,15.009609957636428,NN,NN,0,struggl,1,0,0,1,0,1,0,1,0,0,-1
2,succeed,1,7.113387395077535e-05,1.7369655941662063,0.0001235570916322,7,2.2736229423712372e-05,15.424647456915272,VB,VB,0,succeed,0,1,0,0,1,0,1,0,1,1,1
2,success,3,0.0002134016218523,0.3219280948873623,6.869997756879265e-05,7,0.000128838633401,12.922147116386087,NN,NN,0,success,0,1,0,0,1,0,1,0,0,0,1
2,successful,2,0.0001422677479015,1.0,0.0001422677479015,10,9.094491769484948e-05,13.424647456915272,JJ,JJ,0,success,0,1,0,0,1,0,1,0,0,1,1
2,sun,2,0.0001422677479015,0.7369655941662062,0.0001048464353629,3,8.336617455361203e-05,13.550178338999132,NNP,NN,0,sun,0,1,0,0,1,0,1,0,1,1,1
2,sunshine,1,7.113387395077535e-05,1.3219280948873624,9.403386647370623e-05,8,3.7893715706187286e-05,14.687681862749066,NNP,NN,0,sunshin,0,0,0,0,1,0,1,0,0,0,1
2,supporter,1,7.113387395077535e-05,2.321928094887362,0.0001651677404244,9,1.5157486282474914e-05,16.009609957636428,NN,NN,0,support,0,0,0,0,1,0,1,0,0,1,1
2,surprisingly,1,7.113387395077535e-05,2.321928094887362,0.0001651677404244,12,1.5157486282474914e-05,16.009609957636428,RB,RB,0,surprisingli,0,1,0,0,0,0,0,0,1,0,0
2,sweet,2,0.0001422677479015,1.7369655941662063,0.0002471141832645,5,3.0314972564949827e-05,15.009609957636428,NNP,NN,0,sweet,0,1,0,0,1,0,1,0,1,1,1
2,teacher,2,0.0001422677479015,0.15200309344505,2.1625137778496237e-05,7,0.0001894685785309,12.365753767861705,NN,NN,0,teacher,0,0,0,0,0,0,1,0,0,1,1
2,theory,1,7.113387395077535e-05,2.321928094887362,0.0001651677404244,6,1.5157486282474914e-05,16.009609957636428,NN,NN,0,theori,0,1,0,0,0,0,0,0,0,1,0
2,threat,1,7.113387395077535e-05,1.0,7.113387395077535e-05,6,6.820868827113711e-05,13.839684956194116,NN,NN,0,threat,1,0,0,1,0,1,0,0,0,0,-1
2,threatening,1,7.113387395077535e-05,1.0,7.113387395077535e-05,11,4.5472458847424745e-05,14.424647456915272,VBG,VB,0,threaten,1,0,1,1,0,1,0,0,0,0,-1
2,tickle,1,7.113387395077535e-05,3.321928094887362,0.0002363016143752,6,7.578743141237457e-06,17.009609957636428,NN,NN,0,tickl,0,1,0,0,1,0,1,0,1,1,1
2,title,6,0.0004268032437046,0.0,0.0,5,0.000287992239367,11.761682444192845,NN,NN,0,titl,0,0,0,0,0,0,1,0,0,1,1
2,top,6,0.0004268032437046,0.0,0.0,3,0.0005684057355928,10.780791267140549,JJ,JJ,0,top,0,1,0,0,0,0,1,0,0,1,1
2,treat,1,7.113387395077535e-05,1.7369655941662063,0.0001235570916322,5,3.0314972564949827e-05,15.009609957636428,NN,NN,0,treat,1,1,1,1,1,1,1,1,1,1,0
2,trophy,1,7.113387395077535e-05,1.7369655941662063,0.0001235570916322,6,2.2736229423712372e-05,15.424647456915272,NNP,NN,0,trophi,0,1,0,0,1,0,1,0,1,1,1
2,true,2,0.0001422677479015,0.3219280948873623,4.579998504586176e-05,4,0.0001136811471185,13.10271936202791,JJ,JJ,0,true,0,0,0,0,1,0,1,0,0,1,1
2,truth,2,0.0001422677479015,1.0,0.0001422677479015,5,6.820868827113711e-05,13.839684956194116,NN,NN,0,truth,0,0,0,0,0,0,1,0,0,1,1
2,ugly,1,7.113387395077535e-05,2.321928094887362,0.0001651677404244,4,1.5157486282474914e-05,16.009609957636428,RB,RB,0,ugli,0,0,1,0,0,1,0,0,0,0,-1
2,uncertain,1,7.113387395077535e-05,3.321928094887362,0.0002363016143752,9,7.578743141237457e-06,17.009609957636428,JJ,JJ,0,uncertain,1,0,1,1,0,1,0,0,1,0,-1
2,understanding,2,0.0001422677479015,1.3219280948873624,0.0001880677329474,13,3.7893715706187286e-05,14.687681862749066,NN,NN,0,understand,0,0,0,0,0,0,1,0,0,1,1
2,unexpected,1,7.113387395077535e-05,2.321928094887362,0.0001651677404244,10,1.5157486282474914e-05,16.009609957636428,JJ,JJ,0,unexpect,0,1,0,1,1,1,1,0,1,0,0
2,unique,1,7.113387395077535e-05,1.0,7.113387395077535e-05,6,6.0629945129899655e-05,14.009609957636428,JJ,JJ,0,uniqu,0,0,0,0,0,0,1,0,1,0,1
2,united,8,0.0005690709916062,0.0,0.0,6,0.0003334646982144,11.550178338999132,NNP,NN,0,unit,0,0,0,0,0,0,1,0,0,1,1
2,university,15,0.0010670081092616,0.0,0.0,10,0.0010761815260557,9.859862838131749,NNP,NN,0,univers,0,1,0,0,0,0,1,0,0,0,1
2,unknown,1,7.113387395077535e-05,1.3219280948873624,9.403386647370623e-05,7,4.5472458847424745e-05,14.424647456915272,JJ,JJ,0,unknown,0,1,0,1,0,1,0,0,0,0,-1
2,uphill,1,7.113387395077535e-05,3.321928094887362,0.0002363016143752,6,7.578743141237457e-06,17.009609957636428,JJ,JJ,0,uphil,0,1,0,1,0,1,1,0,0,0,0
2,upset,1,7.113387395077535e-05,0.7369655941662062,5.2423217681477176e-05,5,6.0629945129899655e-05,14.009609957636428,JJ,JJ,0,upset,1,0,0,0,0,1,0,1,0,0,-1
2,usual,2,0.0001422677479015,1.0,0.0001422677479015,5,4.5472458847424745e-05,14.424647456915272,JJ,JJ,0,usual,0,0,0,0,0,0,1,0,0,1,1
2,vacation,1,7.113387395077535e-05,1.0,7.113387395077535e-05,8,6.0629945129899655e-05,14.009609957636428,NN,NN,0,vacat,0,1,0,0,1,0,1,0,0,0,1
2,victor,1,7.113387395077535e-05,1.0,7.113387395077535e-05,6,4.5472458847424745e-05,14.424647456915272,NNP,NN,0,victor,0,0,0,0,1,0,1,0,0,0,1
2,victory,1,7.113387395077535e-05,0.7369655941662062,5.2423217681477176e-05,7,7.578743141237457e-05,13.687681862749066,NN,NN,0,victori,0,1,0,0,1,0,1,0,0,1,1
2,vote,4,0.0002845354958031,0.7369655941662062,0.0002096928707259,4,0.0001439961196835,12.761682444192845,NN,NN,0,vote,1,1,0,0,1,1,1,1,1,1,0
2,wait,1,7.113387395077535e-05,1.3219280948873624,9.403386647370623e-05,4,3.0314972564949827e-05,15.009609957636428,NN,NN,0,wait,0,1,0,0,0,1,0,0,0,0,-1
2,wan,1,7.113387395077535e-05,2.321928094887362,0.0001651677404244,3,1.5157486282474914e-05,16.009609957636428,NNP,NN,0,wan,0,0,0,1,0,1,0,1,0,0,-1
2,war,1,7.113387395077535e-05,0.15200309344505,1.081256888924812e-05,3,0.0001591536059659,12.617292534857668,NNP,NN,0,war,0,0,0,1,0,1,0,0,0,0,-1
2,warned,1,7.113387395077535e-05,0.5145731728297582,3.660358321452256e-05,6,8.336617455361203e-05,13.550178338999132,VBD,VB,0,warn,0,1,0,1,0,0,0,0,1,0,0
2,warrior,1,7.113387395077535e-05,3.321928094887362,0.0002363016143752,7,7.578743141237457e-06,17.009609957636428,NNP,NN,0,warrior,1,0,0,1,0,0,1,0,0,0,1
2,watch,4,0.0002845354958031,0.15200309344505,4.3250275556992474e-05,5,0.0001364173765422,12.839684956194116,NN,NN,0,watch,0,1,0,1,0,0,0,0,0,0,0
2,wear,1,7.113387395077535e-05,0.3219280948873623,2.289999252293088e-05,4,0.0001136811471185,13.10271936202791,VB,VB,0,wear,0,0,0,0,0,1,0,0,0,1,-1
2,weight,2,0.0001422677479015,1.0,0.0001422677479015,6,7.578743141237457e-05,13.687681862749066,NN,NN,0,weight,0,1,1,1,1,1,1,1,1,1,0
2,white,20,0.0014226774790155,0.0,0.0,5,0.0022054142541001,8.824734614728145,JJ,JJ,0,white,0,1,0,0,1,0,1,0,0,1,1
2,winner,1,7.113387395077535e-05,0.5145731728297582,3.660358321452256e-05,6,0.0001136811471185,13.10271936202791,NN,NN,0,winner,0,1,0,0,1,0,1,0,1,0,1
2,wizard,1,7.113387395077535e-05,2.321928094887362,0.0001651677404244,6,1.5157486282474914e-05,16.009609957636428,NN,NN,0,wizard,0,1,0,0,0,0,1,0,1,0,1
2,wonderful,1,7.113387395077535e-05,0.7369655941662062,5.2423217681477176e-05,9,6.820868827113711e-05,13.839684956194116,JJ,JJ,0,wonder,0,0,0,0,1,0,1,0,1,1,1
2,word,2,0.0001422677479015,0.3219280948873623,4.579998504586176e-05,4,0.0001061024039773,13.202255035578824,NN,NN,0,word,0,0,0,0,0,0,1,0,0,1,1
2,words,4,0.0002845354958031,0.0,0.0,5,0.0001970473216721,12.309170239495336,NNS,NN,0,word,1,0,0,0,0,1,0,0,0,0,-1
2,worse,1,7.113387395077535e-05,2.321928094887362,0.0001651677404244,5,2.2736229423712372e-05,15.424647456915272,JJR,JJ,0,wors,0,0,0,1,0,1,0,1,0,0,-1
2,wound,1,7.113387395077535e-05,1.7369655941662063,0.0001235570916322,5,3.0314972564949827e-05,15.009609957636428,NN,NN,0,wound,1,0,0,1,0,1,0,1,0,0,-1
2,young,10,0.0007113387395077,0.0,0.0,5,0.0006441931670051,10.600219021498727,JJ,JJ,0,young,0,1,0,0,1,0,1,0,1,0,1
2,youth,1,7.113387395077535e-05,0.15200309344505,1.081256888924812e-05,5,0.0002122048079546,12.202255035578824,NN,NN,0,youth,1,1,0,1,1,0,1,0,1,0,1
3,abuse,1,7.268498328245384e-05,1.7369655941662063,0.0001262513151741,5,2.2736229423712372e-05,15.424647456915272,NN,NN,0,abus,1,0,1,1,0,1,0,1,0,0,-1
3,academic,1,7.268498328245384e-05,1.7369655941662063,0.0001262513151741,8,2.2736229423712372e-05,15.424647456915272,JJ,JJ,0,academ,0,0,0,0,0,0,1,0,0,1,1
3,accurate,8,0.0005814798662596,0.0,0.0,8,0.0001818898353896,12.424647456915272,JJ,JJ,0,accur,0,0,0,0,0,0,1,0,0,1,1
3,accused,1,7.268498328245384e-05,0.15200309344505,1.1048342305934732e-05,7,0.0001818898353896,12.424647456915272,VBN,VB,0,accus,1,0,0,1,0,1,0,0,0,0,-1
3,achievement,1,7.268498328245384e-05,0.7369655941662062,5.356633189171436e-05,11,9.094491769484948e-05,13.424647456915272,NN,NN,0,achiev,0,1,0,0,1,0,1,0,0,1,1
3,addresses,1,7.268498328245384e-05,1.3219280948873624,9.6084321477494e-05,9,3.7893715706187286e-05,14.687681862749066,NNS,NN,0,address,0,1,0,0,0,0,1,0,0,0,1
3,afraid,1,7.268498328245384e-05,0.7369655941662062,5.356633189171436e-05,6,6.0629945129899655e-05,14.009609957636428,JJ,JJ,0,afraid,0,0,0,1,0,1,0,0,0,0,-1
3,agreed,1,7.268498328245384e-05,0.5145731728297582,3.740174246473021e-05,6,9.094491769484948e-05,13.424647456915272,VBD,VB,0,agre,0,0,0,0,0,0,1,0,0,1,1
3,alive,4,0.0002907399331298,1.0,0.0002907399331298,5,6.0629945129899655e-05,14.009609957636428,JJ,JJ,0,aliv,0,1,0,0,1,0,1,0,0,1,1
3,ambulance,1,7.268498328245384e-05,2.321928094887362,0.0001687693047599,9,1.5157486282474914e-05,16.009609957636428,NN,NN,0,ambul,0,0,0,1,0,0,0,0,0,1,0
3,angel,1,7.268498328245384e-05,1.7369655941662063,0.0001262513151741,5,2.2736229423712372e-05,15.424647456915272,NN,NN,0,angel,0,1,0,0,1,0,1,0,1,1,1
3,angry,1,7.268498328245384e-05,1.3219280948873624,9.6084321477494e-05,5,3.0314972564949827e-05,15.009609957636428,JJ,JJ,0,angri,1,0,1,0,0,1,0,0,0,0,-1
3,anguish,1,7.268498328245384e-05,3.321928094887362,0.0002414542880424,7,7.578743141237457e-06,17.009609957636428,NN,NN,0,anguish,1,0,0,1,0,1,0,1,0,0,-1
3,appreciation,2,0.0001453699665649,1.0,0.0001453699665649,12,5.30512019886622e-05,14.202255035578824,NN,NN,0,appreci,0,0,0,0,1,0,1,0,0,1,1
3,argument,1,7.268498328245384e-05,1.0,7.268498328245384e-05,8,5.30512019886622e-05,14.202255035578824,NN,NN,0,argument,1,0,0,0,0,1,0,0,0,0,-1
3,arid,1,7.268498328245384e-05,3.321928094887362,0.0002414542880424,4,7.578743141237457e-06,17.009609957636428,NN,NN,0,arid,0,0,0,0,0,1,0,1,0,0,-1
3,art,2,0.0001453699665649,0.0,0.0,3,0.0002804134962257,11.80015659200748,NNP,NN,0,art,0,1,0,0,1,0,1,1,1,0,1
3,assault,1,7.268498328245384e-05,1.0,7.268498328245384e-05,7,4.5472458847424745e-05,14.424647456915272,NN,NN,0,assault,1,0,0,1,0,1,0,0,0,0,-1
3,assembly,1,7.268498328245384e-05,1.7369655941662063,0.0001262513151741,8,3.0314972564949827e-05,15.009609957636428,NNP,NN,0,assembl,0,0,0,0,0,0,1,0,0,1,1
3,associate,4,0.0002907399331298,0.15200309344505,4.419336922373893e-05,9,0.0001894685785309,12.365753767861705,NNP,NN,0,associ,0,0,0,0,0,0,1,0,0,1,1
3,attack,2,0.0001453699665649,0.15200309344505,2.2096684611869467e-05,6,0.0002046260648134,12.25472245547296,NN,NN,0,attack,1,0,0,1,0,1,0,0,0,0,-1
3,attorney,3,0.0002180549498473,0.0,0.0,8,0.0002500985236608,11.965215838277976,NN,NN,0,attorney,1,0,0,1,0,0,1,0,0,1,1
3,author,2,0.0001453699665649,0.3219280948873623,4.679867639008029e-05,6,0.0001061024039773,13.202255035578824,NN,NN,0,author,0,0,0,0,0,0,1,0,0,1,1
3,autopsy,1,7.268498328245384e-05,1.7369655941662063,0.0001262513151741,7,3.0314972564949827e-05,15.009609957636428,NN,NN,0,autopsi,0,0,1,1,0,1,0,1,0,0,-1
3,award,6,0.0004361098996947,0.0,0.0,5,0.0002273622942371,12.10271936202791,NN,NN,0,award,0,1,0,0,1,0,1,0,1,1,1
3,baby,16,0.0011629597325192,0.3219280948873623,0.0003743894111206,4,0.0003637796707793,11.424647456915272,NN,NN,0,babi,0,0,0,0,1,0,1,0,0,0,1
3,bad,1,7.268498328245384e-05,0.0,0.0,3,0.0001743110922484,12.486048001579416,JJ,JJ,0,bad,1,0,1,1,0,1,0,1,0,0,-1
3,banquet,2,0.0001453699665649,0.7369655941662062,0.0001071326637834,7,5.30512019886622e-05,14.202255035578824,NN,NN,0,banquet,0,1,0,0,1,0,1,0,0,0,1
3,basketball,3,0.0002180549498473,0.5145731728297582,0.0001122052273941,10,7.578743141237457e-05,13.687681862749066,NN,NN,0,basketbal,0,1,0,0,1,0,1,0,0,0,1
3,battle,1,7.268498328245384e-05,0.0,0.0,6,0.0001743110922484,12.486048001579416,NN,NN,0,battl,1,0,0,0,0,1,0,0,0,0,-1
3,bear,1,7.268498328245384e-05,1.7369655941662063,0.0001262513151741,4,2.2736229423712372e-05,15.424647456915272,NNP,VB,0,bear,1,0,0,1,0,0,0,0,0,0,0
3,beautiful,1,7.268498328245384e-05,0.5145731728297582,3.740174246473021e-05,9,0.0001591536059659,12.617292534857668,JJ,JJ,0,beauti,0,0,0,0,1,0,1,0,0,0,1
3,bee,3,0.0002180549498473,2.321928094887362,0.0005063079142798,3,3.0314972564949827e-05,15.009609957636428,NNP,NN,0,bee,1,0,0,1,0,0,0,0,0,0,0
3,belt,1,7.268498328245384e-05,2.321928094887362,0.0001687693047599,4,1.5157486282474914e-05,16.009609957636428,NN,NN,0,belt,1,0,0,1,0,1,0,0,0,0,-1
3,birth,7,0.0005087948829771,0.15200309344505,7.733839614154314e-05,5,0.0002197835510958,12.151628962508855,NN,NN,0,birth,0,1,0,1,1,0,1,0,0,1,1
3,birthday,5,0.0003634249164122,0.5145731728297582,0.0001870087123236,8,0.0001439961196835,12.761682444192845,NN,NN,0,birthday,0,1,0,0,1,0,1,0,1,0,1
3,bitterly,1,7.268498328245384e-05,2.321928094887362,0.0001687693047599,8,1.5157486282474914e-05,16.009609957636428,RB,RB,0,bitterli,1,0,1,0,0,1,0,1,0,0,-1
3,black,49,0.0035615641808402,0.0,0.0,5,0.0027586625034104,8.501815317437732,NNP,NN,0,black,0,0,0,0,0,1,0,1,0,0,-1
3,bleak,1,7.268498328245384e-05,2.321928094887362,0.0001687693047599,5,1.5157486282474914e-05,16.009609957636428,JJ,JJ,0,bleak,0,0,0,0,0,1,0,1,0,0,-1
3,bless,1,7.268498328245384e-05,2.321928094887362,0.0001687693047599,5,1.5157486282474914e-05,16.009609957636428,NN,NN,0,bless,0,1,0,0,1,0,1,0,0,1,1
3,blossom,1,7.268498328245384e-05,3.321928094887362,0.0002414542880424,7,7.578743141237457e-06,17.009609957636428,NNP,NN,0,blossom,0,0,0,0,1,0,1,0,0,0,1
3,blues,1,7.268498328245384e-05,0.3219280948873623,2.3399338195040143e-05,5,0.0001439961196835,12.761682444192845,NNS,NN,0,blue,0,0,0,1,0,1,0,1,0,0,-1
3,bouquet,2,0.0001453699665649,1.7369655941662063,0.0002525026303483,7,3.7893715706187286e-05,14.687681862749066,NN,NN,0,bouquet,0,0,0,0,1,0,1,0,0,1,1
3,bout,2,0.0001453699665649,0.7369655941662062,0.0001071326637834,4,0.0001212598902597,13.009609957636428,NN,NN,0,bout,1,0,0,0,0,1,0,0,0,0,-1
3,boy,5,0.0003634249164122,0.3219280948873623,0.0001169966909752,3,0.0003031497256494,11.687681862749066,NN,NN,0,boy,0,0,1,0,0,1,0,0,0,0,-1
3,bride,1,7.268498328245384e-05,0.5145731728297582,3.740174246473021e-05,5,0.0002122048079546,12.202255035578824,NN,NN,0,bride,0,1,0,0,1,0,1,0,0,1,1
3,brilliant,4,0.0002907399331298,1.0,0.0002907399331298,9,7.578743141237457e-05,13.687681862749066,JJ,JJ,0,brilliant,0,1,0,0,1,0,1,0,0,1,1
3,broke,2,0.0001453699665649,0.3219280948873623,4.679867639008029e-05,5,0.0001061024039773,13.202255035578824,VBD,VB,0,broke,0,0,0,1,0,1,0,1,0,0,-1
3,brother,1,7.268498328245384e-05,0.0,0.0,7,0.0002122048079546,12.202255035578824,NN,NN,0,brother,0,0,0,0,0,0,1,0,0,1,1
3,brotherhood,1,7.268498328245384e-05,2.321928094887362,0.0001687693047599,11,3.0314972564949827e-05,15.009609957636428,NNP,NN,0,brotherhood,0,0,0,0,0,0,1,0,0,1,1
3,burial,1,7.268498328245384e-05,2.321928094887362,0.0001687693047599,6,2.2736229423712372e-05,15.424647456915272,JJ,JJ,0,burial,1,0,0,1,0,1,0,1,0,0,-1
3,burke,1,7.268498328245384e-05,1.0,7.268498328245384e-05,5,6.820868827113711e-05,13.839684956194116,NNP,NN,0,burk,1,0,1,1,0,1,0,1,0,0,-1
3,butler,1,7.268498328245384e-05,0.5145731728297582,3.740174246473021e-05,6,9.852366083608696e-05,13.309170239495336,NNP,NN,0,butler,0,0,0,0,0,0,1,0,0,1,1
3,cancer,2,0.0001453699665649,1.7369655941662063,0.0002525026303483,6,4.5472458847424745e-05,14.424647456915272,NN,NN,0,cancer,1,0,1,1,0,1,0,1,0,0,-1
3,career,2,0.0001453699665649,0.0,0.0,6,0.0003334646982144,11.550178338999132,NN,NN,0,career,0,1,0,0,0,0,1,0,0,0,1
3,carol,1,7.268498328245384e-05,1.0,7.268498328245384e-05,5,3.7893715706187286e-05,14.687681862749066,NNP,NN,0,carol,0,0,0,0,1,0,1,0,0,1,1
3,case,7,0.0005087948829771,0.0,0.0,4,0.0003562009276381,11.45502110595879,NN,NN,0,case,0,0,0,1,0,1,0,1,0,0,-1
3,cash,3,0.0002180549498473,0.15200309344505,3.31450269178042e-05,4,0.0001743110922484,12.486048001579416,NN,NN,0,cash,1,1,0,1,1,0,1,0,0,1,1
3,celebrity,3,0.0002180549498473,1.7369655941662063,0.0003787539455225,9,3.7893715706187286e-05,14.687681862749066,NN,NN,0,celebr,1,1,1,0,1,1,1,0,1,1,0
3,center,5,0.0003634249164122,0.0,0.0,6,0.0003183072119319,11.617292534857668,NNP,NN,0,center,0,0,0,0,0,0,1,0,0,1,1
3,chairman,4,0.0002907399331298,0.0,0.0,8,0.0003713584139206,11.39490011352122,NN,NN,0,chairman,0,0,0,0,0,0,1,0,0,1,1
3,champion,3,0.0002180549498473,0.0,0.0,8,0.0002500985236608,11.965215838277976,NN,NN,0,champion,0,1,0,0,1,0,1,0,0,1,1
3,child,8,0.0005814798662596,0.0,0.0,5,0.0002955709825082,11.72420773877418,NN,NN,0,child,0,1,0,0,1,0,1,0,0,0,1
3,chocolate,1,7.268498328245384e-05,1.3219280948873624,9.6084321477494e-05,9,4.5472458847424745e-05,14.424647456915272,NN,NN,0,chocol,0,1,0,0,1,0,1,0,0,1,1
3,choir,1,7.268498328245384e-05,1.7369655941662063,0.0001262513151741,5,4.5472458847424745e-05,14.424647456915272,NN,NN,0,choir,0,0,0,0,1,0,1,0,0,1,1
3,chuckle,2,0.0001453699665649,3.321928094887362,0.0004829085760848,7,1.5157486282474914e-05,16.009609957636428,NNP,NN,0,chuckl,0,1,0,0,1,0,1,0,1,1,1
3,church,14,0.0010175897659543,0.0,0.0,6,0.0007351380847,10.4096971154493,NNP,NN,0,church,0,1,0,0,1,0,1,0,0,1,1
3,clean,2,0.0001453699665649,1.3219280948873624,0.0001921686429549,5,3.7893715706187286e-05,14.687681862749066,JJ,JJ,0,clean,0,0,0,0,1,0,1,0,0,1,1
3,clerical,1,7.268498328245384e-05,2.321928094887362,0.0001687693047599,8,1.5157486282474914e-05,16.009609957636428,JJ,JJ,0,cleric,0,0,0,0,0,0,1,0,0,1,1
3,coma,1,7.268498328245384e-05,1.7369655941662063,0.0001262513151741,4,2.2736229423712372e-05,15.424647456915272,NN,NN,0,coma,0,0,0,1,0,1,0,1,0,0,-1
3,commotion,1,7.268498328245384e-05,2.321928094887362,0.0001687693047599,9,1.5157486282474914e-05,16.009609957636428,NN,NN,0,commot,1,0,0,0,0,1,0,0,0,0,-1
3,complaint,1,7.268498328245384e-05,0.7369655941662062,5.356633189171436e-05,9,7.578743141237457e-05,13.687681862749066,NN,NN,0,complaint,1,0,0,0,0,1,0,0,0,0,-1
3,completing,1,7.268498328245384e-05,1.7369655941662063,0.0001262513151741,10,2.2736229423712372e-05,15.424647456915272,VBG,VB,0,complet,0,1,0,0,1,0,1,0,0,0,1
3,complicate,1,7.268498328245384e-05,3.321928094887362,0.0002414542880424,10,7.578743141237457e-06,17.009609957636428,VB,VB,0,complic,1,0,0,0,0,1,0,0,0,0,-1
3,concerned,1,7.268498328245384e-05,1.3219280948873624,9.6084321477494e-05,9,3.7893715706187286e-05,14.687681862749066,JJ,VB,0,concern,0,0,0,1,0,0,0,1,0,0,0
3,confirmed,1,7.268498328245384e-05,1.3219280948873624,9.6084321477494e-05,9,3.0314972564949827e-05,15.009609957636428,VBD,VB,0,confirm,0,0,0,0,0,0,1,0,0,1,1
3,conflict,2,0.0001453699665649,2.321928094887362,0.0003375386095198,8,2.2736229423712372e-05,15.424647456915272,NN,NN,0,conflict,1,0,0,1,0,1,0,1,0,0,-1
3,congregation,1,7.268498328245384e-05,1.3219280948873624,9.6084321477494e-05,12,5.30512019886622e-05,14.202255035578824,NN,NN,0,congreg,0,0,0,0,0,0,1,0,0,1,1
3,constitutional,1,7.268498328245384e-05,1.7369655941662063,0.0001262513151741,14,3.0314972564949827e-05,15.009609957636428,JJ,JJ,0,constitut,0,0,0,0,0,0,1,0,0,1,1
3,continue,2,0.0001453699665649,0.5145731728297582,7.480348492946042e-05,8,0.0001136811471185,13.10271936202791,VB,VB,0,continu,0,1,0,0,0,0,1,0,0,1,1
3,cop,1,7.268498328245384e-05,0.3219280948873623,2.3399338195040143e-05,3,0.0002273622942371,12.10271936202791,NNP,NN,0,cop,0,0,0,1,0,0,0,0,0,1,0
3,corporation,2,0.0001453699665649,1.0,0.0001453699665649,11,4.5472458847424745e-05,14.424647456915272,NNP,NN,0,corpor,0,0,0,0,0,0,1,0,0,1,1
3,corpse,1,7.268498328245384e-05,3.321928094887362,0.0002414542880424,6,7.578743141237457e-06,17.009609957636428,NN,NN,0,corps,0,0,1,0,0,1,0,1,0,0,-1
3,council,3,0.0002180549498473,0.15200309344505,3.31450269178042e-05,7,0.0002349410373783,12.055413647249551,NNP,NN,0,council,0,1,0,0,0,0,1,0,0,1,1
3,count,3,0.0002180549498473,0.5145731728297582,0.0001122052273941,5,0.0001364173765422,12.839684956194116,NNP,NN,0,count,0,0,0,0,0,0,1,0,0,1,1
3,court,8,0.0005814798662596,0.0,0.0,5,0.0010003940946433,9.965215838277976,NNP,NN,0,court,1,1,0,1,0,0,0,0,0,0,0
3,credit,2,0.0001453699665649,0.7369655941662062,0.0001071326637834,6,7.578743141237457e-05,13.687681862749066,NN,NN,0,credit,0,0,0,0,0,0,1,0,0,1,1
3,crime,1,7.268498328245384e-05,0.15200309344505,1.1048342305934732e-05,5,0.0002197835510958,12.151628962508855,NN,NN,0,crime,1,0,0,0,0,1,0,0,0,0,-1
3,criticism,1,7.268498328245384e-05,1.7369655941662063,0.0001262513151741,9,2.2736229423712372e-05,15.424647456915272,NN,NN,0,critic,1,0,0,0,0,1,0,1,0,0,-1
3,cross,3,0.0002180549498473,1.3219280948873624,0.0002882529644324,5,6.0629945129899655e-05,14.009609957636428,NNP,NN,0,cross,1,0,0,1,0,1,0,1,0,0,-1
3,crucial,1,7.268498328245384e-05,1.7369655941662063,0.0001262513151741,7,3.0314972564949827e-05,15.009609957636428,JJ,JJ,0,crucial,0,0,0,0,0,0,1,0,0,1,1
3,cruel,1,7.268498328245384e-05,1.3219280948873624,9.6084321477494e-05,5,3.0314972564949827e-05,15.009609957636428,JJ,JJ,0,cruel,1,0,1,1,0,1,0,1,0,0,-1
3,crushed,3,0.0002180549498473,1.7369655941662063,0.0003787539455225,7,3.7893715706187286e-05,14.687681862749066,VBN,VB,0,crush,1,0,1,1,0,1,0,1,0,0,-1
3,cry,1,7.268498328245384e-05,1.3219280948873624,9.6084321477494e-05,3,3.0314972564949827e-05,15.009609957636428,NN,NN,0,cri,0,0,0,0,0,1,0,1,0,0,-1
3,damage,3,0.0002180549498473,0.5145731728297582,0.0001122052273941,6,0.000128838633401,12.922147116386087,NN,NN,0,damag,1,0,1,0,0,1,0,1,0,0,-1
3,dance,4,0.0002907399331298,0.0,0.0,5,0.0002349410373783,12.055413647249551,NN,NN,0,danc,0,0,0,0,1,0,1,0,0,1,1
3,danger,1,7.268498328245384e-05,2.321928094887362,0.0001687693047599,6,1.5157486282474914e-05,16.009609957636428,NN,NN,0,danger,0,0,0,1,0,1,0,1,0,0,-1
3,dangerous,2,0.0001453699665649,0.7369655941662062,0.0001071326637834,9,8.336617455361203e-05,13.550178338999132,JJ,JJ,0,danger,0,0,0,1,0,1,0,0,0,0,-1
3,dare,1,7.268498328245384e-05,1.7369655941662063,0.0001262513151741,4,2.2736229423712372e-05,15.424647456915272,NN,NN,0,dare,0,1,0,0,0,0,0,0,0,1,0
3,dashed,1,7.268498328245384e-05,1.7369655941662063,0.0001262513151741,6,2.2736229423712372e-05,15.424647456915272,VBN,VB,0,dash,1,0,0,1,0,1,0,1,0,0,-1
3,daughter,5,0.0003634249164122,0.15200309344505,5.524171152967366e-05,8,0.0003865159002031,11.337184615664931,NN,NN,0,daughter,0,0,0,0,1,0,1,0,0,0,1
3,dawn,2,0.0001453699665649,3.321928094887362,0.0004829085760848,4,1.5157486282474914e-05,16.009609957636428,NNP,NN,0,dawn,0,1,0,0,1,0,1,0,1,1,1
3,deal,2,0.0001453699665649,0.3219280948873623,4.679867639008029e-05,4,9.852366083608696e-05,13.309170239495336,NN,NN,0,deal,0,1,0,0,1,0,1,0,1,1,1
3,death,3,0.0002180549498473,0.0,0.0,5,0.0005229332767453,10.90108550085826,NN,NN,0,death,1,1,1,1,0,1,0,1,1,0,-1
3,delegate,1,7.268498328245384e-05,0.7369655941662062,5.356633189171436e-05,8,6.820868827113711e-05,13.839684956194116,NN,NN,0,deleg,0,0,0,0,0,0,1,0,0,1,1
3,delicious,1,7.268498328245384e-05,2.321928094887362,0.0001687693047599,9,1.5157486282474914e-05,16.009609957636428,JJ,JJ,0,delici,0,0,0,0,1,0,1,0,0,0,1
3,delight,1,7.268498328245384e-05,1.7369655941662063,0.0001262513151741,7,3.0314972564949827e-05,15.009609957636428,NN,NN,0,delight,0,1,0,0,1,0,1,0,0,0,1
3,delivery,3,0.0002180549498473,1.3219280948873624,0.0002882529644324,8,5.30512019886622e-05,14.202255035578824,NN,NN,0,deliveri,0,1,0,0,0,0,1,0,0,0,1
3,denied,1,7.268498328245384e-05,0.15200309344505,1.1048342305934732e-05,6,0.0001667323491072,12.550178338999132,VBD,VB,0,deni,0,0,0,0,0,1,0,1,0,0,-1
3,deserve,1,7.268498328245384e-05,1.7369655941662063,0.0001262513151741,7,2.2736229423712372e-05,15.424647456915272,VBP,VB,0,deserv,1,1,0,0,0,0,1,0,0,1,1
3,despair,2,0.0001453699665649,2.321928094887362,0.0003375386095198,7,2.2736229423712372e-05,15.424647456915272,NN,NN,0,despair,1,0,1,1,0,1,0,1,0,0,-1
3,destroyed,1,7.268498328245384e-05,1.3219280948873624,9.6084321477494e-05,9,3.0314972564949827e-05,15.009609957636428,VBN,VB,0,destroy,1,0,0,1,0,1,0,1,0,0,-1
3,destructive,1,7.268498328245384e-05,3.321928094887362,0.0002414542880424,11,7.578743141237457e-06,17.009609957636428,JJ,JJ,0,destruct,1,0,1,1,0,1,0,0,0,0,-1
3,determination,1,7.268498328245384e-05,1.7369655941662063,0.0001262513151741,13,2.2736229423712372e-05,15.424647456915272,NN,NN,0,determin,0,0,0,0,0,0,1,0,0,1,1
3,diplomatic,1,7.268498328245384e-05,1.0,7.268498328245384e-05,10,4.5472458847424745e-05,14.424647456915272,JJ,JJ,0,diplomat,0,0,0,0,0,0,1,0,0,1,1
3,director,14,0.0010175897659543,0.0,0.0,8,0.0006593506532876,10.5666664617877,NN,NN,0,director,0,0,0,0,0,0,1,0,0,1,1
3,dirt,1,7.268498328245384e-05,1.7369655941662063,0.0001262513151741,4,3.0314972564949827e-05,15.009609957636428,NN,NN,0,dirt,0,0,1,0,0,1,0,0,0,0,-1
3,disagreement,1,7.268498328245384e-05,3.321928094887362,0.0002414542880424,12,7.578743141237457e-06,17.009609957636428,NN,NN,0,disagr,1,0,0,0,0,1,0,1,0,0,-1
3,disappointed,1,7.268498328245384e-05,1.3219280948873624,9.6084321477494e-05,12,3.7893715706187286e-05,14.687681862749066,JJ,JJ,0,disappoint,1,0,1,0,0,1,0,1,0,0,-1
3,discriminating,1,7.268498328245384e-05,1.7369655941662063,0.0001262513151741,14,2.2736229423712372e-05,15.424647456915272,VBG,VB,0,discrimin,0,0,1,0,0,1,0,0,0,0,-1
3,discrimination,10,0.0007268498328245,0.15200309344505,0.0001104834230593,14,0.000287992239367,11.761682444192845,NN,NN,0,discrimin,1,0,1,1,0,1,0,1,0,0,-1
3,disgruntled,1,7.268498328245384e-05,2.321928094887362,0.0001687693047599,11,1.5157486282474914e-05,16.009609957636428,JJ,JJ,0,disgruntl,1,0,1,0,0,1,0,1,0,0,-1
3,disgusting,1,7.268498328245384e-05,3.321928094887362,0.0002414542880424,10,7.578743141237457e-06,17.009609957636428,VBG,VB,0,disgust,1,0,1,1,0,1,0,0,0,0,-1
3,distraught,1,7.268498328245384e-05,3.321928094887362,0.0002414542880424,10,7.578743141237457e-06,17.009609957636428,VBN,VB,0,distraught,0,0,0,0,0,1,0,1,0,0,-1
3,distress,1,7.268498328245384e-05,3.321928094887362,0.0002414542880424,8,7.578743141237457e-06,17.009609957636428,NN,NN,0,distress,1,0,1,1,0,1,0,1,1,0,-1
3,divorce,6,0.0004361098996947,0.7369655941662062,0.0003213979913502,7,0.0001743110922484,12.486048001579416,NN,NN,0,divorc,1,0,1,1,0,1,0,1,1,1,-1
3,doctor,4,0.0002907399331298,0.0,0.0,6,0.0002425197805195,12.009609957636428,NN,NN,0,doctor,0,0,0,0,0,0,1,0,0,1,1
3,dole,1,7.268498328245384e-05,3.321928094887362,0.0002414542880424,4,7.578743141237457e-06,17.009609957636428,NNP,NN,0,dole,0,0,0,0,0,1,0,1,0,0,-1
3,don,16,0.0011629597325192,0.0,0.0,3,0.0009397641495134,10.055413647249551,NNP,NN,1,don,0,0,0,0,0,0,1,0,0,1,1
3,durable,1,7.268498328245384e-05,3.321928094887362,0.0002414542880424,7,7.578743141237457e-06,17.009609957636428,JJ,JJ,0,durabl,0,0,0,0,0,0,1,0,0,1,1
3,educational,3,0.0002180549498473,0.7369655941662062,0.0001606989956751,11,7.578743141237457e-05,13.687681862749066,JJ,JJ,0,educ,0,0,0,0,0,0,1,0,0,1,1
3,elder,1,7.268498328245384e-05,1.0,7.268498328245384e-05,5,3.7893715706187286e-05,14.687681862749066,NN,NN,0,elder,0,0,0,0,0,0,1,0,0,1,1
3,electric,1,7.268498328245384e-05,1.0,7.268498328245384e-05,8,4.5472458847424745e-05,14.424647456915272,JJ,JJ,0,electr,0,0,0,0,1,0,1,0,1,0,1
3,elegant,1,7.268498328245384e-05,1.0,7.268498328245384e-05,7,4.5472458847424745e-05,14.424647456915272,JJ,JJ,0,eleg,0,0,0,0,1,0,1,0,0,0,1
3,enjoy,1,7.268498328245384e-05,0.7369655941662062,5.356633189171436e-05,5,6.0629945129899655e-05,14.009609957636428,VB,VB,0,enjoy,0,1,0,0,1,0,1,0,0,1,1
3,enroll,1,7.268498328245384e-05,1.7369655941662063,0.0001262513151741,6,2.2736229423712372e-05,15.424647456915272,VB,VB,0,enrol,0,1,0,0,0,0,0,0,0,1,0
3,enslaved,1,7.268498328245384e-05,3.321928094887362,0.0002414542880424,8,7.578743141237457e-06,17.009609957636428,VBD,VB,0,enslav,1,0,1,1,0,1,0,1,0,0,-1
3,entertainment,1,7.268498328245384e-05,0.0,0.0,13,0.0001743110922484,12.486048001579416,NNP,NN,0,entertain,0,1,0,0,1,0,1,0,1,1,1
3,enthusiasm,1,7.268498328245384e-05,1.7369655941662063,0.0001262513151741,10,3.0314972564949827e-05,15.009609957636428,NN,NN,0,enthusiasm,0,1,0,0,1,0,1,0,1,0,1
3,equality,1,7.268498328245384e-05,1.7369655941662063,0.0001262513151741,8,3.0314972564949827e-05,15.009609957636428,NN,NN,0,equal,0,0,0,0,1,0,1,0,0,1,1
3,error,1,7.268498328245384e-05,1.3219280948873624,9.6084321477494e-05,5,3.7893715706187286e-05,14.687681862749066,NN,NN,0,error,0,0,0,0,0,1,0,1,0,0,-1
3,established,3,0.0002180549498473,1.0,0.0002180549498473,11,9.094491769484948e-05,13.424647456915272,VBN,VB,0,establish,0,0,0,0,1,0,1,0,0,0,1
3,examination,1,7.268498328245384e-05,1.3219280948873624,9.6084321477494e-05,11,3.0314972564949827e-05,15.009609957636428,NN,NN,0,examin,0,0,0,1,0,1,0,0,1,0,-1
3,expert,1,7.268498328245384e-05,1.3219280948873624,9.6084321477494e-05,6,3.0314972564949827e-05,15.009609957636428,NN,NN,0,expert,0,0,0,0,0,0,1,0,0,1,1
3,expertise,1,7.268498328245384e-05,2.321928094887362,0.0001687693047599,9,1.5157486282474914e-05,16.009609957636428,NN,NN,0,expertis,0,0,0,0,0,0,1,0,0,1,1
3,explode,1,7.268498328245384e-05,2.321928094887362,0.0001687693047599,7,2.2736229423712372e-05,15.424647456915272,VBP,VB,0,explod,1,0,0,1,0,1,0,1,1,0,-1
3,explosion,1,7.268498328245384e-05,2.321928094887362,0.0001687693047599,9,2.2736229423712372e-05,15.424647456915272,NN,NN,0,explos,0,0,0,1,0,1,0,0,1,0,-1
3,fall,1,7.268498328245384e-05,0.3219280948873623,2.3399338195040143e-05,4,0.0001364173765422,12.839684956194116,NN,NN,0,fall,0,0,0,0,0,1,0,1,0,0,-1
3,familiar,1,7.268498328245384e-05,3.321928094887362,0.0002414542880424,8,7.578743141237457e-06,17.009609957636428,JJ,JJ,0,familiar,0,0,0,0,0,0,1,0,0,1,1
3,fancy,2,0.0001453699665649,1.3219280948873624,0.0001921686429549,5,6.0629945129899655e-05,14.009609957636428,JJ,JJ,0,fanci,0,1,0,0,1,0,1,0,0,0,1
3,fat,1,7.268498328245384e-05,1.0,7.268498328245384e-05,3,7.578743141237457e-05,13.687681862749066,NNP,NN,0,fat,0,0,1,0,0,1,0,1,0,0,-1
3,fate,1,7.268498328245384e-05,2.321928094887362,0.0001687693047599,4,1.5157486282474914e-05,16.009609957636428,NN,NN,0,fate,0,1,0,0,0,1,0,0,0,0,-1
3,fault,1,7.268498328245384e-05,2.321928094887362,0.0001687693047599,5,1.5157486282474914e-05,16.009609957636428,NN,NN,0,fault,0,0,0,0,0,1,0,1,0,0,-1
3,favorite,2,0.0001453699665649,0.7369655941662062,0.0001071326637834,8,9.852366083608696e-05,13.309170239495336,JJ,JJ,0,favorit,0,0,0,0,1,0,1,0,0,1,1
3,feeling,5,0.0003634249164122,0.3219280948873623,0.0001169966909752,7,0.0001591536059659,12.617292534857668,NN,NN,0,feel,1,1,1,1,1,1,1,1,1,1,0
3,festival,1,7.268498328245384e-05,1.3219280948873624,9.6084321477494e-05,8,7.578743141237457e-05,13.687681862749066,NNP,NN,0,festiv,0,1,0,0,1,0,1,0,1,0,1
3,fight,5,0.0003634249164122,0.0,0.0,5,0.000416830872768,11.228250244111768,NN,NN,0,fight,1,0,0,1,0,1,0,0,0,0,-1
3,finally,2,0.0001453699665649,0.3219280948873623,4.679867639008029e-05,7,0.0001364173765422,12.839684956194116,RB,RB,0,final,0,1,1,0,1,0,1,0,1,1,1
3,fits,1,7.268498328245384e-05,2.321928094887362,0.0001687693047599,4,1.5157486282474914e-05,16.009609957636428,NNS,NN,0,fit,1,0,0,0,0,1,0,0,0,0,-1
3,food,4,0.0002907399331298,0.3219280948873623,9.35973527801606e-05,4,0.0001970473216721,12.309170239495336,NN,NN,0,food,0,0,0,0,1,0,1,0,0,1,1
3,football,4,0.0002907399331298,0.15200309344505,4.419336922373893e-05,8,0.0002046260648134,12.25472245547296,NN,NN,0,footbal,0,1,0,0,1,0,1,0,0,0,1
3,force,6,0.0004361098996947,0.15200309344505,6.62900538356084e-05,5,0.0002500985236608,11.965215838277976,NNP,NN,0,forc,1,0,0,1,0,1,0,0,0,0,-1
3,forced,3,0.0002180549498473,0.15200309344505,3.31450269178042e-05,6,0.0001515748628247,12.687681862749066,VBN,VB,0,forc,0,0,0,1,0,1,0,0,0,0,-1
3,found,6,0.0004361098996947,0.0,0.0,5,0.0004698820747567,11.055413647249551,VBD,VB,0,found,0,0,0,0,1,0,1,0,0,1,1
3,frank,1,7.268498328245384e-05,0.0,0.0,5,0.000257677266802,11.922147116386087,NNP,NN,0,frank,0,0,0,0,0,0,1,0,0,1,1
3,freedom,2,0.0001453699665649,0.7369655941662062,0.0001071326637834,7,0.0001061024039773,13.202255035578824,NN,NN,0,freedom,0,0,0,0,1,0,1,0,0,1,1
3,friend,3,0.0002180549498473,0.15200309344505,3.31450269178042e-05,6,0.0002122048079546,12.202255035578824,NN,NN,0,friend,0,0,0,0,1,0,1,0,0,1,1
3,friendship,1,7.268498328245384e-05,1.7369655941662063,0.0001262513151741,10,2.2736229423712372e-05,15.424647456915272,NN,NN,0,friendship,0,0,0,0,1,0,1,0,0,1,1
3,fun,2,0.0001453699665649,1.7369655941662063,0.0002525026303483,3,3.7893715706187286e-05,14.687681862749066,NN,NN,0,fun,0,1,0,0,1,0,1,0,0,0,1
3,funk,1,7.268498328245384e-05,1.7369655941662063,0.0001262513151741,4,2.2736229423712372e-05,15.424647456915272,NN,NN,0,funk,0,0,0,0,0,1,0,1,0,0,-1
3,gain,2,0.0001453699665649,1.3219280948873624,0.0001921686429549,4,3.7893715706187286e-05,14.687681862749066,VB,VB,0,gain,0,1,0,0,1,0,1,0,0,0,1
3,garden,1,7.268498328245384e-05,0.7369655941662062,5.356633189171436e-05,6,6.820868827113711e-05,13.839684956194116,NNP,NN,0,garden,0,0,0,0,1,0,1,0,0,0,1
3,general,8,0.0005814798662596,0.15200309344505,8.838673844747787e-05,7,0.0004319883590505,11.176719943471689,NNP,NN,0,gener,0,0,0,0,0,0,1,0,0,1,1
3,genuine,2,0.0001453699665649,2.321928094887362,0.0003375386095198,7,3.0314972564949827e-05,15.009609957636428,JJ,JJ,0,genuin,0,0,0,0,0,0,1,0,0,1,1
3,glad,1,7.268498328245384e-05,1.7369655941662063,0.0001262513151741,4,2.2736229423712372e-05,15.424647456915272,NN,NN,0,glad,0,1,0,0,1,0,1,0,0,0,1
3,god,3,0.0002180549498473,0.15200309344505,3.31450269178042e-05,3,0.0001439961196835,12.761682444192845,NNP,NN,0,god,0,1,0,1,1,0,1,0,0,1,1
3,good,13,0.0009449047826718,0.0,0.0,4,0.0007502955709825,10.38025333755682,JJ,JJ,0,good,0,1,0,0,1,0,1,0,1,1,1
3,goodness,1,7.268498328245384e-05,3.321928094887362,0.0002414542880424,8,7.578743141237457e-06,17.009609957636428,VBN,VB,0,good,0,1,0,0,1,0,1,0,1,1,1
3,gospel,3,0.0002180549498473,0.7369655941662062,0.0001606989956751,6,7.578743141237457e-05,13.687681862749066,NNP,NN,0,gospel,0,0,0,0,0,0,1,0,0,1,1
3,government,3,0.0002180549498473,0.0,0.0,10,0.0004016733864855,11.28168950307323,NN,NN,0,govern,0,0,0,1,0,1,0,0,0,0,-1
3,grizzly,1,7.268498328245384e-05,3.321928094887362,0.0002414542880424,7,7.578743141237457e-06,17.009609957636428,NNP,NN,0,grizzli,0,0,0,1,0,1,0,0,0,0,-1
3,guard,2,0.0001453699665649,0.7369655941662062,0.0001071326637834,5,0.0001439961196835,12.761682444192845,NNP,NN,0,guard,0,0,0,1,0,0,1,0,0,1,1
3,guardian,3,0.0002180549498473,2.321928094887362,0.0005063079142798,8,3.0314972564949827e-05,15.009609957636428,JJ,JJ,0,guardian,0,0,0,0,0,0,1,0,0,1,1
3,guardianship,4,0.0002907399331298,3.321928094887362,0.0009658171521696,12,3.0314972564949827e-05,15.009609957636428,NN,NN,0,guardianship,0,0,0,0,0,0,1,0,0,1,1
3,guide,2,0.0001453699665649,1.0,0.0001453699665649,5,5.30512019886622e-05,14.202255035578824,NNP,NN,0,guid,0,0,0,0,0,0,1,0,0,1,1
3,guilty,2,0.0001453699665649,0.5145731728297582,7.480348492946042e-05,6,9.852366083608696e-05,13.309170239495336,JJ,JJ,0,guilti,1,0,0,0,0,1,0,1,0,0,-1
3,hanging,1,7.268498328245384e-05,1.3219280948873624,9.6084321477494e-05,7,3.0314972564949827e-05,15.009609957636428,VBG,VB,0,hang,1,0,1,1,0,1,0,1,0,0,-1
3,happy,3,0.0002180549498473,0.3219280948873623,7.019801458512045e-05,5,0.0001667323491072,12.550178338999132,JJ,JJ,0,happi,0,1,0,0,1,0,1,0,0,1,1
3,hardy,1,7.268498328245384e-05,2.321928094887362,0.0001687693047599,5,1.5157486282474914e-05,16.009609957636428,NNP,NN,0,hardi,0,0,0,0,1,0,1,0,0,1,1
3,harmful,1,7.268498328245384e-05,3.321928094887362,0.0002414542880424,7,7.578743141237457e-06,17.009609957636428,JJ,JJ,0,harm,1,0,1,1,0,1,0,1,0,0,-1
3,harmony,1,7.268498328245384e-05,3.321928094887362,0.0002414542880424,7,7.578743141237457e-06,17.009609957636428,NN,NN,0,harmoni,0,0,0,0,1,0,1,0,0,1,1
3,harry,1,7.268498328245384e-05,0.3219280948873623,2.3399338195040143e-05,5,0.0001212598902597,13.009609957636428,NNP,NN,0,harri,1,0,0,0,0,1,0,1,0,0,-1
3,hate,1,7.268498328245384e-05,1.7369655941662063,0.0001262513151741,4,3.0314972564949827e-05,15.009609957636428,NN,NN,0,hate,1,0,1,1,0,1,0,1,0,0,-1
3,haven,1,7.268498328245384e-05,1.3219280948873624,9.6084321477494e-05,5,6.820868827113711e-05,13.839684956194116,NN,VB,1,haven,0,0,0,0,0,0,1,0,0,1,1
3,heal,1,7.268498328245384e-05,3.321928094887362,0.0002414542880424,4,7.578743141237457e-06,17.009609957636428,NN,NN,0,heal,0,0,0,0,1,0,1,0,0,1,1
3,hearing,3,0.0002180549498473,0.3219280948873623,7.019801458512045e-05,7,0.0001212598902597,13.009609957636428,NN,NN,0,hear,0,0,0,1,0,1,0,0,0,0,-1
3,hell,1,7.268498328245384e-05,1.0,7.268498328245384e-05,4,3.7893715706187286e-05,14.687681862749066,NN,NN,0,hell,1,0,1,1,0,1,0,1,0,0,-1
3,helpful,1,7.268498328245384e-05,1.7369655941662063,0.0001262513151741,7,2.2736229423712372e-05,15.424647456915272,JJ,JJ,0,help,0,0,0,0,1,0,1,0,0,1,1
3,hemorrhage,1,7.268498328245384e-05,1.7369655941662063,0.0001262513151741,10,2.2736229423712372e-05,15.424647456915272,NN,NN,0,hemorrhag,0,0,1,1,0,1,0,1,0,0,-1
3,hero,2,0.0001453699665649,1.0,0.0001453699665649,4,6.820868827113711e-05,13.839684956194116,NN,NN,0,hero,0,1,0,0,1,0,1,0,1,1,1
3,highest,1,7.268498328245384e-05,0.3219280948873623,2.3399338195040143e-05,7,0.000128838633401,12.922147116386087,JJS,JJ,0,highest,0,1,0,1,1,1,1,0,1,0,0
3,hit,9,0.000654164849542,0.0,0.0,3,0.0004547245884742,11.10271936202791,VBD,VB,0,hit,1,0,0,0,0,1,0,0,0,0,-1
3,hoax,1,7.268498328245384e-05,3.321928094887362,0.0002414542880424,4,7.578743141237457e-06,17.009609957636428,NN,NN,0,hoax,1,0,1,0,0,1,0,1,1,0,-1
3,honor,2,0.0001453699665649,0.3219280948873623,4.679867639008029e-05,5,0.0001818898353896,12.424647456915272,NN,NN,0,honor,0,0,0,0,0,0,1,0,0,1,1
3,hope,2,0.0001453699665649,0.0,0.0,4,0.0001212598902597,13.009609957636428,VBP,VB,0,hope,0,1,0,0,1,0,1,0,1,1,1
3,hospital,19,0.0013810146823666,0.0,0.0,8,0.0008563979749598,10.18943099522124,NNP,NN,0,hospit,0,0,0,1,0,0,0,1,0,1,0
3,humanity,1,7.268498328245384e-05,1.3219280948873624,9.6084321477494e-05,8,3.7893715706187286e-05,14.687681862749066,NN,NN,0,human,0,0,0,0,1,0,1,0,0,1,1
3,hunter,1,7.268498328245384e-05,0.7369655941662062,5.356633189171436e-05,6,7.578743141237457e-05,13.687681862749066,NNP,NN,0,hunter,0,1,0,1,0,1,0,1,0,0,-1
3,hurrah,1,7.268498328245384e-05,3.321928094887362,0.0002414542880424,6,7.578743141237457e-06,17.009609957636428,NNP,NN,0,hurrah,0,0,0,0,1,0,1,0,0,0,1
3,hut,2,0.0001453699665649,1.7369655941662063,0.0002525026303483,3,3.0314972564949827e-05,15.009609957636428,NN,NN,0,hut,0,0,0,0,0,0,1,1,0,0,1
3,illegal,1,7.268498328245384e-05,0.5145731728297582,3.740174246473021e-05,7,6.820868827113711e-05,13.839684956194116,JJ,JJ,0,illeg,1,0,1,1,0,1,0,1,0,0,-1
3,illness,2,0.0001453699665649,0.5145731728297582,7.480348492946042e-05,7,9.094491769484948e-05,13.424647456915272,NN,NN,0,ill,0,0,0,1,0,1,0,1,0,0,-1
3,illusion,2,0.0001453699665649,1.7369655941662063,0.0002525026303483,8,3.0314972564949827e-05,15.009609957636428,NN,NN,0,illus,0,0,0,0,0,1,0,0,1,0,-1
3,immediately,1,7.268498328245384e-05,1.7369655941662063,0.0001262513151741,11,3.0314972564949827e-05,15.009609957636428,RB,RB,0,immedi,0,1,0,0,0,1,1,0,0,0,0
3,importance,1,7.268498328245384e-05,1.7369655941662063,0.0001262513151741,10,2.2736229423712372e-05,15.424647456915272,NN,NN,0,import,0,1,0,0,0,0,1,0,0,0,1
3,important,3,0.0002180549498473,0.15200309344505,3.31450269178042e-05,9,0.0001818898353896,12.424647456915272,JJ,JJ,0,import,0,0,0,0,0,0,1,0,0,1,1
3,impossible,1,7.268498328245384e-05,1.7369655941662063,0.0001262513151741,10,2.2736229423712372e-05,15.424647456915272,JJ,JJ,0,imposs,0,0,0,0,0,1,0,1,0,0,-1
3,imprisonment,2,0.0001453699665649,1.7369655941662063,0.0002525026303483,12,3.0314972564949827e-05,15.009609957636428,NN,NN,0,imprison,1,0,1,1,0,1,0,1,0,0,-1
3,incarceration,1,7.268498328245384e-05,3.321928094887362,0.0002414542880424,13,7.578743141237457e-06,17.009609957636428,NN,NN,0,incarcer,1,0,1,1,0,1,0,1,0,0,-1
3,inequality,1,7.268498328245384e-05,3.321928094887362,0.0002414542880424,10,7.578743141237457e-06,17.009609957636428,NN,NN,0,inequ,1,0,0,1,0,1,0,1,0,0,-1
3,infant,2,0.0001453699665649,1.0,0.0001453699665649,6,5.30512019886622e-05,14.202255035578824,NN,NN,0,infant,0,1,0,1,1,0,1,0,1,0,1
3,influential,1,7.268498328245384e-05,2.321928094887362,0.0001687693047599,11,1.5157486282474914e-05,16.009609957636428,JJ,JJ,0,influenti,0,0,0,0,0,0,1,0,0,1,1
3,insecure,2,0.0001453699665649,3.321928094887362,0.0004829085760848,8,1.5157486282474914e-05,16.009609957636428,NN,NN,0,insecur,1,0,0,1,0,1,0,1,0,0,-1
3,inspire,1,7.268498328245384e-05,3.321928094887362,0.0002414542880424,7,7.578743141237457e-06,17.009609957636428,NN,NN,0,inspir,0,1,0,0,1,0,1,0,0,1,1
3,instructions,1,7.268498328245384e-05,3.321928094887362,0.0002414542880424,12,7.578743141237457e-06,17.009609957636428,NNS,NN,0,instruct,0,1,0,0,0,0,0,0,0,1,0
3,insure,1,7.268498328245384e-05,1.7369655941662063,0.0001262513151741,6,3.7893715706187286e-05,14.687681862749066,VB,VB,0,insur,0,0,0,0,0,0,1,0,0,1,1
3,intense,1,7.268498328245384e-05,3.321928094887362,0.0002414542880424,7,7.578743141237457e-06,17.009609957636428,JJ,JJ,0,intens,1,0,1,1,1,1,1,0,1,1,0
3,inter,1,7.268498328245384e-05,3.321928094887362,0.0002414542880424,5,7.578743141237457e-06,17.009609957636428,NN,NN,0,inter,0,0,0,0,0,1,0,1,0,0,-1
3,intimidation,1,7.268498328245384e-05,3.321928094887362,0.0002414542880424,12,7.578743141237457e-06,17.009609957636428,NN,NN,0,intimid,1,0,0,1,0,1,0,0,0,0,-1
3,jail,2,0.0001453699665649,0.15200309344505,2.2096684611869467e-05,4,0.000257677266802,11.922147116386087,NN,NN,0,jail,0,0,0,1,0,1,0,1,0,0,-1
3,john,6,0.0004361098996947,0.0,0.0,4,0.0008412404886773,10.215194091286325,NNP,NN,0,john,0,0,1,0,0,1,0,0,0,0,-1
3,joy,2,0.0001453699665649,1.0,0.0001453699665649,3,6.820868827113711e-05,13.839684956194116,NNP,NN,0,joy,0,0,0,0,1,0,1,0,0,0,1
3,jump,4,0.0002907399331298,0.7369655941662062,0.0002142653275668,4,8.336617455361203e-05,13.550178338999132,NN,NN,0,jump,0,0,0,0,1,0,1,0,0,0,1
3,justice,1,7.268498328245384e-05,0.0,0.0,7,0.0002349410373783,12.055413647249551,NNP,NN,0,justic,0,0,0,0,0,0,1,0,0,1,1
3,khan,2,0.0001453699665649,2.321928094887362,0.0003375386095198,4,2.2736229423712372e-05,15.424647456915272,NNP,NN,0,khan,0,0,0,1,0,0,0,0,0,1,0
3,kidnap,2,0.0001453699665649,3.321928094887362,0.0004829085760848,6,1.5157486282474914e-05,16.009609957636428,NN,NN,0,kidnap,1,0,0,1,0,1,0,1,1,0,-1
3,kind,5,0.0003634249164122,0.0,0.0,4,0.0002046260648134,12.25472245547296,NN,NN,0,kind,0,0,0,0,1,0,1,0,0,1,1
3,labor,3,0.0002180549498473,0.15200309344505,3.31450269178042e-05,5,0.0002804134962257,11.80015659200748,NN,NN,0,labor,0,1,0,0,1,0,1,0,1,1,1
3,larger,2,0.0001453699665649,2.321928094887362,0.0003375386095198,6,2.2736229423712372e-05,15.424647456915272,JJR,JJ,0,larger,0,0,1,0,0,0,0,0,1,1,0
3,late,4,0.0002907399331298,0.0,0.0,4,0.0003031497256494,11.687681862749066,JJ,JJ,0,late,0,0,0,0,0,1,0,1,0,0,-1
3,lawyer,3,0.0002180549498473,0.3219280948873623,7.019801458512045e-05,6,0.0001894685785309,12.365753767861705,NN,NN,0,lawyer,1,0,1,1,0,1,0,0,0,0,-1
3,leader,1,7.268498328245384e-05,0.0,0.0,6,0.0003107284687907,11.652057953018344,NN,NN,0,leader,0,0,0,0,0,0,1,0,0,1,1
3,legal,3,0.0002180549498473,0.15200309344505,3.31450269178042e-05,5,0.0002728347530845,11.839684956194116,JJ,JJ,0,legal,0,0,0,0,0,0,1,0,0,1,1
3,lesbian,1,7.268498328245384e-05,3.321928094887362,0.0002414542880424,7,7.578743141237457e-06,17.009609957636428,JJ,JJ,0,lesbian,0,0,1,0,0,1,0,1,0,0,-1
3,lesson,2,0.0001453699665649,1.7369655941662063,0.0002525026303483,6,3.0314972564949827e-05,15.009609957636428,NN,NN,0,lesson,0,1,0,0,0,0,1,0,0,1,1
3,liking,1,7.268498328245384e-05,3.321928094887362,0.0002414542880424,6,7.578743141237457e-06,17.009609957636428,VBG,VB,0,like,0,0,0,0,1,0,1,0,0,1,1
3,lonely,1,7.268498328245384e-05,3.321928094887362,0.0002414542880424,6,7.578743141237457e-06,17.009609957636428,RB,RB,0,lone,1,0,1,1,0,1,0,1,0,0,-1
3,lord,1,7.268498328245384e-05,1.3219280948873624,9.6084321477494e-05,4,4.5472458847424745e-05,14.424647456915272,NNP,NN,0,lord,0,0,1,0,0,1,1,0,0,1,0
3,lose,5,0.0003634249164122,0.7369655941662062,0.0002678316594585,4,0.0001212598902597,13.009609957636428,VB,VB,0,lose,1,0,1,1,0,1,0,1,1,0,-1
3,losing,1,7.268498328245384e-05,1.0,7.268498328245384e-05,6,5.30512019886622e-05,14.202255035578824,VBG,VB,0,lose,1,0,0,0,0,1,0,1,0,0,-1
3,loss,1,7.268498328245384e-05,0.5145731728297582,3.740174246473021e-05,4,0.0001061024039773,13.202255035578824,NN,NN,0,loss,1,0,0,1,0,1,0,1,0,0,-1
3,lost,3,0.0002180549498473,0.15200309344505,3.31450269178042e-05,4,0.0002046260648134,12.25472245547296,VBD,VB,0,lost,0,0,0,0,0,1,0,1,0,0,-1
3,love,12,0.0008722197993894,0.0,0.0,4,0.0005380907630278,10.859862838131749,NNP,NN,0,love,0,0,0,0,1,0,1,0,0,0,1
3,lovely,2,0.0001453699665649,0.7369655941662062,0.0001071326637834,6,6.0629945129899655e-05,14.009609957636428,JJ,JJ,0,love,0,1,0,0,1,0,1,1,1,1,1
3,lover,1,7.268498328245384e-05,1.7369655941662063,0.0001262513151741,5,3.0314972564949827e-05,15.009609957636428,NN,NN,0,lover,0,1,0,0,1,0,1,0,0,1,1
3,lower,1,7.268498328245384e-05,0.15200309344505,1.1048342305934732e-05,5,0.0001061024039773,13.202255035578824,JJR,JJ,0,lower,0,0,0,0,0,1,0,1,0,0,-1
3,lust,1,7.268498328245384e-05,3.321928094887362,0.0002414542880424,4,7.578743141237457e-06,17.009609957636428,NN,NN,0,lust,0,1,0,0,0,1,0,0,0,0,-1
3,lying,1,7.268498328245384e-05,1.7369655941662063,0.0001262513151741,5,2.2736229423712372e-05,15.424647456915272,VBG,VB,0,lie,1,0,1,0,0,1,0,0,0,0,-1
3,mainstay,1,7.268498328245384e-05,3.321928094887362,0.0002414542880424,8,7.578743141237457e-06,17.009609957636428,NN,NN,0,mainstay,0,0,0,0,0,0,1,0,0,1,1
3,majestic,1,7.268498328245384e-05,3.321928094887362,0.0002414542880424,8,7.578743141237457e-06,17.009609957636428,JJ,JJ,0,majest,0,1,0,0,1,0,1,0,1,1,1
3,maniac,2,0.0001453699665649,3.321928094887362,0.0004829085760848,6,1.5157486282474914e-05,16.009609957636428,NN,NN,0,maniac,1,0,0,1,0,1,0,0,0,0,-1
3,marriage,5,0.0003634249164122,0.0,0.0,8,0.0003789371570618,11.365753767861705,NN,NN,0,marriag,0,1,0,0,1,0,1,0,0,1,1
3,marry,1,7.268498328245384e-05,0.7369655941662062,5.356633189171436e-05,5,7.578743141237457e-05,13.687681862749066,VB,VB,0,marri,0,1,0,1,1,0,1,0,1,1,1
3,medal,1,7.268498328245384e-05,1.7369655941662063,0.0001262513151741,5,2.2736229423712372e-05,15.424647456915272,NNP,NN,0,medal,0,1,0,0,1,0,1,0,1,1,1
3,medical,4,0.0002907399331298,0.15200309344505,4.419336922373893e-05,7,0.0003258859550732,11.58334520293433,JJ,JJ,0,medic,0,1,0,1,0,0,1,0,0,1,1
3,merit,1,7.268498328245384e-05,1.3219280948873624,9.6084321477494e-05,5,3.7893715706187286e-05,14.687681862749066,NNP,NN,0,merit,0,0,0,0,0,0,1,0,0,1,1
3,mess,1,7.268498328245384e-05,1.3219280948873624,9.6084321477494e-05,4,3.0314972564949827e-05,15.009609957636428,NN,NN,0,mess,0,0,1,0,0,1,0,0,0,0,-1
3,mighty,2,0.0001453699665649,2.321928094887362,0.0003375386095198,6,2.2736229423712372e-05,15.424647456915272,NNP,NN,0,mighti,1,0,0,1,1,0,1,0,0,1,1
3,ministry,4,0.0002907399331298,2.321928094887362,0.0006750772190397,8,3.7893715706187286e-05,14.687681862749066,NN,NN,0,ministri,0,0,0,0,1,0,1,0,0,1,1
3,miracle,2,0.0001453699665649,3.321928094887362,0.0004829085760848,7,1.5157486282474914e-05,16.009609957636428,NNP,NN,0,miracl,0,1,0,0,1,0,1,0,1,1,1
3,missing,1,7.268498328245384e-05,1.0,7.268498328245384e-05,7,5.30512019886622e-05,14.202255035578824,VBG,VB,0,miss,0,0,0,1,0,1,0,1,0,0,-1
3,mistake,2,0.0001453699665649,2.321928094887362,0.0003375386095198,7,3.0314972564949827e-05,15.009609957636428,NN,NN,0,mistak,0,0,0,0,0,1,0,1,0,0,-1
3,money,7,0.0005087948829771,0.15200309344505,7.733839614154314e-05,5,0.0004395671021917,11.151628962508855,NN,NN,0,money,1,1,0,0,1,0,1,0,1,1,1
3,morgue,2,0.0001453699665649,2.321928094887362,0.0003375386095198,6,2.2736229423712372e-05,15.424647456915272,NNP,NN,0,morgu,0,0,1,1,0,1,0,1,0,0,-1
3,mortuary,1,7.268498328245384e-05,2.321928094887362,0.0001687693047599,8,2.2736229423712372e-05,15.424647456915272,JJ,NN,0,mortuari,0,0,0,1,0,1,0,1,0,0,-1
3,mother,6,0.0004361098996947,0.0,0.0,6,0.0004623033316154,11.07887262007354,NN,NN,0,mother,0,1,0,0,1,1,1,1,0,1,0
3,murder,2,0.0001453699665649,0.15200309344505,2.2096684611869467e-05,6,0.0002046260648134,12.25472245547296,NN,NN,0,murder,1,0,1,1,0,1,0,1,1,0,-1
3,music,18,0.0013083296990841,0.0,0.0,5,0.0005684057355928,10.780791267140549,NN,NN,0,music,0,0,0,0,1,0,1,1,0,0,1
3,musical,3,0.0002180549498473,0.5145731728297582,0.0001122052273941,7,0.0001439961196835,12.761682444192845,JJ,JJ,0,music,1,1,0,0,1,0,1,1,1,1,1
3,nasty,1,7.268498328245384e-05,3.321928094887362,0.0002414542880424,5,7.578743141237457e-06,17.009609957636428,JJ,JJ,0,nasti,1,0,1,1,0,1,0,1,0,0,-1
3,negative,2,0.0001453699665649,2.321928094887362,0.0003375386095198,8,3.0314972564949827e-05,15.009609957636428,JJ,JJ,0,neg,0,0,0,0,0,1,0,1,0,0,-1
3,negro,2,0.0001453699665649,0.0,0.0,5,0.0029557098250826,8.402279643886818,NNP,NN,0,negro,0,0,0,0,0,1,0,1,0,0,-1
3,nicotine,4,0.0002907399331298,1.3219280948873624,0.0003843372859099,8,6.0629945129899655e-05,14.009609957636428,JJ,JJ,0,nicotin,0,0,1,0,0,1,0,0,0,0,-1
3,noble,3,0.0002180549498473,1.3219280948873624,0.0002882529644324,5,6.0629945129899655e-05,14.009609957636428,NNP,NN,0,nobl,0,0,0,0,0,0,1,0,0,1,1
3,nursery,1,7.268498328245384e-05,2.321928094887362,0.0001687693047599,7,1.5157486282474914e-05,16.009609957636428,JJ,JJ,0,nurseri,0,0,0,0,1,0,1,0,0,1,1
3,objective,1,7.268498328245384e-05,1.7369655941662063,0.0001262513151741,9,2.2736229423712372e-05,15.424647456915272,JJ,JJ,0,object,0,1,0,0,0,0,1,0,0,1,1
3,obvious,1,7.268498328245384e-05,1.7369655941662063,0.0001262513151741,7,3.0314972564949827e-05,15.009609957636428,JJ,JJ,0,obviou,0,0,0,0,0,0,1,0,0,1,1
3,officer,2,0.0001453699665649,0.0,0.0,7,0.0002122048079546,12.202255035578824,NN,NN,0,offic,0,0,0,0,0,0,1,0,0,1,1
3,operation,1,7.268498328245384e-05,0.15200309344505,1.1048342305934732e-05,9,0.0001667323491072,12.550178338999132,NN,NN,0,oper,0,0,0,1,0,0,0,0,0,1,0
3,opportunity,2,0.0001453699665649,0.5145731728297582,7.480348492946042e-05,11,0.0001212598902597,13.009609957636428,NN,NN,0,opportun,0,1,0,0,0,0,1,0,0,0,1
3,opposed,1,7.268498328245384e-05,1.3219280948873624,9.6084321477494e-05,7,4.5472458847424745e-05,14.424647456915272,VBD,VB,0,oppos,1,0,0,1,0,1,0,0,0,0,-1
3,orchestra,3,0.0002180549498473,1.0,0.0002180549498473,9,9.852366083608696e-05,13.309170239495336,NNP,NN,0,orchestra,1,0,0,0,1,0,1,1,0,1,1
3,ordeal,3,0.0002180549498473,1.7369655941662063,0.0003787539455225,6,3.7893715706187286e-05,14.687681862749066,NN,NN,0,ordeal,1,0,0,0,0,1,0,0,1,0,-1
3,ordination,1,7.268498328245384e-05,3.321928094887362,0.0002414542880424,10,7.578743141237457e-06,17.009609957636428,NN,NN,0,ordin,0,1,0,0,1,0,1,0,0,1,1
3,organization,8,0.0005814798662596,0.5145731728297582,0.0002992139397178,12,0.0002197835510958,12.151628962508855,NN,NN,0,organ,0,1,0,0,1,0,1,0,1,1,1
3,overdue,2,0.0001453699665649,3.321928094887362,0.0004829085760848,7,1.5157486282474914e-05,16.009609957636428,JJ,JJ,0,overdu,0,1,0,0,0,1,0,1,1,0,-1
3,pain,1,7.268498328245384e-05,1.7369655941662063,0.0001262513151741,4,2.2736229423712372e-05,15.424647456915272,NN,NN,0,pain,0,0,0,1,0,1,0,1,0,0,-1
3,pastor,5,0.0003634249164122,0.3219280948873623,0.0001169966909752,6,0.0001591536059659,12.617292534857668,NN,NN,0,pastor,0,0,0,0,1,0,1,0,0,1,1
3,pay,3,0.0002180549498473,0.0,0.0,3,0.0003031497256494,11.687681862749066,VB,VB,0,pay,0,1,0,0,1,0,1,0,0,1,1
3,peace,3,0.0002180549498473,1.3219280948873624,0.0002882529644324,5,6.820868827113711e-05,13.839684956194116,NN,NN,0,peac,0,1,0,0,1,0,1,0,0,1,1
3,penitentiary,1,7.268498328245384e-05,1.7369655941662063,0.0001262513151741,12,2.2736229423712372e-05,15.424647456915272,NNP,NN,0,penitentiari,1,0,0,0,0,1,0,0,0,0,-1
3,physician,1,7.268498328245384e-05,0.3219280948873623,2.3399338195040143e-05,9,0.000128838633401,12.922147116386087,NN,NN,0,physician,0,0,0,0,0,0,1,0,0,1,1
3,picketing,1,7.268498328245384e-05,1.3219280948873624,9.6084321477494e-05,9,3.0314972564949827e-05,15.009609957636428,VBG,NN,0,picket,1,0,0,0,0,1,0,0,0,0,-1
3,pirate,1,7.268498328245384e-05,3.321928094887362,0.0002414542880424,6,7.578743141237457e-06,17.009609957636428,NNP,NN,0,pirat,1,0,0,0,0,1,0,0,0,0,-1
3,planning,1,7.268498328245384e-05,0.3219280948873623,2.3399338195040143e-05,8,8.336617455361203e-05,13.550178338999132,VBG,VB,0,plan,0,1,0,0,0,0,1,0,0,1,1
3,police,9,0.000654164849542,0.0,0.0,6,0.0011368114711856,9.780791267140549,NN,NN,0,polic,0,0,0,1,0,0,1,0,0,1,1
3,policeman,1,7.268498328245384e-05,0.7369655941662062,5.356633189171436e-05,9,8.336617455361203e-05,13.550178338999132,NN,NN,0,policeman,0,0,0,1,0,0,1,0,0,1,1
3,possession,1,7.268498328245384e-05,0.7369655941662062,5.356633189171436e-05,10,6.0629945129899655e-05,14.009609957636428,NN,NN,0,possess,1,0,1,1,0,1,0,0,0,0,-1
3,pound,1,7.268498328245384e-05,0.15200309344505,1.1048342305934732e-05,5,0.0001136811471185,13.10271936202791,NN,NN,0,pound,1,0,0,0,0,1,0,0,0,0,-1
3,powerful,1,7.268498328245384e-05,0.5145731728297582,3.740174246473021e-05,8,8.336617455361203e-05,13.550178338999132,JJ,JJ,0,power,1,1,1,1,1,0,1,0,0,1,1
3,praise,2,0.0001453699665649,0.7369655941662062,0.0001071326637834,6,6.820868827113711e-05,13.839684956194116,NN,NN,0,prais,0,0,0,0,1,0,1,0,0,1,1
3,pregnancy,9,0.000654164849542,2.321928094887362,0.0015189237428395,9,7.578743141237457e-05,13.687681862749066,NN,NN,0,pregnanc,0,0,1,0,0,1,0,0,0,0,-1
3,prepare,1,7.268498328245384e-05,1.3219280948873624,9.6084321477494e-05,7,3.0314972564949827e-05,15.009609957636428,NN,NN,0,prepar,0,1,0,0,0,0,1,0,0,0,1
3,present,3,0.0002180549498473,0.15200309344505,3.31450269178042e-05,7,0.0001591536059659,12.617292534857668,JJ,JJ,0,present,0,1,0,0,1,0,1,0,1,1,1
3,president,13,0.0009449047826718,0.0,0.0,9,0.0017961621244732,9.12086670873817,NNP,NN,0,presid,0,0,0,0,0,0,1,0,0,1,1
3,pretty,1,7.268498328245384e-05,0.3219280948873623,2.3399338195040143e-05,6,0.0001136811471185,13.10271936202791,RB,RB,0,pretti,0,1,0,0,1,0,1,0,0,1,1
3,pride,2,0.0001453699665649,1.0,0.0001453699665649,5,6.820868827113711e-05,13.839684956194116,NN,NN,0,pride,0,0,0,0,1,0,1,0,0,0,1
3,principal,1,7.268498328245384e-05,0.5145731728297582,3.740174246473021e-05,9,8.336617455361203e-05,13.550178338999132,NN,NN,0,princip,0,0,0,0,0,0,1,0,0,1,1
3,prison,7,0.0005087948829771,0.3219280948873623,0.0001637953673652,6,0.0002046260648134,12.25472245547296,NN,NN,0,prison,1,0,0,1,0,1,0,1,0,0,-1
3,prisoner,1,7.268498328245384e-05,3.321928094887362,0.0002414542880424,8,7.578743141237457e-06,17.009609957636428,VBP,VB,0,prison,1,0,1,1,0,1,0,1,0,0,-1
3,professional,3,0.0002180549498473,0.0,0.0,12,0.0001439961196835,12.761682444192845,JJ,JJ,0,profession,0,0,0,0,0,0,1,0,0,1,1
3,professor,5,0.0003634249164122,0.15200309344505,5.524171152967366e-05,9,0.0001818898353896,12.424647456915272,NN,NN,0,professor,0,0,0,0,0,0,1,0,0,1,1
3,prosecution,1,7.268498328245384e-05,2.321928094887362,0.0001687693047599,11,1.5157486282474914e-05,16.009609957636428,NN,NN,0,prosecut,0,0,1,0,0,1,0,0,0,0,-1
3,provide,1,7.268498328245384e-05,0.7369655941662062,5.356633189171436e-05,7,7.578743141237457e-05,13.687681862749066,VB,VB,0,provid,0,0,0,0,0,0,1,0,0,1,1
3,public,3,0.0002180549498473,0.0,0.0,6,0.0005835632218752,10.742823416941526,JJ,JJ,0,public,0,1,0,0,0,0,1,0,0,0,1
3,punch,1,7.268498328245384e-05,2.321928094887362,0.0001687693047599,5,1.5157486282474914e-05,16.009609957636428,VB,VB,0,punch,1,0,0,1,0,1,0,1,1,0,-1
3,punish,1,7.268498328245384e-05,2.321928094887362,0.0001687693047599,6,1.5157486282474914e-05,16.009609957636428,VB,VB,0,punish,0,0,0,1,0,1,0,0,0,0,-1
3,quote,1,7.268498328245384e-05,2.321928094887362,0.0001687693047599,5,1.5157486282474914e-05,16.009609957636428,NN,NN,0,quot,0,1,0,0,0,1,1,0,1,0,0
3,rage,1,7.268498328245384e-05,3.321928094887362,0.0002414542880424,4,7.578743141237457e-06,17.009609957636428,NNP,NN,0,rage,1,0,0,0,0,1,0,0,0,0,-1
3,raid,1,7.268498328245384e-05,1.3219280948873624,9.6084321477494e-05,4,5.30512019886622e-05,14.202255035578824,NN,NN,0,raid,1,0,0,1,0,1,0,0,1,0,-1
3,rating,1,7.268498328245384e-05,2.321928094887362,0.0001687693047599,6,1.5157486282474914e-05,16.009609957636428,NN,NN,0,rate,1,0,0,1,0,1,0,1,0,0,-1
3,react,1,7.268498328245384e-05,3.321928094887362,0.0002414542880424,5,7.578743141237457e-06,17.009609957636428,VB,VB,0,react,1,0,0,1,0,0,0,0,0,0,0
3,real,6,0.0004361098996947,0.0,0.0,4,0.0003107284687907,11.652057953018344,JJ,JJ,0,real,0,0,0,0,0,0,1,0,0,1,1
3,recommend,1,7.268498328245384e-05,3.321928094887362,0.0002414542880424,9,7.578743141237457e-06,17.009609957636428,VB,VB,0,recommend,0,0,0,0,0,0,1,0,0,1,1
3,refused,1,7.268498328245384e-05,0.0,0.0,7,0.0002500985236608,11.965215838277976,VBD,VB,0,refus,0,0,0,0,0,1,0,1,0,0,-1
3,remains,2,0.0001453699665649,1.3219280948873624,0.0001921686429549,7,3.7893715706187286e-05,14.687681862749066,VBZ,VB,0,remain,0,0,1,1,0,1,1,0,0,1,0
3,respect,1,7.268498328245384e-05,1.3219280948873624,9.6084321477494e-05,7,5.30512019886622e-05,14.202255035578824,NN,NN,0,respect,0,1,0,0,1,0,1,0,0,1,1
3,respects,1,7.268498328245384e-05,1.7369655941662063,0.0001262513151741,8,2.2736229423712372e-05,15.424647456915272,NNS,NN,0,respect,0,0,0,0,0,0,1,0,0,1,1
3,responsible,1,7.268498328245384e-05,0.5145731728297582,3.740174246473021e-05,11,9.094491769484948e-05,13.424647456915272,JJ,JJ,0,respons,0,0,0,0,0,0,1,0,0,1,1
3,retirement,1,7.268498328245384e-05,1.3219280948873624,9.6084321477494e-05,10,3.7893715706187286e-05,14.687681862749066,NN,NN,0,retir,0,1,0,1,1,1,1,1,0,1,0
3,revolution,1,7.268498328245384e-05,1.3219280948873624,9.6084321477494e-05,10,5.30512019886622e-05,14.202255035578824,NN,NN,0,revolut,1,1,0,1,0,1,1,1,1,0,0
3,rifle,1,7.268498328245384e-05,3.321928094887362,0.0002414542880424,5,7.578743141237457e-06,17.009609957636428,JJ,JJ,0,rifl,1,0,0,1,0,1,0,0,0,0,-1
3,ringer,1,7.268498328245384e-05,3.321928094887362,0.0002414542880424,6,7.578743141237457e-06,17.009609957636428,NNP,NN,0,ringer,1,0,0,0,0,1,0,0,0,0,-1
3,risk,2,0.0001453699665649,2.321928094887362,0.0003375386095198,4,2.2736229423712372e-05,15.424647456915272,NN,NN,0,risk,0,1,0,1,0,1,0,0,0,0,-1
3,robbery,2,0.0001453699665649,2.321928094887362,0.0003375386095198,7,2.2736229423712372e-05,15.424647456915272,NN,NN,0,robberi,1,0,1,1,0,1,0,1,0,0,-1
3,sadly,1,7.268498328245384e-05,2.321928094887362,0.0001687693047599,5,2.2736229423712372e-05,15.424647456915272,RB,RB,0,sadli,0,0,0,0,0,1,0,1,0,0,-1
3,salary,2,0.0001453699665649,1.0,0.0001453699665649,6,4.5472458847424745e-05,14.424647456915272,JJ,JJ,0,salari,0,1,0,0,1,0,1,0,0,1,1
3,save,1,7.268498328245384e-05,0.5145731728297582,3.740174246473021e-05,4,8.336617455361203e-05,13.550178338999132,VB,VB,0,save,0,0,0,0,1,0,1,0,0,1,1
3,score,1,7.268498328245384e-05,1.3219280948873624,9.6084321477494e-05,5,6.0629945129899655e-05,14.009609957636428,VB,VB,0,score,0,1,0,0,1,0,1,0,1,0,1
3,sensuous,3,0.0002180549498473,1.7369655941662063,0.0003787539455225,8,3.7893715706187286e-05,14.687681862749066,JJ,JJ,0,sensuou,0,0,0,0,1,0,1,0,0,0,1
3,sentence,3,0.0002180549498473,0.0,0.0,8,0.0001591536059659,12.617292534857668,NN,NN,0,sentenc,1,1,1,1,0,1,0,1,0,0,-1
3,separatist,2,0.0001453699665649,3.321928094887362,0.0004829085760848,10,1.5157486282474914e-05,16.009609957636428,NN,NN,0,separatist,1,0,1,0,0,1,0,0,0,0,-1
3,sex,9,0.000654164849542,0.3219280948873623,0.0002105940437553,3,0.0001970473216721,12.309170239495336,NN,NN,0,sex,0,1,0,0,1,0,1,0,0,1,1
3,share,3,0.0002180549498473,0.3219280948873623,7.019801458512045e-05,5,0.0001743110922484,12.486048001579416,NN,NN,0,share,0,1,0,0,1,0,1,0,0,1,1
3,shell,1,7.268498328245384e-05,1.7369655941662063,0.0001262513151741,5,4.5472458847424745e-05,14.424647456915272,NN,NN,0,shell,1,0,0,1,0,1,0,1,1,0,-1
3,shooting,2,0.0001453699665649,0.7369655941662062,0.0001071326637834,8,8.336617455361203e-05,13.550178338999132,NN,NN,0,shoot,1,0,0,1,0,1,0,0,0,0,-1
3,shot,1,7.268498328245384e-05,0.7369655941662062,5.356633189171436e-05,4,0.0001818898353896,12.424647456915272,VBD,VB,0,shot,1,0,0,1,0,1,0,1,1,0,-1
3,shun,1,7.268498328245384e-05,2.321928094887362,0.0001687693047599,4,1.5157486282474914e-05,16.009609957636428,NNP,NN,0,shun,1,0,1,0,0,1,0,1,0,0,-1
3,sincere,1,7.268498328245384e-05,2.321928094887362,0.0001687693047599,7,1.5157486282474914e-05,16.009609957636428,JJ,JJ,0,sincer,0,0,0,0,0,0,1,0,0,1,1
3,sinful,2,0.0001453699665649,3.321928094887362,0.0004829085760848,6,1.5157486282474914e-05,16.009609957636428,NN,NN,0,sin,1,0,1,1,0,1,0,1,0,0,-1
3,slavery,2,0.0001453699665649,2.321928094887362,0.0003375386095198,7,3.0314972564949827e-05,15.009609957636428,NN,NN,0,slaveri,1,0,1,1,0,1,0,1,0,0,-1
3,slip,2,0.0001453699665649,1.0,0.0001453699665649,4,6.0629945129899655e-05,14.009609957636428,NN,NN,0,slip,0,0,0,0,0,1,0,0,1,0,-1
3,smile,2,0.0001453699665649,1.3219280948873624,0.0001921686429549,5,3.7893715706187286e-05,14.687681862749066,NN,NN,0,smile,0,0,0,0,1,0,1,0,1,1,1
3,smiling,1,7.268498328245384e-05,1.7369655941662063,0.0001262513151741,7,3.7893715706187286e-05,14.687681862749066,VBG,VB,0,smile,0,0,0,0,1,0,1,0,0,0,1
3,sparkle,1,7.268498328245384e-05,3.321928094887362,0.0002414542880424,7,7.578743141237457e-06,17.009609957636428,NNP,NN,0,sparkl,0,1,0,0,1,0,1,0,1,0,1
3,special,7,0.0005087948829771,0.15200309344505,7.733839614154314e-05,7,0.0003562009276381,11.45502110595879,JJ,JJ,0,special,0,0,0,0,1,0,1,0,0,0,1
3,spectacular,2,0.0001453699665649,2.321928094887362,0.0003375386095198,11,2.2736229423712372e-05,15.424647456915272,JJ,JJ,0,spectacular,0,1,0,0,0,0,0,0,1,0,0
3,spirits,1,7.268498328245384e-05,1.7369655941662063,0.0001262513151741,7,3.0314972564949827e-05,15.009609957636428,NNS,NN,0,spirit,0,1,0,0,1,0,1,0,1,0,1
3,spoil,1,7.268498328245384e-05,3.321928094887362,0.0002414542880424,5,7.578743141237457e-06,17.009609957636428,VB,VB,0,spoil,0,0,1,0,0,1,0,0,0,0,-1
3,star,7,0.0005087948829771,0.15200309344505,7.733839614154314e-05,4,0.0005229332767453,10.90108550085826,NN,NN,0,star,0,1,0,0,1,0,1,0,0,1,1
3,steward,1,7.268498328245384e-05,3.321928094887362,0.0002414542880424,7,7.578743141237457e-06,17.009609957636428,NN,NN,0,steward,0,0,0,0,0,0,1,0,0,1,1
3,stint,1,7.268498328245384e-05,2.321928094887362,0.0001687693047599,5,1.5157486282474914e-05,16.009609957636428,NN,NN,0,stint,0,0,0,1,0,1,0,1,0,0,-1
3,strength,1,7.268498328245384e-05,0.5145731728297582,3.740174246473021e-05,8,6.820868827113711e-05,13.839684956194116,NN,NN,0,strength,0,0,0,0,0,0,1,0,0,1,1
3,strike,1,7.268498328245384e-05,1.7369655941662063,0.0001262513151741,6,3.0314972564949827e-05,15.009609957636428,VB,VB,0,strike,1,0,0,0,0,1,0,0,0,0,-1
3,stripped,1,7.268498328245384e-05,3.321928094887362,0.0002414542880424,8,7.578743141237457e-06,17.009609957636428,VBD,VB,0,strip,1,1,1,1,0,1,0,1,0,0,-1
3,stroke,1,7.268498328245384e-05,2.321928094887362,0.0001687693047599,6,3.0314972564949827e-05,15.009609957636428,NN,NN,0,stroke,0,0,0,1,0,1,0,1,0,0,-1
3,succeed,1,7.268498328245384e-05,1.7369655941662063,0.0001262513151741,7,2.2736229423712372e-05,15.424647456915272,VB,VB,0,succeed,0,1,0,0,1,0,1,0,1,1,1
3,suffering,1,7.268498328245384e-05,0.7369655941662062,5.356633189171436e-05,9,5.30512019886622e-05,14.202255035578824,VBG,VB,0,suffer,0,0,1,1,0,1,0,1,0,0,-1
3,sunny,1,7.268498328245384e-05,3.321928094887362,0.0002414542880424,5,7.578743141237457e-06,17.009609957636428,NN,NN,0,sunni,0,1,0,0,1,0,1,0,1,0,1
3,supporting,1,7.268498328245384e-05,1.3219280948873624,9.6084321477494e-05,10,3.0314972564949827e-05,15.009609957636428,VBG,VB,0,support,0,0,0,0,0,0,1,0,0,1,1
3,surgery,1,7.268498328245384e-05,0.7369655941662062,5.356633189171436e-05,7,7.578743141237457e-05,13.687681862749066,NN,NN,0,surgeri,0,0,0,1,0,0,0,1,0,0,0
3,surprise,3,0.0002180549498473,0.5145731728297582,0.0001122052273941,8,0.0001136811471185,13.10271936202791,NN,NN,0,surpris,0,0,0,1,1,0,1,0,1,0,1
3,surprisingly,1,7.268498328245384e-05,2.321928094887362,0.0001687693047599,12,1.5157486282474914e-05,16.009609957636428,RB,RB,0,surprisingli,0,1,0,0,0,0,0,0,1,0,0
3,symphony,1,7.268498328245384e-05,2.321928094887362,0.0001687693047599,8,2.2736229423712372e-05,15.424647456915272,NNP,NN,0,symphoni,0,1,0,0,1,0,1,0,0,0,1
3,terminal,1,7.268498328245384e-05,2.321928094887362,0.0001687693047599,8,1.5157486282474914e-05,16.009609957636428,NN,NN,0,termin,0,0,0,1,0,1,0,1,0,0,-1
3,terror,1,7.268498328245384e-05,1.7369655941662063,0.0001262513151741,6,3.0314972564949827e-05,15.009609957636428,NN,NN,0,terror,0,0,0,1,0,1,0,0,0,0,-1
3,thankful,1,7.268498328245384e-05,2.321928094887362,0.0001687693047599,8,1.5157486282474914e-05,16.009609957636428,JJ,JJ,0,thank,0,0,0,0,1,0,1,0,0,0,1
3,threat,1,7.268498328245384e-05,1.0,7.268498328245384e-05,6,6.820868827113711e-05,13.839684956194116,NN,NN,0,threat,1,0,0,1,0,1,0,0,0,0,-1
3,title,6,0.0004361098996947,0.0,0.0,5,0.000287992239367,11.761682444192845,NN,NN,0,titl,0,0,0,0,0,0,1,0,0,1,1
3,toilet,1,7.268498328245384e-05,3.321928094887362,0.0002414542880424,6,7.578743141237457e-06,17.009609957636428,NN,NN,0,toilet,0,0,1,0,0,1,0,0,0,0,-1
3,tolerate,1,7.268498328245384e-05,2.321928094887362,0.0001687693047599,8,1.5157486282474914e-05,16.009609957636428,VB,VB,0,toler,1,0,0,0,0,1,0,1,0,0,-1
3,top,12,0.0008722197993894,0.0,0.0,3,0.0005684057355928,10.780791267140549,JJ,JJ,0,top,0,1,0,0,0,0,1,0,0,1,1
3,tough,2,0.0001453699665649,1.7369655941662063,0.0002525026303483,5,3.0314972564949827e-05,15.009609957636428,JJ,JJ,0,tough,0,0,0,0,0,1,0,1,0,0,-1
3,tranquility,2,0.0001453699665649,2.321928094887362,0.0003375386095198,11,2.2736229423712372e-05,15.424647456915272,NN,NN,0,tranquil,0,0,0,0,1,0,1,0,0,1,1
3,treason,1,7.268498328245384e-05,2.321928094887362,0.0001687693047599,7,1.5157486282474914e-05,16.009609957636428,NN,NN,0,treason,1,0,1,1,0,1,0,0,1,0,-1
3,true,1,7.268498328245384e-05,0.3219280948873623,2.3399338195040143e-05,4,0.0001136811471185,13.10271936202791,JJ,JJ,0,true,0,0,0,0,1,0,1,0,0,1,1
3,truth,2,0.0001453699665649,1.0,0.0001453699665649,5,6.820868827113711e-05,13.839684956194116,NN,NN,0,truth,0,0,0,0,0,0,1,0,0,1,1
3,tumultuous,1,7.268498328245384e-05,2.321928094887362,0.0001687693047599,10,1.5157486282474914e-05,16.009609957636428,JJ,JJ,0,tumultu,1,0,0,1,0,1,0,0,0,0,-1
3,umpire,2,0.0001453699665649,2.321928094887362,0.0003375386095198,6,3.0314972564949827e-05,15.009609957636428,NN,NN,0,umpir,0,0,0,0,0,0,1,0,0,1,1
3,unable,1,7.268498328245384e-05,1.0,7.268498328245384e-05,6,6.0629945129899655e-05,14.009609957636428,JJ,JJ,0,unabl,0,0,0,0,0,1,0,1,0,0,-1
3,understanding,1,7.268498328245384e-05,1.3219280948873624,9.6084321477494e-05,13,3.7893715706187286e-05,14.687681862749066,NN,NN,0,understand,0,0,0,0,0,0,1,0,0,1,1
3,unfaithful,1,7.268498328245384e-05,3.321928094887362,0.0002414542880424,10,7.578743141237457e-06,17.009609957636428,JJ,JJ,0,unfaith,0,0,1,0,0,1,0,0,0,0,-1
3,unfulfilled,1,7.268498328245384e-05,3.321928094887362,0.0002414542880424,11,7.578743141237457e-06,17.009609957636428,JJ,JJ,0,unfulfil,1,1,0,0,0,1,0,1,1,0,-1
3,united,2,0.0001453699665649,0.0,0.0,6,0.0003334646982144,11.550178338999132,NNP,NN,0,unit,0,0,0,0,0,0,1,0,0,1,1
3,university,10,0.0007268498328245,0.0,0.0,10,0.0010761815260557,9.859862838131749,NNP,NN,0,univers,0,1,0,0,0,0,1,0,0,0,1
3,uplift,1,7.268498328245384e-05,3.321928094887362,0.0002414542880424,6,7.578743141237457e-06,17.009609957636428,VBP,VB,0,uplift,0,1,0,0,1,0,1,0,0,1,1
3,upright,1,7.268498328245384e-05,3.321928094887362,0.0002414542880424,7,7.578743141237457e-06,17.009609957636428,NN,NN,0,upright,0,0,0,0,0,0,1,0,0,1,1
3,vacation,1,7.268498328245384e-05,1.0,7.268498328245384e-05,8,6.0629945129899655e-05,14.009609957636428,NN,NN,0,vacat,0,1,0,0,1,0,1,0,0,0,1
3,verge,1,7.268498328245384e-05,3.321928094887362,0.0002414542880424,5,7.578743141237457e-06,17.009609957636428,NN,NN,0,verg,0,1,0,1,0,1,0,0,0,0,-1
3,verified,1,7.268498328245384e-05,3.321928094887362,0.0002414542880424,8,7.578743141237457e-06,17.009609957636428,VBN,VB,0,verifi,0,0,0,0,0,0,1,0,0,1,1
3,veteran,1,7.268498328245384e-05,0.15200309344505,1.1048342305934732e-05,7,0.0001136811471185,13.10271936202791,NN,NN,0,veteran,0,0,0,0,0,0,1,0,0,1,1
3,vicious,1,7.268498328245384e-05,2.321928094887362,0.0001687693047599,7,2.2736229423712372e-05,15.424647456915272,JJ,JJ,0,viciou,1,0,1,0,0,1,0,0,0,0,-1
3,violence,2,0.0001453699665649,1.0,0.0001453699665649,8,9.094491769484948e-05,13.424647456915272,NN,NN,0,violenc,1,0,0,1,0,1,0,1,0,0,-1
3,volunteer,1,7.268498328245384e-05,2.321928094887362,0.0001687693047599,9,1.5157486282474914e-05,16.009609957636428,NN,NN,0,volunt,0,1,0,1,1,0,1,0,0,1,1
3,war,1,7.268498328245384e-05,0.15200309344505,1.1048342305934732e-05,3,0.0001591536059659,12.617292534857668,NNP,NN,0,war,0,0,0,1,0,1,0,0,0,0,-1
3,wasting,1,7.268498328245384e-05,3.321928094887362,0.0002414542880424,7,7.578743141237457e-06,17.009609957636428,VBG,VB,0,wast,0,0,1,1,0,1,0,1,0,0,-1
3,watch,1,7.268498328245384e-05,0.15200309344505,1.1048342305934732e-05,5,0.0001364173765422,12.839684956194116,NN,NN,0,watch,0,1,0,1,0,0,0,0,0,0,0
3,wear,1,7.268498328245384e-05,0.3219280948873623,2.3399338195040143e-05,4,0.0001136811471185,13.10271936202791,VB,VB,0,wear,0,0,0,0,0,1,0,0,0,1,-1
3,weight,3,0.0002180549498473,1.0,0.0002180549498473,6,7.578743141237457e-05,13.687681862749066,NN,NN,0,weight,0,1,1,1,1,1,1,1,1,1,0
3,white,20,0.001453699665649,0.0,0.0,5,0.0022054142541001,8.824734614728145,JJ,JJ,0,white,0,1,0,0,1,0,1,0,0,1,1
3,winner,3,0.0002180549498473,0.5145731728297582,0.0001122052273941,6,0.0001136811471185,13.10271936202791,NN,NN,0,winner,0,1,0,0,1,0,1,0,1,0,1
3,winning,1,7.268498328245384e-05,1.0,7.268498328245384e-05,7,6.820868827113711e-05,13.839684956194116,VBG,NN,0,win,0,1,1,0,1,0,1,1,1,1,1
3,wonderful,2,0.0001453699665649,0.7369655941662062,0.0001071326637834,9,6.820868827113711e-05,13.839684956194116,JJ,JJ,0,wonder,0,0,0,0,1,0,1,0,1,1,1
3,word,1,7.268498328245384e-05,0.3219280948873623,2.3399338195040143e-05,4,0.0001061024039773,13.202255035578824,NN,NN,0,word,0,0,0,0,0,0,1,0,0,1,1
3,words,2,0.0001453699665649,0.0,0.0,5,0.0001970473216721,12.309170239495336,NNS,NN,0,word,1,0,0,0,0,1,0,0,0,0,-1
3,worn,1,7.268498328245384e-05,1.0,7.268498328245384e-05,4,3.7893715706187286e-05,14.687681862749066,VBN,VB,0,worn,0,0,0,0,0,1,0,1,0,0,-1
3,worried,1,7.268498328245384e-05,2.321928094887362,0.0001687693047599,7,1.5157486282474914e-05,16.009609957636428,VBD,VB,0,worri,0,0,0,0,0,1,0,1,0,0,-1
3,young,7,0.0005087948829771,0.0,0.0,5,0.0006441931670051,10.600219021498727,JJ,JJ,0,young,0,1,0,0,1,0,1,0,1,0,1
3,youth,4,0.0002907399331298,0.15200309344505,4.419336922373893e-05,5,0.0002122048079546,12.202255035578824,NN,NN,0,youth,1,1,0,1,1,0,1,0,1,0,1
4,abortion,1,6.90894016857814e-05,1.3219280948873624,9.133122114739273e-05,8,3.7893715706187286e-05,14.687681862749066,NN,NN,0,abort,0,0,1,1,0,1,0,1,0,0,-1
4,absentee,1,6.90894016857814e-05,3.321928094887362,0.0002295100245189,8,7.578743141237457e-06,17.009609957636428,NN,NN,0,absente,0,0,0,0,0,1,0,1,0,0,-1
4,abuse,1,6.90894016857814e-05,1.7369655941662063,0.0001200059136497,5,2.2736229423712372e-05,15.424647456915272,NN,NN,0,abus,1,0,1,1,0,1,0,1,0,0,-1
4,accident,3,0.0002072682050573,0.7369655941662062,0.0001527495358918,8,9.852366083608696e-05,13.309170239495336,NN,NN,0,accid,0,0,0,1,0,1,0,1,1,0,-1
4,accomplished,1,6.90894016857814e-05,1.7369655941662063,0.0001200059136497,12,2.2736229423712372e-05,15.424647456915272,VBN,VB,0,accomplish,0,0,0,0,1,0,1,0,0,0,1
4,accurate,1,6.90894016857814e-05,0.0,0.0,8,0.0001818898353896,12.424647456915272,JJ,JJ,0,accur,0,0,0,0,0,0,1,0,0,1,1
4,accused,2,0.0001381788033715,0.15200309344505,2.100360556101286e-05,7,0.0001818898353896,12.424647456915272,VBN,VB,0,accus,1,0,0,1,0,1,0,0,0,0,-1
4,achieve,1,6.90894016857814e-05,1.0,6.90894016857814e-05,7,3.7893715706187286e-05,14.687681862749066,VB,VB,0,achiev,0,0,0,0,1,0,1,0,0,1,1
4,achievement,2,0.0001381788033715,0.7369655941662062,0.0001018330239278,11,9.094491769484948e-05,13.424647456915272,NN,NN,0,achiev,0,1,0,0,1,0,1,0,0,1,1
4,addresses,2,0.0001381788033715,1.3219280948873624,0.0001826624422947,9,3.7893715706187286e-05,14.687681862749066,NNS,NN,0,address,0,1,0,0,0,0,1,0,0,0,1
4,afraid,2,0.0001381788033715,0.7369655941662062,0.0001018330239278,6,6.0629945129899655e-05,14.009609957636428,JJ,JJ,0,afraid,0,0,0,1,0,1,0,0,0,0,-1
4,agreement,1,6.90894016857814e-05,0.3219280948873623,2.224181946161133e-05,9,7.578743141237457e-05,13.687681862749066,NN,NN,0,agreement,0,0,0,0,0,0,1,0,0,1,1
4,alarming,1,6.90894016857814e-05,3.321928094887362,0.0002295100245189,8,7.578743141237457e-06,17.009609957636428,VBG,VB,0,alarm,0,0,0,1,0,1,0,0,1,0,-1
4,ambassador,3,0.0002072682050573,0.7369655941662062,0.0001527495358918,10,0.0001061024039773,13.202255035578824,NN,NN,0,ambassador,0,0,0,0,0,0,1,0,0,1,1
4,angry,1,6.90894016857814e-05,1.3219280948873624,9.133122114739273e-05,5,3.0314972564949827e-05,15.009609957636428,JJ,JJ,0,angri,1,0,1,0,0,1,0,0,0,0,-1
4,anxious,1,6.90894016857814e-05,1.7369655941662063,0.0001200059136497,7,2.2736229423712372e-05,15.424647456915272,JJ,JJ,0,anxiou,0,1,0,1,0,1,0,0,0,0,-1
4,appreciation,1,6.90894016857814e-05,1.0,6.90894016857814e-05,12,5.30512019886622e-05,14.202255035578824,NN,NN,0,appreci,0,0,0,0,1,0,1,0,0,1,1
4,argument,1,6.90894016857814e-05,1.0,6.90894016857814e-05,8,5.30512019886622e-05,14.202255035578824,NN,NN,0,argument,1,0,0,0,0,1,0,0,0,0,-1
4,art,8,0.0005527152134862,0.0,0.0,3,0.0002804134962257,11.80015659200748,NNP,NN,0,art,0,1,0,0,1,0,1,1,1,0,1
4,assault,1,6.90894016857814e-05,1.0,6.90894016857814e-05,7,4.5472458847424745e-05,14.424647456915272,NN,NN,0,assault,1,0,0,1,0,1,0,0,0,0,-1
4,associate,7,0.0004836258118004,0.15200309344505,7.3512619463545e-05,9,0.0001894685785309,12.365753767861705,NNP,NN,0,associ,0,0,0,0,0,0,1,0,0,1,1
4,assured,1,6.90894016857814e-05,2.321928094887362,0.0001604206228331,7,1.5157486282474914e-05,16.009609957636428,VBD,VB,0,assur,0,0,0,0,0,0,1,0,0,1,1
4,attacking,1,6.90894016857814e-05,2.321928094887362,0.0001604206228331,9,1.5157486282474914e-05,16.009609957636428,VBG,VB,0,attack,1,0,1,1,0,1,0,1,1,0,-1
4,attorney,5,0.0003454470084289,0.0,0.0,8,0.0002500985236608,11.965215838277976,NN,NN,0,attorney,1,0,0,1,0,0,1,0,0,1,1
4,author,1,6.90894016857814e-05,0.3219280948873623,2.224181946161133e-05,6,0.0001061024039773,13.202255035578824,NN,NN,0,author,0,0,0,0,0,0,1,0,0,1,1
4,aversion,1,6.90894016857814e-05,3.321928094887362,0.0002295100245189,8,7.578743141237457e-06,17.009609957636428,NN,NN,0,avers,1,0,1,1,0,1,0,0,0,0,-1
4,award,3,0.0002072682050573,0.0,0.0,5,0.0002273622942371,12.10271936202791,NN,NN,0,award,0,1,0,0,1,0,1,0,1,1,1
4,baby,4,0.0002763576067431,0.3219280948873623,8.89672778464453e-05,4,0.0003637796707793,11.424647456915272,NN,NN,0,babi,0,0,0,0,1,0,1,0,0,0,1
4,bad,1,6.90894016857814e-05,0.0,0.0,3,0.0001743110922484,12.486048001579416,JJ,JJ,0,bad,1,0,1,1,0,1,0,1,0,0,-1
4,basketball,1,6.90894016857814e-05,0.5145731728297582,3.555155263436218e-05,10,7.578743141237457e-05,13.687681862749066,NN,NN,0,basketbal,0,1,0,0,1,0,1,0,0,0,1
4,battered,1,6.90894016857814e-05,2.321928094887362,0.0001604206228331,8,2.2736229423712372e-05,15.424647456915272,VBN,VB,0,batter,0,0,0,1,0,1,0,1,0,0,-1
4,battle,2,0.0001381788033715,0.0,0.0,6,0.0001743110922484,12.486048001579416,NN,NN,0,battl,1,0,0,0,0,1,0,0,0,0,-1
4,beaming,1,6.90894016857814e-05,3.321928094887362,0.0002295100245189,7,7.578743141237457e-06,17.009609957636428,VBG,VB,0,beam,0,1,0,0,1,0,1,0,0,0,1
4,beating,2,0.0001381788033715,0.5145731728297582,7.110310526872436e-05,7,9.852366083608696e-05,13.309170239495336,NN,NN,0,beat,1,0,0,1,0,1,0,1,0,0,-1
4,beautiful,4,0.0002763576067431,0.5145731728297582,0.0001422062105374,9,0.0001591536059659,12.617292534857668,JJ,JJ,0,beauti,0,0,0,0,1,0,1,0,0,0,1
4,beauty,1,6.90894016857814e-05,0.15200309344505,1.050180278050643e-05,6,0.0001591536059659,12.617292534857668,NN,NN,0,beauti,0,0,0,0,1,0,1,0,0,0,1
4,beer,1,6.90894016857814e-05,1.0,6.90894016857814e-05,4,4.5472458847424745e-05,14.424647456915272,NN,NN,0,beer,0,0,0,0,1,0,1,0,0,0,1
4,birthday,4,0.0002763576067431,0.5145731728297582,0.0001422062105374,8,0.0001439961196835,12.761682444192845,NN,NN,0,birthday,0,1,0,0,1,0,1,0,1,0,1
4,black,86,0.0059416885449772,0.0,0.0,5,0.0027586625034104,8.501815317437732,NNP,NN,0,black,0,0,0,0,0,1,0,1,0,0,-1
4,blessings,1,6.90894016857814e-05,2.321928094887362,0.0001604206228331,9,1.5157486282474914e-05,16.009609957636428,NNS,NN,0,bless,0,1,0,0,1,0,1,0,1,1,1
4,blues,3,0.0002072682050573,0.3219280948873623,6.672545838483398e-05,5,0.0001439961196835,12.761682444192845,NNS,NN,0,blue,0,0,0,1,0,1,0,1,0,0,-1
4,bouquet,2,0.0001381788033715,1.7369655941662063,0.0002400118272994,7,3.7893715706187286e-05,14.687681862749066,NN,NN,0,bouquet,0,0,0,0,1,0,1,0,0,1,1
4,boy,5,0.0003454470084289,0.3219280948873623,0.000111209097308,3,0.0003031497256494,11.687681862749066,NN,NN,0,boy,0,0,1,0,0,1,0,0,0,0,-1
4,bride,5,0.0003454470084289,0.5145731728297582,0.0001777577631718,5,0.0002122048079546,12.202255035578824,NN,NN,0,bride,0,1,0,0,1,0,1,0,0,1,1
4,brother,5,0.0003454470084289,0.0,0.0,7,0.0002122048079546,12.202255035578824,NN,NN,0,brother,0,0,0,0,0,0,1,0,0,1,1
4,buck,1,6.90894016857814e-05,0.7369655941662062,5.091651196394958e-05,4,4.5472458847424745e-05,14.424647456915272,NN,NN,0,buck,0,0,0,1,0,1,1,0,1,0,0
4,buffet,1,6.90894016857814e-05,1.7369655941662063,0.0001200059136497,6,2.2736229423712372e-05,15.424647456915272,NN,NN,0,buffet,1,0,0,0,0,1,0,0,0,0,-1
4,burke,4,0.0002763576067431,1.0,0.0002763576067431,5,6.820868827113711e-05,13.839684956194116,NNP,NN,0,burk,1,0,1,1,0,1,0,1,0,0,-1
4,cabinet,1,6.90894016857814e-05,1.3219280948873624,9.133122114739273e-05,7,6.820868827113711e-05,13.839684956194116,NN,NN,0,cabinet,0,0,0,0,0,0,1,0,0,1,1
4,calls,4,0.0002763576067431,1.0,0.0002763576067431,5,8.336617455361203e-05,13.550178338999132,VBZ,VB,0,call,0,1,0,0,0,1,0,0,0,1,-1
4,cancer,1,6.90894016857814e-05,1.7369655941662063,0.0001200059136497,6,4.5472458847424745e-05,14.424647456915272,NN,NN,0,cancer,1,0,1,1,0,1,0,1,0,0,-1
4,career,5,0.0003454470084289,0.0,0.0,6,0.0003334646982144,11.550178338999132,NN,NN,0,career,0,1,0,0,0,0,1,0,0,0,1
4,case,4,0.0002763576067431,0.0,0.0,4,0.0003562009276381,11.45502110595879,NN,NN,0,case,0,0,0,1,0,1,0,1,0,0,-1
4,cash,3,0.0002072682050573,0.15200309344505,3.150540834151929e-05,4,0.0001743110922484,12.486048001579416,NN,NN,0,cash,1,1,0,1,1,0,1,0,0,1,1
4,celebrated,3,0.0002072682050573,1.3219280948873624,0.0002739936634421,10,6.0629945129899655e-05,14.009609957636428,JJ,VB,0,celebr,0,1,0,0,1,0,1,0,0,0,1
4,celebration,4,0.0002763576067431,0.3219280948873623,8.89672778464453e-05,11,9.852366083608696e-05,13.309170239495336,NN,NN,0,celebr,0,1,0,0,1,0,1,0,1,1,1
4,celebrity,1,6.90894016857814e-05,1.7369655941662063,0.0001200059136497,9,3.7893715706187286e-05,14.687681862749066,NN,NN,0,celebr,1,1,1,0,1,1,1,0,1,1,0
4,center,4,0.0002763576067431,0.0,0.0,6,0.0003183072119319,11.617292534857668,NNP,NN,0,center,0,0,0,0,0,0,1,0,0,1,1
4,ceremony,4,0.0002763576067431,1.0,0.0002763576067431,8,0.000128838633401,12.922147116386087,NN,NN,0,ceremoni,0,0,0,0,1,0,1,0,1,0,1
4,chairman,7,0.0004836258118004,0.0,0.0,8,0.0003713584139206,11.39490011352122,NN,NN,0,chairman,0,0,0,0,0,0,1,0,0,1,1
4,challenge,1,6.90894016857814e-05,1.3219280948873624,9.133122114739273e-05,9,3.0314972564949827e-05,15.009609957636428,NN,NN,0,challeng,1,0,0,1,0,1,0,0,0,0,-1
4,champion,2,0.0001381788033715,0.0,0.0,8,0.0002500985236608,11.965215838277976,NN,NN,0,champion,0,1,0,0,1,0,1,0,0,1,1
4,child,6,0.0004145364101146,0.0,0.0,5,0.0002955709825082,11.72420773877418,NN,NN,0,child,0,1,0,0,1,0,1,0,0,0,1
4,childhood,1,6.90894016857814e-05,1.7369655941662063,0.0001200059136497,9,2.2736229423712372e-05,15.424647456915272,NN,NN,0,childhood,0,0,0,0,1,0,1,0,0,0,1
4,church,12,0.0008290728202293,0.0,0.0,6,0.0007351380847,10.4096971154493,NNP,NN,0,church,0,1,0,0,1,0,1,0,0,1,1
4,colonel,1,6.90894016857814e-05,1.3219280948873624,9.133122114739273e-05,7,3.0314972564949827e-05,15.009609957636428,NN,NN,0,colonel,0,0,0,0,0,0,1,0,0,1,1
4,coma,1,6.90894016857814e-05,1.7369655941662063,0.0001200059136497,4,2.2736229423712372e-05,15.424647456915272,NN,NN,0,coma,0,0,0,1,0,1,0,1,0,0,-1
4,comfort,1,6.90894016857814e-05,2.321928094887362,0.0001604206228331,7,3.0314972564949827e-05,15.009609957636428,NN,NN,0,comfort,0,1,0,0,1,0,1,0,0,1,1
4,commemoration,1,6.90894016857814e-05,3.321928094887362,0.0002295100245189,13,7.578743141237457e-06,17.009609957636428,NN,NN,0,commemor,0,1,0,0,1,0,1,0,0,0,1
4,companion,1,6.90894016857814e-05,2.321928094887362,0.0001604206228331,9,2.2736229423712372e-05,15.424647456915272,NN,NN,0,companion,0,0,0,0,1,0,1,0,0,1,1
4,competition,1,6.90894016857814e-05,1.7369655941662063,0.0001200059136497,11,2.2736229423712372e-05,15.424647456915272,NN,NN,0,competit,0,1,0,0,0,1,0,0,0,0,-1
4,completion,1,6.90894016857814e-05,2.321928094887362,0.0001604206228331,10,1.5157486282474914e-05,16.009609957636428,NN,NN,0,complet,0,1,0,0,1,0,1,0,0,0,1
4,compliment,1,6.90894016857814e-05,2.321928094887362,0.0001604206228331,10,1.5157486282474914e-05,16.009609957636428,NN,NN,0,compliment,0,1,0,0,1,0,1,0,1,1,1
4,confirmed,1,6.90894016857814e-05,1.3219280948873624,9.133122114739273e-05,9,3.0314972564949827e-05,15.009609957636428,VBD,VB,0,confirm,0,0,0,0,0,0,1,0,0,1,1
4,congress,1,6.90894016857814e-05,0.5145731728297582,3.555155263436218e-05,8,0.0002197835510958,12.151628962508855,NNP,NN,0,congress,0,0,1,0,0,0,0,0,0,1,0
4,constant,1,6.90894016857814e-05,1.7369655941662063,0.0001200059136497,8,2.2736229423712372e-05,15.424647456915272,JJ,JJ,0,constant,0,0,0,0,0,0,1,0,0,1,1
4,constitutional,1,6.90894016857814e-05,1.7369655941662063,0.0001200059136497,14,3.0314972564949827e-05,15.009609957636428,JJ,JJ,0,constitut,0,0,0,0,0,0,1,0,0,1,1
4,continue,3,0.0002072682050573,0.5145731728297582,0.000106654657903,8,0.0001136811471185,13.10271936202791,VB,VB,0,continu,0,1,0,0,0,0,1,0,0,1,1
4,cop,6,0.0004145364101146,0.3219280948873623,0.0001334509167696,3,0.0002273622942371,12.10271936202791,NNP,NN,0,cop,0,0,0,1,0,0,0,0,0,1,0
4,corporation,1,6.90894016857814e-05,1.0,6.90894016857814e-05,11,4.5472458847424745e-05,14.424647456915272,NNP,NN,0,corpor,0,0,0,0,0,0,1,0,0,1,1
4,cosmopolitan,1,6.90894016857814e-05,1.7369655941662063,0.0001200059136497,12,2.2736229423712372e-05,15.424647456915272,JJ,NN,0,cosmopolitan,0,0,0,0,0,0,1,0,0,1,1
4,count,3,0.0002072682050573,0.5145731728297582,0.000106654657903,5,0.0001364173765422,12.839684956194116,NNP,NN,0,count,0,0,0,0,0,0,1,0,0,1,1
4,court,12,0.0008290728202293,0.0,0.0,5,0.0010003940946433,9.965215838277976,NNP,NN,0,court,1,1,0,1,0,0,0,0,0,0,0
4,crash,1,6.90894016857814e-05,1.3219280948873624,9.133122114739273e-05,5,3.0314972564949827e-05,15.009609957636428,NN,NN,0,crash,0,0,0,1,0,1,0,1,1,0,-1
4,credit,2,0.0001381788033715,0.7369655941662062,0.0001018330239278,6,7.578743141237457e-05,13.687681862749066,NN,NN,0,credit,0,0,0,0,0,0,1,0,0,1,1
4,crime,1,6.90894016857814e-05,0.15200309344505,1.050180278050643e-05,5,0.0002197835510958,12.151628962508855,NN,NN,0,crime,1,0,0,0,0,1,0,0,0,0,-1
4,criticism,1,6.90894016857814e-05,1.7369655941662063,0.0001200059136497,9,2.2736229423712372e-05,15.424647456915272,NN,NN,0,critic,1,0,0,0,0,1,0,1,0,0,-1
4,cruel,1,6.90894016857814e-05,1.3219280948873624,9.133122114739273e-05,5,3.0314972564949827e-05,15.009609957636428,JJ,JJ,0,cruel,1,0,1,1,0,1,0,1,0,0,-1
4,crushed,1,6.90894016857814e-05,1.7369655941662063,0.0001200059136497,7,3.7893715706187286e-05,14.687681862749066,VBN,VB,0,crush,1,0,1,1,0,1,0,1,0,0,-1
4,cyst,3,0.0002072682050573,3.321928094887362,0.0006885300735568,4,2.2736229423712372e-05,15.424647456915272,NN,NN,0,cyst,0,0,0,1,0,1,0,1,0,0,-1
4,dance,4,0.0002763576067431,0.0,0.0,5,0.0002349410373783,12.055413647249551,NN,NN,0,danc,0,0,0,0,1,0,1,0,0,1,1
4,dangerous,2,0.0001381788033715,0.7369655941662062,0.0001018330239278,9,8.336617455361203e-05,13.550178338999132,JJ,JJ,0,danger,0,0,0,1,0,1,0,0,0,0,-1
4,darkness,1,6.90894016857814e-05,1.7369655941662063,0.0001200059136497,8,2.2736229423712372e-05,15.424647456915272,NNP,NN,0,dark,1,0,0,1,0,1,0,1,0,0,-1
4,dashed,1,6.90894016857814e-05,1.7369655941662063,0.0001200059136497,6,2.2736229423712372e-05,15.424647456915272,VBN,VB,0,dash,1,0,0,1,0,1,0,1,0,0,-1
4,daughter,5,0.0003454470084289,0.15200309344505,5.250901390253215e-05,8,0.0003865159002031,11.337184615664931,NN,NN,0,daughter,0,0,0,0,1,0,1,0,0,0,1
4,death,7,0.0004836258118004,0.0,0.0,5,0.0005229332767453,10.90108550085826,NN,NN,0,death,1,1,1,1,0,1,0,1,1,0,-1
4,debt,1,6.90894016857814e-05,1.7369655941662063,0.0001200059136497,4,3.7893715706187286e-05,14.687681862749066,NN,NN,0,debt,0,0,0,0,0,1,0,1,0,0,-1
4,defeated,1,6.90894016857814e-05,1.3219280948873624,9.133122114739273e-05,8,3.0314972564949827e-05,15.009609957636428,VBD,VB,0,defeat,0,0,0,0,0,1,0,1,0,0,-1
4,defended,1,6.90894016857814e-05,2.321928094887362,0.0001604206228331,8,1.5157486282474914e-05,16.009609957636428,VBD,VB,0,defend,0,0,0,0,0,0,1,0,0,1,1
4,defense,3,0.0002072682050573,0.15200309344505,3.150540834151929e-05,7,0.0002955709825082,11.72420773877418,NN,NN,0,defens,1,1,0,1,0,0,1,0,0,0,1
4,delight,1,6.90894016857814e-05,1.7369655941662063,0.0001200059136497,7,3.0314972564949827e-05,15.009609957636428,NN,NN,0,delight,0,1,0,0,1,0,1,0,0,0,1
4,denied,2,0.0001381788033715,0.15200309344505,2.100360556101286e-05,6,0.0001667323491072,12.550178338999132,VBD,VB,0,deni,0,0,0,0,0,1,0,1,0,0,-1
4,deserve,1,6.90894016857814e-05,1.7369655941662063,0.0001200059136497,7,2.2736229423712372e-05,15.424647456915272,VBP,VB,0,deserv,1,1,0,0,0,0,1,0,0,1,1
4,destroyed,1,6.90894016857814e-05,1.3219280948873624,9.133122114739273e-05,9,3.0314972564949827e-05,15.009609957636428,VBN,VB,0,destroy,1,0,0,1,0,1,0,1,0,0,-1
4,director,8,0.0005527152134862,0.0,0.0,8,0.0006593506532876,10.5666664617877,NN,NN,0,director,0,0,0,0,0,0,1,0,0,1,1
4,disabled,1,6.90894016857814e-05,3.321928094887362,0.0002295100245189,8,7.578743141237457e-06,17.009609957636428,JJ,JJ,0,disabl,0,0,0,1,0,1,0,1,0,0,-1
4,disappointed,1,6.90894016857814e-05,1.3219280948873624,9.133122114739273e-05,12,3.7893715706187286e-05,14.687681862749066,JJ,JJ,0,disappoint,1,0,1,0,0,1,0,1,0,0,-1
4,distressed,1,6.90894016857814e-05,2.321928094887362,0.0001604206228331,10,1.5157486282474914e-05,16.009609957636428,JJ,JJ,0,distress,0,0,0,1,0,1,0,0,0,0,-1
4,diverse,1,6.90894016857814e-05,3.321928094887362,0.0002295100245189,7,7.578743141237457e-06,17.009609957636428,JJ,JJ,0,divers,0,0,0,0,0,1,1,0,0,0,0
4,doctor,7,0.0004836258118004,0.0,0.0,6,0.0002425197805195,12.009609957636428,NN,NN,0,doctor,0,0,0,0,0,0,1,0,0,1,1
4,don,16,0.0011054304269725,0.0,0.0,3,0.0009397641495134,10.055413647249551,NNP,NN,1,don,0,0,0,0,0,0,1,0,0,1,1
4,drunken,1,6.90894016857814e-05,3.321928094887362,0.0002295100245189,7,7.578743141237457e-06,17.009609957636428,VBN,VB,0,drunken,0,0,1,0,0,1,0,0,0,0,-1
4,earthquake,2,0.0001381788033715,3.321928094887362,0.0004590200490379,10,1.5157486282474914e-05,16.009609957636428,NN,NN,0,earthquak,1,0,0,1,0,1,0,1,1,0,-1
4,educational,1,6.90894016857814e-05,0.7369655941662062,5.091651196394958e-05,11,7.578743141237457e-05,13.687681862749066,JJ,JJ,0,educ,0,0,0,0,0,0,1,0,0,1,1
4,effective,1,6.90894016857814e-05,0.7369655941662062,5.091651196394958e-05,9,6.820868827113711e-05,13.839684956194116,JJ,JJ,0,effect,0,0,0,0,0,0,1,0,0,1,1
4,elite,1,6.90894016857814e-05,1.0,6.90894016857814e-05,5,3.7893715706187286e-05,14.687681862749066,JJ,JJ,0,elit,0,1,0,0,1,0,1,0,0,1,1
4,enable,1,6.90894016857814e-05,2.321928094887362,0.0001604206228331,6,1.5157486282474914e-05,16.009609957636428,VB,VB,0,enabl,0,0,0,0,0,0,1,0,0,1,1
4,enchanting,1,6.90894016857814e-05,2.321928094887362,0.0001604206228331,10,1.5157486282474914e-05,16.009609957636428,NN,NN,0,enchant,0,1,0,0,1,0,1,0,0,0,1
4,encourage,2,0.0001381788033715,2.321928094887362,0.0003208412456663,9,2.2736229423712372e-05,15.424647456915272,VB,VB,0,encourag,0,0,0,0,1,0,1,0,0,1,1
4,enemy,1,6.90894016857814e-05,1.7369655941662063,0.0001200059136497,5,3.7893715706187286e-05,14.687681862749066,NN,NN,0,enemi,1,0,1,1,0,1,0,0,0,0,-1
4,engaged,1,6.90894016857814e-05,3.321928094887362,0.0002295100245189,7,7.578743141237457e-06,17.009609957636428,VBN,VB,0,engag,0,1,0,0,1,0,1,0,0,1,1
4,engaging,1,6.90894016857814e-05,3.321928094887362,0.0002295100245189,8,7.578743141237457e-06,17.009609957636428,VBG,VB,0,engag,0,0,0,0,1,0,1,0,0,1,1
4,enjoying,3,0.0002072682050573,2.321928094887362,0.0004812618684995,8,3.0314972564949827e-05,15.009609957636428,VBG,VB,0,enjoy,0,1,0,0,1,0,1,0,0,1,1
4,enroll,1,6.90894016857814e-05,1.7369655941662063,0.0001200059136497,6,2.2736229423712372e-05,15.424647456915272,VB,VB,0,enrol,0,1,0,0,0,0,0,0,0,1,0
4,entertain,1,6.90894016857814e-05,3.321928094887362,0.0002295100245189,9,7.578743141237457e-06,17.009609957636428,VB,VB,0,entertain,0,0,0,0,1,0,1,0,0,0,1
4,entertaining,1,6.90894016857814e-05,2.321928094887362,0.0001604206228331,12,1.5157486282474914e-05,16.009609957636428,JJ,JJ,0,entertain,0,1,0,0,1,0,1,0,0,0,1
4,entertainment,2,0.0001381788033715,0.0,0.0,13,0.0001743110922484,12.486048001579416,NNP,NN,0,entertain,0,1,0,0,1,0,1,0,1,1,1
4,exchange,1,6.90894016857814e-05,1.3219280948873624,9.133122114739273e-05,8,6.0629945129899655e-05,14.009609957636428,NN,NN,0,exchang,0,0,0,0,0,0,1,0,0,1,1
4,excitement,1,6.90894016857814e-05,2.321928094887362,0.0001604206228331,10,3.0314972564949827e-05,15.009609957636428,NN,NN,0,excit,0,1,0,0,1,0,1,0,1,0,1
4,exciting,1,6.90894016857814e-05,0.7369655941662062,5.091651196394958e-05,8,4.5472458847424745e-05,14.424647456915272,JJ,JJ,0,excit,0,1,0,0,1,0,1,0,1,0,1
4,expect,2,0.0001381788033715,1.0,0.0001381788033715,6,6.820868827113711e-05,13.839684956194116,VBP,VB,0,expect,0,1,0,0,0,0,1,0,1,1,1
4,fall,3,0.0002072682050573,0.3219280948873623,6.672545838483398e-05,4,0.0001364173765422,12.839684956194116,NN,NN,0,fall,0,0,0,0,0,1,0,1,0,0,-1
4,falling,1,6.90894016857814e-05,2.321928094887362,0.0001604206228331,7,1.5157486282474914e-05,16.009609957636428,VBG,VB,0,fall,0,0,0,0,0,1,0,1,0,0,-1
4,fat,6,0.0004145364101146,1.0,0.0004145364101146,3,7.578743141237457e-05,13.687681862749066,NNP,NN,0,fat,0,0,1,0,0,1,0,1,0,0,-1
4,favorite,3,0.0002072682050573,0.7369655941662062,0.0001527495358918,8,9.852366083608696e-05,13.309170239495336,JJ,JJ,0,favorit,0,0,0,0,1,0,1,0,0,1,1
4,feeling,1,6.90894016857814e-05,0.3219280948873623,2.224181946161133e-05,7,0.0001591536059659,12.617292534857668,NN,NN,0,feel,1,1,1,1,1,1,1,1,1,1,0
4,fellow,1,6.90894016857814e-05,0.7369655941662062,5.091651196394958e-05,6,7.578743141237457e-05,13.687681862749066,NN,NN,0,fellow,0,0,0,0,0,0,1,0,0,1,1
4,festival,7,0.0004836258118004,1.3219280948873624,0.0006393185480317,8,7.578743141237457e-05,13.687681862749066,NNP,NN,0,festiv,0,1,0,0,1,0,1,0,1,0,1
4,fete,1,6.90894016857814e-05,1.7369655941662063,0.0001200059136497,4,2.2736229423712372e-05,15.424647456915272,NNP,NN,0,fete,0,1,0,0,1,0,1,0,1,0,1
4,fight,5,0.0003454470084289,0.0,0.0,5,0.000416830872768,11.228250244111768,NN,NN,0,fight,1,0,0,1,0,1,0,0,0,0,-1
4,fighting,4,0.0002763576067431,0.5145731728297582,0.0001422062105374,8,9.094491769484948e-05,13.424647456915272,VBG,VB,0,fight,1,0,0,0,0,1,0,0,0,0,-1
4,finally,1,6.90894016857814e-05,0.3219280948873623,2.224181946161133e-05,7,0.0001364173765422,12.839684956194116,RB,RB,0,final,0,1,1,0,1,0,1,0,1,1,1
4,flying,1,6.90894016857814e-05,1.0,6.90894016857814e-05,6,5.30512019886622e-05,14.202255035578824,VBG,VB,0,fli,0,0,0,1,0,0,1,0,0,0,1
4,food,1,6.90894016857814e-05,0.3219280948873623,2.224181946161133e-05,4,0.0001970473216721,12.309170239495336,NN,NN,0,food,0,0,0,0,1,0,1,0,0,1,1
4,force,2,0.0001381788033715,0.15200309344505,2.100360556101286e-05,5,0.0002500985236608,11.965215838277976,NNP,NN,0,forc,1,0,0,1,0,1,0,0,0,0,-1
4,forearm,1,6.90894016857814e-05,3.321928094887362,0.0002295100245189,7,7.578743141237457e-06,17.009609957636428,NN,NN,0,forearm,1,1,0,0,0,0,0,0,0,0,0
4,fortune,1,6.90894016857814e-05,0.7369655941662062,5.091651196394958e-05,7,6.820868827113711e-05,13.839684956194116,NN,NN,0,fortun,0,1,0,0,1,0,1,0,1,1,1
4,found,9,0.000621804615172,0.0,0.0,5,0.0004698820747567,11.055413647249551,VBD,VB,0,found,0,0,0,0,1,0,1,0,0,1,1
4,frank,1,6.90894016857814e-05,0.0,0.0,5,0.000257677266802,11.922147116386087,NNP,NN,0,frank,0,0,0,0,0,0,1,0,0,1,1
4,fraud,3,0.0002072682050573,1.7369655941662063,0.0003600177409491,5,4.5472458847424745e-05,14.424647456915272,NN,NN,0,fraud,1,0,0,0,0,1,0,0,0,0,-1
4,friend,4,0.0002763576067431,0.15200309344505,4.200721112202572e-05,6,0.0002122048079546,12.202255035578824,NN,NN,0,friend,0,0,0,0,1,0,1,0,0,1,1
4,fugitive,1,6.90894016857814e-05,1.7369655941662063,0.0001200059136497,8,2.2736229423712372e-05,15.424647456915272,JJ,JJ,0,fugit,1,0,1,1,0,1,0,1,0,1,-1
4,fun,2,0.0001381788033715,1.7369655941662063,0.0002400118272994,3,3.7893715706187286e-05,14.687681862749066,NN,NN,0,fun,0,1,0,0,1,0,1,0,0,0,1
4,fungus,1,6.90894016857814e-05,3.321928094887362,0.0002295100245189,6,7.578743141237457e-06,17.009609957636428,NNP,NN,0,fungu,0,0,1,0,0,1,0,0,0,0,-1
4,funk,1,6.90894016857814e-05,1.7369655941662063,0.0001200059136497,4,2.2736229423712372e-05,15.424647456915272,NN,NN,0,funk,0,0,0,0,0,1,0,1,0,0,-1
4,garbage,1,6.90894016857814e-05,3.321928094887362,0.0002295100245189,7,7.578743141237457e-06,17.009609957636428,NN,NN,0,garbag,0,0,1,0,0,1,0,0,0,0,-1
4,garden,1,6.90894016857814e-05,0.7369655941662062,5.091651196394958e-05,6,6.820868827113711e-05,13.839684956194116,NNP,NN,0,garden,0,0,0,0,1,0,1,0,0,0,1
4,general,7,0.0004836258118004,0.15200309344505,7.3512619463545e-05,7,0.0004319883590505,11.176719943471689,NNP,NN,0,gener,0,0,0,0,0,0,1,0,0,1,1
4,gentleman,1,6.90894016857814e-05,3.321928094887362,0.0002295100245189,9,7.578743141237457e-06,17.009609957636428,NN,NN,0,gentleman,0,0,0,0,0,0,1,0,0,1,1
4,gift,2,0.0001381788033715,0.5145731728297582,7.110310526872436e-05,4,9.094491769484948e-05,13.424647456915272,NN,NN,0,gift,0,1,0,0,1,0,1,0,1,0,1
4,god,4,0.0002763576067431,0.15200309344505,4.200721112202572e-05,3,0.0001439961196835,12.761682444192845,NNP,NN,0,god,0,1,0,1,1,0,1,0,0,1,1
4,good,18,0.001243609230344,0.0,0.0,4,0.0007502955709825,10.38025333755682,JJ,JJ,0,good,0,1,0,0,1,0,1,0,1,1,1
4,gospel,1,6.90894016857814e-05,0.7369655941662062,5.091651196394958e-05,6,7.578743141237457e-05,13.687681862749066,NNP,NN,0,gospel,0,0,0,0,0,0,1,0,0,1,1
4,government,3,0.0002072682050573,0.0,0.0,10,0.0004016733864855,11.28168950307323,NN,NN,0,govern,0,0,0,1,0,1,0,0,0,0,-1
4,graduation,1,6.90894016857814e-05,1.7369655941662063,0.0001200059136497,10,3.0314972564949827e-05,15.009609957636428,NN,NN,0,graduat,0,1,0,1,1,0,1,0,1,1,1
4,grant,3,0.0002072682050573,0.7369655941662062,0.0001527495358918,5,7.578743141237457e-05,13.687681862749066,NNP,NN,0,grant,0,1,0,0,1,0,1,0,0,1,1
4,greatness,1,6.90894016857814e-05,3.321928094887362,0.0002295100245189,9,7.578743141237457e-06,17.009609957636428,NN,NN,0,great,0,0,0,0,1,0,1,0,1,1,1
4,green,2,0.0001381788033715,0.7369655941662062,0.0001018330239278,5,0.0001894685785309,12.365753767861705,NNP,NN,0,green,0,0,0,0,1,0,1,0,0,1,1
4,grow,2,0.0001381788033715,3.321928094887362,0.0004590200490379,4,1.5157486282474914e-05,16.009609957636428,VB,VB,0,grow,0,1,0,0,1,0,1,0,0,1,1
4,guide,2,0.0001381788033715,1.0,0.0001381788033715,5,5.30512019886622e-05,14.202255035578824,NNP,NN,0,guid,0,0,0,0,0,0,1,0,0,1,1
4,guilty,2,0.0001381788033715,0.5145731728297582,7.110310526872436e-05,6,9.852366083608696e-05,13.309170239495336,JJ,JJ,0,guilti,1,0,0,0,0,1,0,1,0,0,-1
4,happily,1,6.90894016857814e-05,2.321928094887362,0.0001604206228331,7,2.2736229423712372e-05,15.424647456915272,RB,RB,0,happili,0,0,0,0,1,0,1,0,0,0,1
4,happy,4,0.0002763576067431,0.3219280948873623,8.89672778464453e-05,5,0.0001667323491072,12.550178338999132,JJ,JJ,0,happi,0,1,0,0,1,0,1,0,0,1,1
4,hardy,1,6.90894016857814e-05,2.321928094887362,0.0001604206228331,5,1.5157486282474914e-05,16.009609957636428,NNP,NN,0,hardi,0,0,0,0,1,0,1,0,0,1,1
4,hearing,2,0.0001381788033715,0.3219280948873623,4.448363892322265e-05,7,0.0001212598902597,13.009609957636428,NN,NN,0,hear,0,0,0,1,0,1,0,0,0,0,-1
4,hell,1,6.90894016857814e-05,1.0,6.90894016857814e-05,4,3.7893715706187286e-05,14.687681862749066,NN,NN,0,hell,1,0,1,1,0,1,0,1,0,0,-1
4,helpful,1,6.90894016857814e-05,1.7369655941662063,0.0001200059136497,7,2.2736229423712372e-05,15.424647456915272,JJ,JJ,0,help,0,0,0,0,1,0,1,0,0,1,1
4,hero,3,0.0002072682050573,1.0,0.0002072682050573,4,6.820868827113711e-05,13.839684956194116,NN,NN,0,hero,0,1,0,0,1,0,1,0,1,1,1
4,hesitation,1,6.90894016857814e-05,3.321928094887362,0.0002295100245189,10,7.578743141237457e-06,17.009609957636428,NN,NN,0,hesit,0,0,0,1,0,1,0,0,0,0,-1
4,highest,3,0.0002072682050573,0.3219280948873623,6.672545838483398e-05,7,0.000128838633401,12.922147116386087,JJS,JJ,0,highest,0,1,0,1,1,1,1,0,1,0,0
4,hit,5,0.0003454470084289,0.0,0.0,3,0.0004547245884742,11.10271936202791,VBD,VB,0,hit,1,0,0,0,0,1,0,0,0,0,-1
4,holiday,1,6.90894016857814e-05,1.0,6.90894016857814e-05,7,5.30512019886622e-05,14.202255035578824,NNP,NN,0,holiday,0,1,0,0,1,0,1,0,0,0,1
4,honeymoon,2,0.0001381788033715,1.7369655941662063,0.0002400118272994,9,4.5472458847424745e-05,14.424647456915272,NN,NN,0,honeymoon,0,1,0,0,1,0,1,0,1,1,1
4,hope,2,0.0001381788033715,0.0,0.0,4,0.0001212598902597,13.009609957636428,VBP,VB,0,hope,0,1,0,0,1,0,1,0,1,1,1
4,hopeless,1,6.90894016857814e-05,3.321928094887362,0.0002295100245189,8,7.578743141237457e-06,17.009609957636428,NN,NN,0,hopeless,0,0,0,1,0,1,0,1,0,0,-1
4,hospital,2,0.0001381788033715,0.0,0.0,8,0.0008563979749598,10.18943099522124,NNP,NN,0,hospit,0,0,0,1,0,0,0,1,0,1,0
4,hunter,1,6.90894016857814e-05,0.7369655941662062,5.091651196394958e-05,6,7.578743141237457e-05,13.687681862749066,NNP,NN,0,hunter,0,1,0,1,0,1,0,1,0,0,-1
4,illegal,1,6.90894016857814e-05,0.5145731728297582,3.555155263436218e-05,7,6.820868827113711e-05,13.839684956194116,JJ,JJ,0,illeg,1,0,1,1,0,1,0,1,0,0,-1
4,illusion,1,6.90894016857814e-05,1.7369655941662063,0.0001200059136497,8,3.0314972564949827e-05,15.009609957636428,NN,NN,0,illus,0,0,0,0,0,1,0,0,1,0,-1
4,immediately,1,6.90894016857814e-05,1.7369655941662063,0.0001200059136497,11,3.0314972564949827e-05,15.009609957636428,RB,RB,0,immedi,0,1,0,0,0,1,1,0,0,0,0
4,important,6,0.0004145364101146,0.15200309344505,6.301081668303857e-05,9,0.0001818898353896,12.424647456915272,JJ,JJ,0,import,0,0,0,0,0,0,1,0,0,1,1
4,impossible,1,6.90894016857814e-05,1.7369655941662063,0.0001200059136497,10,2.2736229423712372e-05,15.424647456915272,JJ,JJ,0,imposs,0,0,0,0,0,1,0,1,0,0,-1
4,improve,2,0.0001381788033715,1.0,0.0001381788033715,7,4.5472458847424745e-05,14.424647456915272,VB,VB,0,improv,0,1,0,0,1,0,1,0,0,1,1
4,income,4,0.0002763576067431,0.7369655941662062,0.0002036660478557,6,0.0001212598902597,13.009609957636428,NN,NN,0,incom,0,1,0,0,1,1,1,1,0,1,0
4,indictment,1,6.90894016857814e-05,1.7369655941662063,0.0001200059136497,10,3.0314972564949827e-05,15.009609957636428,NN,NN,0,indict,0,0,0,1,0,1,0,0,0,0,-1
4,inferior,1,6.90894016857814e-05,2.321928094887362,0.0001604206228331,8,1.5157486282474914e-05,16.009609957636428,JJ,JJ,0,inferior,0,0,0,0,0,1,0,1,0,0,-1
4,inflation,1,6.90894016857814e-05,3.321928094887362,0.0002295100245189,9,7.578743141237457e-06,17.009609957636428,NN,NN,0,inflat,0,0,0,1,0,1,0,0,0,0,-1
4,influence,3,0.0002072682050573,1.0,0.0002072682050573,9,9.094491769484948e-05,13.424647456915272,NN,NN,0,influenc,0,0,0,0,0,1,1,0,0,0,0
4,inimitable,1,6.90894016857814e-05,1.7369655941662063,0.0001200059136497,10,2.2736229423712372e-05,15.424647456915272,JJ,JJ,0,inimit,0,0,0,0,0,0,1,0,0,1,1
4,injured,2,0.0001381788033715,0.7369655941662062,0.0001018330239278,7,6.820868827113711e-05,13.839684956194116,JJ,JJ,0,injur,0,0,0,1,0,1,0,1,0,0,-1
4,injustice,1,6.90894016857814e-05,2.321928094887362,0.0001604206228331,9,1.5157486282474914e-05,16.009609957636428,NN,NN,0,injustic,1,0,0,0,0,1,0,0,0,0,-1
4,inspired,1,6.90894016857814e-05,1.0,6.90894016857814e-05,8,3.7893715706187286e-05,14.687681862749066,VBN,VB,0,inspir,0,0,0,0,1,0,1,0,1,1,1
4,insure,3,0.0002072682050573,1.7369655941662063,0.0003600177409491,6,3.7893715706187286e-05,14.687681862749066,VB,VB,0,insur,0,0,0,0,0,0,1,0,0,1,1
4,intact,1,6.90894016857814e-05,2.321928094887362,0.0001604206228331,6,1.5157486282474914e-05,16.009609957636428,JJ,JJ,0,intact,0,0,0,0,0,0,1,0,0,1,1
4,intelligent,2,0.0001381788033715,3.321928094887362,0.0004590200490379,11,1.5157486282474914e-05,16.009609957636428,JJ,JJ,0,intellig,0,0,0,0,0,0,1,0,0,1,1
4,intended,1,6.90894016857814e-05,1.7369655941662063,0.0001200059136497,8,2.2736229423712372e-05,15.424647456915272,VBN,VB,0,intend,0,1,0,0,0,0,1,0,0,0,1
4,interested,1,6.90894016857814e-05,1.0,6.90894016857814e-05,10,6.820868827113711e-05,13.839684956194116,JJ,JJ,0,interest,0,0,1,0,0,0,1,1,0,0,1
4,john,9,0.000621804615172,0.0,0.0,4,0.0008412404886773,10.215194091286325,NNP,NN,0,john,0,0,1,0,0,1,0,0,0,0,-1
4,joy,2,0.0001381788033715,1.0,0.0001381788033715,3,6.820868827113711e-05,13.839684956194116,NNP,NN,0,joy,0,0,0,0,1,0,1,0,0,0,1
4,judicial,2,0.0001381788033715,3.321928094887362,0.0004590200490379,8,1.5157486282474914e-05,16.009609957636428,JJ,JJ,0,judici,0,1,0,0,0,0,1,0,0,1,1
4,justice,1,6.90894016857814e-05,0.0,0.0,7,0.0002349410373783,12.055413647249551,NNP,NN,0,justic,0,0,0,0,0,0,1,0,0,1,1
4,khan,1,6.90894016857814e-05,2.321928094887362,0.0001604206228331,4,2.2736229423712372e-05,15.424647456915272,NNP,NN,0,khan,0,0,0,1,0,0,0,0,0,1,0
4,killing,1,6.90894016857814e-05,1.3219280948873624,9.133122114739273e-05,7,3.7893715706187286e-05,14.687681862749066,VBG,VB,0,kill,1,0,0,1,0,1,0,1,0,0,-1
4,kind,3,0.0002072682050573,0.0,0.0,4,0.0002046260648134,12.25472245547296,NN,NN,0,kind,0,0,0,0,1,0,1,0,0,1,1
4,kiss,4,0.0002763576067431,1.7369655941662063,0.0004800236545989,4,4.5472458847424745e-05,14.424647456915272,NN,NN,0,kiss,0,1,0,0,1,0,1,0,1,0,1
4,labor,2,0.0001381788033715,0.15200309344505,2.100360556101286e-05,5,0.0002804134962257,11.80015659200748,NN,NN,0,labor,0,1,0,0,1,0,1,0,1,1,1
4,late,7,0.0004836258118004,0.0,0.0,4,0.0003031497256494,11.687681862749066,JJ,JJ,0,late,0,0,0,0,0,1,0,1,0,0,-1
4,leader,5,0.0003454470084289,0.0,0.0,6,0.0003107284687907,11.652057953018344,NN,NN,0,leader,0,0,0,0,0,0,1,0,0,1,1
4,leave,5,0.0003454470084289,0.3219280948873623,0.000111209097308,5,0.0002046260648134,12.25472245547296,VB,VB,0,leav,0,0,0,0,0,1,0,1,1,0,-1
4,legal,4,0.0002763576067431,0.15200309344505,4.200721112202572e-05,5,0.0002728347530845,11.839684956194116,JJ,JJ,0,legal,0,0,0,0,0,0,1,0,0,1,1
4,lessen,1,6.90894016857814e-05,3.321928094887362,0.0002295100245189,6,7.578743141237457e-06,17.009609957636428,VB,VB,0,lessen,0,1,0,0,0,1,0,0,0,0,-1
4,level,1,6.90894016857814e-05,1.3219280948873624,9.133122114739273e-05,5,6.0629945129899655e-05,14.009609957636428,NN,NN,0,level,0,0,0,0,0,0,1,0,0,1,1
4,liberal,2,0.0001381788033715,1.3219280948873624,0.0001826624422947,7,6.820868827113711e-05,13.839684956194116,JJ,JJ,0,liber,0,0,0,0,0,1,1,0,0,0,0
4,loo,1,6.90894016857814e-05,2.321928094887362,0.0001604206228331,3,1.5157486282474914e-05,16.009609957636428,NN,NN,0,loo,0,0,1,0,0,1,0,0,0,0,-1
4,loss,3,0.0002072682050573,0.5145731728297582,0.000106654657903,4,0.0001061024039773,13.202255035578824,NN,NN,0,loss,1,0,0,1,0,1,0,1,0,0,-1
4,lost,1,6.90894016857814e-05,0.15200309344505,1.050180278050643e-05,4,0.0002046260648134,12.25472245547296,VBD,VB,0,lost,0,0,0,0,0,1,0,1,0,0,-1
4,love,9,0.000621804615172,0.0,0.0,4,0.0005380907630278,10.859862838131749,NNP,NN,0,love,0,0,0,0,1,0,1,0,0,0,1
4,lovely,1,6.90894016857814e-05,0.7369655941662062,5.091651196394958e-05,6,6.0629945129899655e-05,14.009609957636428,JJ,JJ,0,love,0,1,0,0,1,0,1,1,1,1,1
4,loving,1,6.90894016857814e-05,1.3219280948873624,9.133122114739273e-05,6,4.5472458847424745e-05,14.424647456915272,NNP,NN,0,love,0,0,0,0,1,0,1,0,0,1,1
4,lower,1,6.90894016857814e-05,0.15200309344505,1.050180278050643e-05,5,0.0001061024039773,13.202255035578824,JJR,JJ,0,lower,0,0,0,0,0,1,0,1,0,0,-1
4,lucky,1,6.90894016857814e-05,2.321928094887362,0.0001604206228331,5,2.2736229423712372e-05,15.424647456915272,JJ,JJ,0,lucki,0,0,0,0,1,0,1,0,1,0,1
4,mace,1,6.90894016857814e-05,3.321928094887362,0.0002295100245189,4,7.578743141237457e-06,17.009609957636428,NNP,NN,0,mace,0,0,0,1,0,1,0,0,0,0,-1
4,mad,2,0.0001381788033715,2.321928094887362,0.0003208412456663,3,2.2736229423712372e-05,15.424647456915272,NNP,NN,0,mad,1,0,1,1,0,1,0,1,0,0,-1
4,majority,3,0.0002072682050573,1.3219280948873624,0.0002739936634421,8,6.820868827113711e-05,13.839684956194116,NN,NN,0,major,0,0,0,0,1,0,1,0,0,1,1
4,management,3,0.0002072682050573,0.7369655941662062,0.0001527495358918,10,9.852366083608696e-05,13.309170239495336,NN,NN,0,manag,0,0,0,0,0,0,1,0,0,1,1
4,marriage,3,0.0002072682050573,0.0,0.0,8,0.0003789371570618,11.365753767861705,NN,NN,0,marriag,0,1,0,0,1,0,1,0,0,1,1
4,marry,1,6.90894016857814e-05,0.7369655941662062,5.091651196394958e-05,5,7.578743141237457e-05,13.687681862749066,VB,VB,0,marri,0,1,0,1,1,0,1,0,1,1,1
4,medical,8,0.0005527152134862,0.15200309344505,8.401442224405144e-05,7,0.0003258859550732,11.58334520293433,JJ,JJ,0,medic,0,1,0,1,0,0,1,0,0,1,1
4,merit,1,6.90894016857814e-05,1.3219280948873624,9.133122114739273e-05,5,3.7893715706187286e-05,14.687681862749066,NNP,NN,0,merit,0,0,0,0,0,0,1,0,0,1,1
4,ministry,1,6.90894016857814e-05,2.321928094887362,0.0001604206228331,8,3.7893715706187286e-05,14.687681862749066,NN,NN,0,ministri,0,0,0,0,1,0,1,0,0,1,1
4,misery,1,6.90894016857814e-05,2.321928094887362,0.0001604206228331,6,1.5157486282474914e-05,16.009609957636428,NN,NN,0,miseri,1,0,1,1,0,1,0,1,0,0,-1
4,misleading,1,6.90894016857814e-05,3.321928094887362,0.0002295100245189,10,7.578743141237457e-06,17.009609957636428,JJ,JJ,0,mislead,1,0,1,0,0,1,0,0,0,0,-1
4,money,9,0.000621804615172,0.15200309344505,9.451622502455784e-05,5,0.0004395671021917,11.151628962508855,NN,NN,0,money,1,1,0,0,1,0,1,0,1,1,1
4,moral,1,6.90894016857814e-05,2.321928094887362,0.0001604206228331,5,1.5157486282474914e-05,16.009609957636428,JJ,JJ,0,moral,1,0,0,0,0,0,1,0,0,1,1
4,mother,10,0.0006908940168578,0.0,0.0,6,0.0004623033316154,11.07887262007354,NN,NN,0,mother,0,1,0,0,1,1,1,1,0,1,0
4,mum,1,6.90894016857814e-05,3.321928094887362,0.0002295100245189,3,7.578743141237457e-06,17.009609957636428,JJ,JJ,0,mum,0,0,0,1,0,1,0,0,0,0,-1
4,murder,1,6.90894016857814e-05,0.15200309344505,1.050180278050643e-05,6,0.0002046260648134,12.25472245547296,NN,NN,0,murder,1,0,1,1,0,1,0,1,1,0,-1
4,music,18,0.001243609230344,0.0,0.0,5,0.0005684057355928,10.780791267140549,NN,NN,0,music,0,0,0,0,1,0,1,1,0,0,1
4,musical,3,0.0002072682050573,0.5145731728297582,0.000106654657903,7,0.0001439961196835,12.761682444192845,JJ,JJ,0,music,1,1,0,0,1,0,1,1,1,1,1
4,negative,2,0.0001381788033715,2.321928094887362,0.0003208412456663,8,3.0314972564949827e-05,15.009609957636428,JJ,JJ,0,neg,0,0,0,0,0,1,0,1,0,0,-1
4,neglected,1,6.90894016857814e-05,1.7369655941662063,0.0001200059136497,9,2.2736229423712372e-05,15.424647456915272,VBN,VB,0,neglect,1,0,1,0,0,1,0,1,0,0,-1
4,negro,1,6.90894016857814e-05,0.0,0.0,5,0.0029557098250826,8.402279643886818,NNP,NN,0,negro,0,0,0,0,0,1,0,1,0,0,-1
4,nicotine,2,0.0001381788033715,1.3219280948873624,0.0001826624422947,8,6.0629945129899655e-05,14.009609957636428,JJ,JJ,0,nicotin,0,0,1,0,0,1,0,0,0,0,-1
4,notable,1,6.90894016857814e-05,3.321928094887362,0.0002295100245189,7,7.578743141237457e-06,17.009609957636428,JJ,JJ,0,notabl,0,0,0,0,1,0,1,0,0,1,1
4,officer,1,6.90894016857814e-05,0.0,0.0,7,0.0002122048079546,12.202255035578824,NN,NN,0,offic,0,0,0,0,0,0,1,0,0,1,1
4,omen,2,0.0001381788033715,3.321928094887362,0.0004590200490379,4,1.5157486282474914e-05,16.009609957636428,IN,IN,0,omen,0,1,0,1,0,1,0,0,0,0,-1
4,operation,1,6.90894016857814e-05,0.15200309344505,1.050180278050643e-05,9,0.0001667323491072,12.550178338999132,NN,NN,0,oper,0,0,0,1,0,0,0,0,0,1,0
4,opponent,1,6.90894016857814e-05,1.3219280948873624,9.133122114739273e-05,8,3.0314972564949827e-05,15.009609957636428,NN,NN,0,oppon,1,1,1,1,0,1,0,0,0,0,-1
4,opportunity,1,6.90894016857814e-05,0.5145731728297582,3.555155263436218e-05,11,0.0001212598902597,13.009609957636428,NN,NN,0,opportun,0,1,0,0,0,0,1,0,0,0,1
4,oppression,1,6.90894016857814e-05,2.321928094887362,0.0001604206228331,10,1.5157486282474914e-05,16.009609957636428,NN,NN,0,oppress,1,0,1,1,0,1,0,1,0,0,-1
4,ordained,2,0.0001381788033715,1.7369655941662063,0.0002400118272994,8,3.7893715706187286e-05,14.687681862749066,VBN,VB,0,ordain,0,0,0,0,0,0,1,0,0,1,1
4,organization,1,6.90894016857814e-05,0.5145731728297582,3.555155263436218e-05,12,0.0002197835510958,12.151628962508855,NN,NN,0,organ,0,1,0,0,1,0,1,0,1,1,1
4,outstanding,1,6.90894016857814e-05,0.5145731728297582,3.555155263436218e-05,11,6.0629945129899655e-05,14.009609957636428,JJ,JJ,0,outstand,0,0,0,0,1,1,1,0,0,0,0
4,ovation,1,6.90894016857814e-05,1.7369655941662063,0.0001200059136497,7,2.2736229423712372e-05,15.424647456915272,NN,NN,0,ovat,0,0,0,0,0,1,0,1,0,0,-1
4,parade,2,0.0001381788033715,1.7369655941662063,0.0002400118272994,6,3.0314972564949827e-05,15.009609957636428,NN,NN,0,parad,0,1,0,1,1,1,1,0,1,0,0
4,patron,1,6.90894016857814e-05,3.321928094887362,0.0002295100245189,6,7.578743141237457e-06,17.009609957636428,NN,NN,0,patron,0,0,0,0,0,0,1,0,0,1,1
4,pay,3,0.0002072682050573,0.0,0.0,3,0.0003031497256494,11.687681862749066,VB,VB,0,pay,0,1,0,0,1,0,1,0,0,1,1
4,peace,3,0.0002072682050573,1.3219280948873624,0.0002739936634421,5,6.820868827113711e-05,13.839684956194116,NN,NN,0,peac,0,1,0,0,1,0,1,0,0,1,1
4,perfect,1,6.90894016857814e-05,0.7369655941662062,5.091651196394958e-05,7,4.5472458847424745e-05,14.424647456915272,JJ,JJ,0,perfect,0,1,0,0,1,0,1,0,0,1,1
4,physician,2,0.0001381788033715,0.3219280948873623,4.448363892322265e-05,9,0.000128838633401,12.922147116386087,NN,NN,0,physician,0,0,0,0,0,0,1,0,0,1,1
4,picnic,1,6.90894016857814e-05,2.321928094887362,0.0001604206228331,6,1.5157486282474914e-05,16.009609957636428,JJ,JJ,0,picnic,0,1,0,0,1,0,1,0,1,1,1
4,planning,1,6.90894016857814e-05,0.3219280948873623,2.224181946161133e-05,8,8.336617455361203e-05,13.550178338999132,VBG,VB,0,plan,0,1,0,0,0,0,1,0,0,1,1
4,pleasant,1,6.90894016857814e-05,1.3219280948873624,9.133122114739273e-05,8,3.7893715706187286e-05,14.687681862749066,NNP,NN,0,pleasant,0,1,0,0,1,0,1,0,1,1,1
4,pleased,1,6.90894016857814e-05,3.321928094887362,0.0002295100245189,7,7.578743141237457e-06,17.009609957636428,JJ,JJ,0,pleas,0,0,0,0,1,0,1,0,0,0,1
4,plight,1,6.90894016857814e-05,2.321928094887362,0.0001604206228331,6,1.5157486282474914e-05,16.009609957636428,NN,NN,0,plight,0,1,1,1,0,1,0,1,0,0,-1
4,police,9,0.000621804615172,0.0,0.0,6,0.0011368114711856,9.780791267140549,NN,NN,0,polic,0,0,0,1,0,0,1,0,0,1,1
4,pop,1,6.90894016857814e-05,1.7369655941662063,0.0001200059136497,3,3.7893715706187286e-05,14.687681862749066,NN,NN,0,pop,0,0,0,0,0,1,0,0,1,0,-1
4,possession,1,6.90894016857814e-05,0.7369655941662062,5.091651196394958e-05,10,6.0629945129899655e-05,14.009609957636428,NN,NN,0,possess,1,0,1,1,0,1,0,0,0,0,-1
4,powerful,1,6.90894016857814e-05,0.5145731728297582,3.555155263436218e-05,8,8.336617455361203e-05,13.550178338999132,JJ,JJ,0,power,1,1,1,1,1,0,1,0,0,1,1
4,praise,1,6.90894016857814e-05,0.7369655941662062,5.091651196394958e-05,6,6.820868827113711e-05,13.839684956194116,NN,NN,0,prais,0,0,0,0,1,0,1,0,0,1,1
4,pray,1,6.90894016857814e-05,2.321928094887362,0.0001604206228331,4,1.5157486282474914e-05,16.009609957636428,NN,NN,0,pray,0,1,0,1,1,0,1,0,1,1,1
4,pregnancy,1,6.90894016857814e-05,2.321928094887362,0.0001604206228331,9,7.578743141237457e-05,13.687681862749066,NN,NN,0,pregnanc,0,0,1,0,0,1,0,0,0,0,-1
4,prepared,1,6.90894016857814e-05,0.5145731728297582,3.555155263436218e-05,8,6.820868827113711e-05,13.839684956194116,VBN,VB,0,prepar,0,1,0,0,0,0,1,0,0,1,1
4,present,4,0.0002763576067431,0.15200309344505,4.200721112202572e-05,7,0.0001591536059659,12.617292534857668,JJ,JJ,0,present,0,1,0,0,1,0,1,0,1,1,1
4,president,44,0.0030399336741743,0.0,0.0,9,0.0017961621244732,9.12086670873817,NNP,NN,0,presid,0,0,0,0,0,0,1,0,0,1,1
4,presumptuous,1,6.90894016857814e-05,3.321928094887362,0.0002295100245189,12,7.578743141237457e-06,17.009609957636428,JJ,JJ,0,presumptu,1,0,1,0,0,1,0,0,0,0,-1
4,pretty,1,6.90894016857814e-05,0.3219280948873623,2.224181946161133e-05,6,0.0001136811471185,13.10271936202791,RB,RB,0,pretti,0,1,0,0,1,0,1,0,0,1,1
4,pride,2,0.0001381788033715,1.0,0.0001381788033715,5,6.820868827113711e-05,13.839684956194116,NN,NN,0,pride,0,0,0,0,1,0,1,0,0,0,1
4,priest,1,6.90894016857814e-05,1.7369655941662063,0.0001200059136497,6,2.2736229423712372e-05,15.424647456915272,NN,NN,0,priest,0,0,0,0,0,0,1,0,0,1,1
4,priesthood,2,0.0001381788033715,1.7369655941662063,0.0002400118272994,10,3.0314972564949827e-05,15.009609957636428,NN,NN,0,priesthood,0,1,0,0,1,0,1,1,0,1,1
4,principal,1,6.90894016857814e-05,0.5145731728297582,3.555155263436218e-05,9,8.336617455361203e-05,13.550178338999132,NN,NN,0,princip,0,0,0,0,0,0,1,0,0,1,1
4,problem,4,0.0002763576067431,0.15200309344505,4.200721112202572e-05,7,0.0002273622942371,12.10271936202791,NN,NN,0,problem,0,0,0,1,0,1,0,1,0,0,-1
4,production,1,6.90894016857814e-05,0.5145731728297582,3.555155263436218e-05,10,0.0001212598902597,13.009609957636428,NNP,NN,0,product,0,1,0,0,0,0,1,0,0,0,1
4,professional,2,0.0001381788033715,0.0,0.0,12,0.0001439961196835,12.761682444192845,JJ,JJ,0,profession,0,0,0,0,0,0,1,0,0,1,1
4,professor,1,6.90894016857814e-05,0.15200309344505,1.050180278050643e-05,9,0.0001818898353896,12.424647456915272,NN,NN,0,professor,0,0,0,0,0,0,1,0,0,1,1
4,progress,1,6.90894016857814e-05,0.5145731728297582,3.555155263436218e-05,8,0.000128838633401,12.922147116386087,NNP,NN,0,progress,0,1,0,0,1,0,1,0,0,0,1
4,prostitute,1,6.90894016857814e-05,3.321928094887362,0.0002295100245189,10,7.578743141237457e-06,17.009609957636428,NN,NN,0,prostitut,0,0,1,0,0,1,0,0,0,0,-1
4,proud,3,0.0002072682050573,0.5145731728297582,0.000106654657903,5,9.852366083608696e-05,13.309170239495336,JJ,JJ,0,proud,0,1,0,0,1,0,1,0,0,1,1
4,provide,5,0.0003454470084289,0.7369655941662062,0.0002545825598197,7,7.578743141237457e-05,13.687681862749066,VB,VB,0,provid,0,0,0,0,0,0,1,0,0,1,1
4,providing,2,0.0001381788033715,2.321928094887362,0.0003208412456663,9,2.2736229423712372e-05,15.424647456915272,VBG,VB,0,provid,0,1,0,0,1,0,1,0,0,1,1
4,public,14,0.0009672516236009,0.0,0.0,6,0.0005835632218752,10.742823416941526,JJ,JJ,0,public,0,1,0,0,0,0,1,0,0,0,1
4,punished,1,6.90894016857814e-05,3.321928094887362,0.0002295100245189,8,7.578743141237457e-06,17.009609957636428,VBN,VB,0,punish,1,1,1,1,0,1,0,1,0,0,-1
4,quiet,2,0.0001381788033715,1.3219280948873624,0.0001826624422947,5,7.578743141237457e-05,13.687681862749066,JJ,JJ,0,quiet,0,0,0,0,0,0,1,1,0,0,1
4,raving,1,6.90894016857814e-05,3.321928094887362,0.0002295100245189,6,7.578743141237457e-06,17.009609957636428,VBG,VB,0,rave,1,1,0,1,1,1,0,0,1,0,-1
4,real,6,0.0004145364101146,0.0,0.0,4,0.0003107284687907,11.652057953018344,JJ,JJ,0,real,0,0,0,0,0,0,1,0,0,1,1
4,refused,4,0.0002763576067431,0.0,0.0,7,0.0002500985236608,11.965215838277976,VBD,VB,0,refus,0,0,0,0,0,1,0,1,0,0,-1
4,remains,1,6.90894016857814e-05,1.3219280948873624,9.133122114739273e-05,7,3.7893715706187286e-05,14.687681862749066,VBZ,VB,0,remain,0,0,1,1,0,1,1,0,0,1,0
4,remarkable,1,6.90894016857814e-05,1.7369655941662063,0.0001200059136497,10,3.0314972564949827e-05,15.009609957636428,JJ,JJ,0,remark,0,0,0,0,1,0,1,0,1,1,1
4,remedy,1,6.90894016857814e-05,3.321928094887362,0.0002295100245189,6,7.578743141237457e-06,17.009609957636428,VB,VB,0,remedi,0,1,0,0,1,0,1,0,0,1,1
4,reporter,1,6.90894016857814e-05,1.3219280948873624,9.133122114739273e-05,8,3.7893715706187286e-05,14.687681862749066,NN,NN,0,report,0,0,0,0,0,0,1,0,0,1,1
4,resisting,1,6.90894016857814e-05,3.321928094887362,0.0002295100245189,9,7.578743141237457e-06,17.009609957636428,VBG,VB,0,resist,1,0,0,1,0,1,0,1,0,0,-1
4,respect,3,0.0002072682050573,1.3219280948873624,0.0002739936634421,7,5.30512019886622e-05,14.202255035578824,NN,NN,0,respect,0,1,0,0,1,0,1,0,0,1,1
4,responsible,3,0.0002072682050573,0.5145731728297582,0.000106654657903,11,9.094491769484948e-05,13.424647456915272,JJ,JJ,0,respons,0,0,0,0,0,0,1,0,0,1,1
4,revive,1,6.90894016857814e-05,3.321928094887362,0.0002295100245189,6,7.578743141237457e-06,17.009609957636428,VB,VB,0,reviv,0,1,0,0,0,1,1,0,0,0,0
4,revolt,2,0.0001381788033715,3.321928094887362,0.0004590200490379,6,1.5157486282474914e-05,16.009609957636428,NN,NN,0,revolt,1,0,0,0,0,1,0,0,1,0,-1
4,romance,2,0.0001381788033715,0.7369655941662062,0.0001018330239278,7,6.820868827113711e-05,13.839684956194116,NN,NN,0,romanc,0,1,0,1,1,0,1,1,1,1,1
4,romantic,1,6.90894016857814e-05,1.3219280948873624,9.133122114739273e-05,8,3.0314972564949827e-05,15.009609957636428,JJ,JJ,0,romant,0,1,0,0,1,0,1,0,0,1,1
4,routine,1,6.90894016857814e-05,1.0,6.90894016857814e-05,7,3.7893715706187286e-05,14.687681862749066,NN,NN,0,routin,0,0,0,0,0,0,1,0,0,1,1
4,runaway,1,6.90894016857814e-05,3.321928094887362,0.0002295100245189,7,7.578743141237457e-06,17.009609957636428,NNP,NN,0,runaway,0,0,0,0,0,1,0,1,0,0,-1
4,sacrifices,1,6.90894016857814e-05,3.321928094887362,0.0002295100245189,10,7.578743141237457e-06,17.009609957636428,NNS,NN,0,sacrific,0,0,1,1,0,1,0,1,0,0,-1
4,safe,2,0.0001381788033715,1.3219280948873624,0.0001826624422947,4,3.7893715706187286e-05,14.687681862749066,JJ,JJ,0,safe,0,0,0,0,1,0,1,0,0,1,1
4,salute,1,6.90894016857814e-05,2.321928094887362,0.0001604206228331,6,1.5157486282474914e-05,16.009609957636428,NN,NN,0,salut,0,0,0,0,1,0,1,0,0,0,1
4,save,2,0.0001381788033715,0.5145731728297582,7.110310526872436e-05,4,8.336617455361203e-05,13.550178338999132,VB,VB,0,save,0,0,0,0,1,0,1,0,0,1,1
4,scholarship,2,0.0001381788033715,1.3219280948873624,0.0001826624422947,11,0.0001061024039773,13.202255035578824,NN,NN,0,scholarship,0,0,0,0,1,0,1,0,0,0,1
4,score,1,6.90894016857814e-05,1.3219280948873624,9.133122114739273e-05,5,6.0629945129899655e-05,14.009609957636428,VB,VB,0,score,0,1,0,0,1,0,1,0,1,0,1
4,seclusion,1,6.90894016857814e-05,3.321928094887362,0.0002295100245189,9,7.578743141237457e-06,17.009609957636428,NN,NN,0,seclus,0,0,0,1,0,1,1,0,0,0,0
4,sensational,1,6.90894016857814e-05,1.7369655941662063,0.0001200059136497,11,3.0314972564949827e-05,15.009609957636428,JJ,JJ,0,sensat,0,0,0,0,1,0,1,0,0,0,1
4,senseless,2,0.0001381788033715,3.321928094887362,0.0004590200490379,9,1.5157486282474914e-05,16.009609957636428,JJ,JJ,0,senseless,1,0,1,1,0,1,0,1,1,0,-1
4,sensuous,1,6.90894016857814e-05,1.7369655941662063,0.0001200059136497,8,3.7893715706187286e-05,14.687681862749066,JJ,JJ,0,sensuou,0,0,0,0,1,0,1,0,0,0,1
4,sentence,2,0.0001381788033715,0.0,0.0,8,0.0001591536059659,12.617292534857668,NN,NN,0,sentenc,1,1,1,1,0,1,0,1,0,0,-1
4,serve,4,0.0002763576067431,0.7369655941662062,0.0002036660478557,5,0.0001212598902597,13.009609957636428,VB,VB,0,serv,0,0,0,0,0,1,0,0,0,1,-1
4,sex,1,6.90894016857814e-05,0.3219280948873623,2.224181946161133e-05,3,0.0001970473216721,12.309170239495336,NN,NN,0,sex,0,1,0,0,1,0,1,0,0,1,1
4,shame,1,6.90894016857814e-05,2.321928094887362,0.0001604206228331,5,1.5157486282474914e-05,16.009609957636428,NN,NN,0,shame,0,0,1,1,0,1,0,1,0,0,-1
4,share,5,0.0003454470084289,0.3219280948873623,0.000111209097308,5,0.0001743110922484,12.486048001579416,NN,NN,0,share,0,1,0,0,1,0,1,0,0,1,1
4,shelter,1,6.90894016857814e-05,1.7369655941662063,0.0001200059136497,7,2.2736229423712372e-05,15.424647456915272,NN,NN,0,shelter,0,0,0,0,0,0,1,0,0,1,1
4,shining,1,6.90894016857814e-05,2.321928094887362,0.0001604206228331,7,1.5157486282474914e-05,16.009609957636428,NN,NN,0,shine,0,1,0,0,1,0,1,0,0,0,1
4,shopping,1,6.90894016857814e-05,1.7369655941662063,0.0001200059136497,8,2.2736229423712372e-05,15.424647456915272,VBG,VB,0,shop,0,1,0,0,1,0,1,0,1,1,1
4,shun,1,6.90894016857814e-05,2.321928094887362,0.0001604206228331,4,1.5157486282474914e-05,16.009609957636428,NNP,NN,0,shun,1,0,1,0,0,1,0,1,0,0,-1
4,sick,1,6.90894016857814e-05,2.321928094887362,0.0001604206228331,4,1.5157486282474914e-05,16.009609957636428,JJ,JJ,0,sick,0,0,1,0,0,1,0,1,0,0,-1
4,sing,1,6.90894016857814e-05,0.5145731728297582,3.555155263436218e-05,4,0.0001212598902597,13.009609957636428,VBG,VB,0,sing,0,1,0,0,1,0,1,1,0,1,1
4,sir,1,6.90894016857814e-05,1.3219280948873624,9.133122114739273e-05,3,3.7893715706187286e-05,14.687681862749066,NNP,NN,0,sir,0,0,0,0,0,0,1,0,0,1,1
4,skirmish,1,6.90894016857814e-05,3.321928094887362,0.0002295100245189,8,7.578743141237457e-06,17.009609957636428,NN,NN,0,skirmish,1,0,0,0,0,1,0,0,0,0,-1
4,slave,1,6.90894016857814e-05,1.0,6.90894016857814e-05,5,5.30512019886622e-05,14.202255035578824,NN,NN,0,slave,1,0,0,1,0,1,0,1,0,0,-1
4,smash,1,6.90894016857814e-05,2.321928094887362,0.0001604206228331,5,1.5157486282474914e-05,16.009609957636428,JJ,JJ,0,smash,1,0,0,1,0,1,0,0,0,0,-1
4,smile,1,6.90894016857814e-05,1.3219280948873624,9.133122114739273e-05,5,3.7893715706187286e-05,14.687681862749066,NN,NN,0,smile,0,0,0,0,1,0,1,0,1,1,1
4,smiling,3,0.0002072682050573,1.7369655941662063,0.0003600177409491,7,3.7893715706187286e-05,14.687681862749066,VBG,VB,0,smile,0,0,0,0,1,0,1,0,0,0,1
4,sore,1,6.90894016857814e-05,3.321928094887362,0.0002295100245189,4,7.578743141237457e-06,17.009609957636428,RB,RB,0,sore,1,0,0,0,0,1,0,1,0,0,-1
4,special,8,0.0005527152134862,0.15200309344505,8.401442224405144e-05,7,0.0003562009276381,11.45502110595879,JJ,JJ,0,special,0,0,0,0,1,0,1,0,0,0,1
4,spotless,1,6.90894016857814e-05,2.321928094887362,0.0001604206228331,8,1.5157486282474914e-05,16.009609957636428,JJ,JJ,0,spotless,0,0,0,0,0,0,1,0,0,1,1
4,star,6,0.0004145364101146,0.15200309344505,6.301081668303857e-05,4,0.0005229332767453,10.90108550085826,NN,NN,0,star,0,1,0,0,1,0,1,0,0,1,1
4,steady,1,6.90894016857814e-05,3.321928094887362,0.0002295100245189,6,7.578743141237457e-06,17.009609957636428,JJ,JJ,0,steadi,0,0,0,0,0,0,0,0,1,1,0
4,sterling,1,6.90894016857814e-05,2.321928094887362,0.0001604206228331,8,1.5157486282474914e-05,16.009609957636428,NN,NN,0,sterl,1,1,0,0,1,1,1,0,0,1,0
4,store,2,0.0001381788033715,0.15200309344505,2.100360556101286e-05,5,0.0002273622942371,12.10271936202791,NN,NN,0,store,0,1,0,0,0,0,1,0,0,0,1
4,strength,1,6.90894016857814e-05,0.5145731728297582,3.555155263436218e-05,8,6.820868827113711e-05,13.839684956194116,NN,NN,0,strength,0,0,0,0,0,0,1,0,0,1,1
4,strife,1,6.90894016857814e-05,3.321928094887362,0.0002295100245189,6,7.578743141237457e-06,17.009609957636428,NN,NN,0,strife,1,0,0,0,0,1,0,0,0,0,-1
4,strike,1,6.90894016857814e-05,1.7369655941662063,0.0001200059136497,6,3.0314972564949827e-05,15.009609957636428,VB,VB,0,strike,1,0,0,0,0,1,0,0,0,0,-1
4,strip,1,6.90894016857814e-05,2.321928094887362,0.0001604206228331,5,1.5157486282474914e-05,16.009609957636428,NN,NN,0,strip,0,0,0,0,0,1,0,1,0,0,-1
4,struggle,2,0.0001381788033715,1.7369655941662063,0.0002400118272994,8,3.0314972564949827e-05,15.009609957636428,NN,NN,0,struggl,1,0,0,1,0,1,0,1,0,0,-1
4,success,6,0.0004145364101146,0.3219280948873623,0.0001334509167696,7,0.000128838633401,12.922147116386087,NN,NN,0,success,0,1,0,0,1,0,1,0,0,0,1
4,successful,4,0.0002763576067431,1.0,0.0002763576067431,10,9.094491769484948e-05,13.424647456915272,JJ,JJ,0,success,0,1,0,0,1,0,1,0,0,1,1
4,sunshine,1,6.90894016857814e-05,1.3219280948873624,9.133122114739273e-05,8,3.7893715706187286e-05,14.687681862749066,NNP,NN,0,sunshin,0,0,0,0,1,0,1,0,0,0,1
4,superstar,2,0.0001381788033715,2.321928094887362,0.0003208412456663,9,2.2736229423712372e-05,15.424647456915272,NN,NN,0,superstar,0,0,0,0,1,0,1,0,0,1,1
4,surgery,2,0.0001381788033715,0.7369655941662062,0.0001018330239278,7,7.578743141237457e-05,13.687681862749066,NN,NN,0,surgeri,0,0,0,1,0,0,0,1,0,0,0
4,surprise,1,6.90894016857814e-05,0.5145731728297582,3.555155263436218e-05,8,0.0001136811471185,13.10271936202791,NN,NN,0,surpris,0,0,0,1,1,0,1,0,1,0,1
4,suspect,1,6.90894016857814e-05,1.3219280948873624,9.133122114739273e-05,7,3.0314972564949827e-05,15.009609957636428,NN,NN,0,suspect,0,0,0,1,0,1,0,0,0,0,-1
4,suspension,1,6.90894016857814e-05,1.7369655941662063,0.0001200059136497,10,3.0314972564949827e-05,15.009609957636428,NN,NN,0,suspens,0,0,0,1,0,1,0,0,0,0,-1
4,tax,10,0.0006908940168578,0.5145731728297582,0.0003555155263436,3,0.0002046260648134,12.25472245547296,NN,NN,0,tax,0,0,0,0,0,1,0,1,0,0,-1
4,teacher,2,0.0001381788033715,0.15200309344505,2.100360556101286e-05,7,0.0001894685785309,12.365753767861705,NN,NN,0,teacher,0,0,0,0,0,0,1,0,0,1,1
4,thankful,1,6.90894016857814e-05,2.321928094887362,0.0001604206228331,8,1.5157486282474914e-05,16.009609957636428,JJ,JJ,0,thank,0,0,0,0,1,0,1,0,0,0,1
4,theft,1,6.90894016857814e-05,2.321928094887362,0.0001604206228331,5,1.5157486282474914e-05,16.009609957636428,NN,NN,0,theft,1,0,1,1,0,1,0,1,0,0,-1
4,theocratic,1,6.90894016857814e-05,3.321928094887362,0.0002295100245189,10,7.578743141237457e-06,17.009609957636428,JJ,JJ,0,theocrat,1,0,0,1,0,1,0,1,0,1,-1
4,thief,2,0.0001381788033715,1.7369655941662063,0.0002400118272994,5,3.0314972564949827e-05,15.009609957636428,NN,NN,0,thief,1,0,1,1,0,1,0,1,1,0,-1
4,thirst,1,6.90894016857814e-05,3.321928094887362,0.0002295100245189,6,7.578743141237457e-06,17.009609957636428,NN,NN,0,thirst,0,1,0,0,0,0,0,1,1,0,0
4,threat,4,0.0002763576067431,1.0,0.0002763576067431,6,6.820868827113711e-05,13.839684956194116,NN,NN,0,threat,1,0,0,1,0,1,0,0,0,0,-1
4,title,4,0.0002763576067431,0.0,0.0,5,0.000287992239367,11.761682444192845,NN,NN,0,titl,0,0,0,0,0,0,1,0,0,1,1
4,tolerate,1,6.90894016857814e-05,2.321928094887362,0.0001604206228331,8,1.5157486282474914e-05,16.009609957636428,VB,VB,0,toler,1,0,0,0,0,1,0,1,0,0,-1
4,top,9,0.000621804615172,0.0,0.0,3,0.0005684057355928,10.780791267140549,JJ,JJ,0,top,0,1,0,0,0,0,1,0,0,1,1
4,tough,1,6.90894016857814e-05,1.7369655941662063,0.0001200059136497,5,3.0314972564949827e-05,15.009609957636428,JJ,JJ,0,tough,0,0,0,0,0,1,0,1,0,0,-1
4,treat,1,6.90894016857814e-05,1.7369655941662063,0.0001200059136497,5,3.0314972564949827e-05,15.009609957636428,NN,NN,0,treat,1,1,1,1,1,1,1,1,1,1,0
4,true,1,6.90894016857814e-05,0.3219280948873623,2.224181946161133e-05,4,0.0001136811471185,13.10271936202791,JJ,JJ,0,true,0,0,0,0,1,0,1,0,0,1,1
4,uneducated,1,6.90894016857814e-05,3.321928094887362,0.0002295100245189,10,7.578743141237457e-06,17.009609957636428,JJ,JJ,0,uneduc,0,0,0,0,0,1,0,1,0,0,-1
4,unhappy,1,6.90894016857814e-05,1.7369655941662063,0.0001200059136497,7,2.2736229423712372e-05,15.424647456915272,JJ,JJ,0,unhappi,1,0,1,0,0,1,0,1,0,0,-1
4,united,2,0.0001381788033715,0.0,0.0,6,0.0003334646982144,11.550178338999132,NNP,NN,0,unit,0,0,0,0,0,0,1,0,0,1,1
4,university,15,0.0010363410252867,0.0,0.0,10,0.0010761815260557,9.859862838131749,NNP,NN,0,univers,0,1,0,0,0,0,1,0,0,0,1
4,unpopular,1,6.90894016857814e-05,3.321928094887362,0.0002295100245189,9,7.578743141237457e-06,17.009609957636428,JJ,JJ,0,unpopular,0,0,1,0,0,1,0,1,0,0,-1
4,unrest,1,6.90894016857814e-05,1.7369655941662063,0.0001200059136497,6,2.2736229423712372e-05,15.424647456915272,NN,NN,0,unrest,0,0,0,1,0,0,0,1,0,0,0
4,upset,2,0.0001381788033715,0.7369655941662062,0.0001018330239278,5,6.0629945129899655e-05,14.009609957636428,JJ,JJ,0,upset,1,0,0,0,0,1,0,1,0,0,-1
4,versus,1,6.90894016857814e-05,3.321928094887362,0.0002295100245189,6,7.578743141237457e-06,17.009609957636428,IN,IN,0,versu,1,0,0,0,0,1,0,0,0,0,-1
4,veteran,1,6.90894016857814e-05,0.15200309344505,1.050180278050643e-05,7,0.0001136811471185,13.10271936202791,NN,NN,0,veteran,0,0,0,0,0,0,1,0,0,1,1
4,victor,2,0.0001381788033715,1.0,0.0001381788033715,6,4.5472458847424745e-05,14.424647456915272,NNP,NN,0,victor,0,0,0,0,1,0,1,0,0,0,1
4,victory,4,0.0002763576067431,0.7369655941662062,0.0002036660478557,7,7.578743141237457e-05,13.687681862749066,NN,NN,0,victori,0,1,0,0,1,0,1,0,0,1,1
4,vote,3,0.0002072682050573,0.7369655941662062,0.0001527495358918,4,0.0001439961196835,12.761682444192845,NN,NN,0,vote,1,1,0,0,1,1,1,1,1,1,0
4,waffle,1,6.90894016857814e-05,3.321928094887362,0.0002295100245189,6,7.578743141237457e-06,17.009609957636428,NN,NN,0,waffl,1,0,0,0,0,1,0,1,0,0,-1
4,wan,1,6.90894016857814e-05,2.321928094887362,0.0001604206228331,3,1.5157486282474914e-05,16.009609957636428,NNP,NN,0,wan,0,0,0,1,0,1,0,1,0,0,-1
4,war,3,0.0002072682050573,0.15200309344505,3.150540834151929e-05,3,0.0001591536059659,12.617292534857668,NNP,NN,0,war,0,0,0,1,0,1,0,0,0,0,-1
4,ware,1,6.90894016857814e-05,3.321928094887362,0.0002295100245189,4,7.578743141237457e-06,17.009609957636428,NNP,NN,0,ware,0,0,0,1,0,1,0,0,0,0,-1
4,waste,1,6.90894016857814e-05,1.7369655941662063,0.0001200059136497,5,2.2736229423712372e-05,15.424647456915272,VB,VB,0,wast,0,0,1,0,0,1,0,0,0,0,-1
4,watch,1,6.90894016857814e-05,0.15200309344505,1.050180278050643e-05,5,0.0001364173765422,12.839684956194116,NN,NN,0,watch,0,1,0,1,0,0,0,0,0,0,0
4,watchful,1,6.90894016857814e-05,3.321928094887362,0.0002295100245189,8,7.578743141237457e-06,17.009609957636428,JJ,JJ,0,watch,0,0,0,0,0,0,1,0,0,1,1
4,waver,1,6.90894016857814e-05,3.321928094887362,0.0002295100245189,5,7.578743141237457e-06,17.009609957636428,VB,VB,0,waver,0,0,0,1,0,1,0,0,0,0,-1
4,wear,1,6.90894016857814e-05,0.3219280948873623,2.224181946161133e-05,4,0.0001136811471185,13.10271936202791,VB,VB,0,wear,0,0,0,0,0,1,0,0,0,1,-1
4,white,41,0.002832665469117,0.0,0.0,5,0.0022054142541001,8.824734614728145,JJ,JJ,0,white,0,1,0,0,1,0,1,0,0,1,1
4,wild,1,6.90894016857814e-05,2.321928094887362,0.0001604206228331,4,3.0314972564949827e-05,15.009609957636428,JJ,JJ,0,wild,0,0,0,0,0,1,0,0,1,0,-1
4,winner,4,0.0002763576067431,0.5145731728297582,0.0001422062105374,6,0.0001136811471185,13.10271936202791,NN,NN,0,winner,0,1,0,0,1,0,1,0,1,0,1
4,word,2,0.0001381788033715,0.3219280948873623,4.448363892322265e-05,4,0.0001061024039773,13.202255035578824,NN,NN,0,word,0,0,0,0,0,0,1,0,0,1,1
4,words,4,0.0002763576067431,0.0,0.0,5,0.0001970473216721,12.309170239495336,NNS,NN,0,word,1,0,0,0,0,1,0,0,0,0,-1
4,worry,1,6.90894016857814e-05,1.7369655941662063,0.0001200059136497,5,2.2736229423712372e-05,15.424647456915272,NN,NN,0,worri,0,1,0,1,0,1,0,1,0,0,-1
4,worse,2,0.0001381788033715,2.321928094887362,0.0003208412456663,5,2.2736229423712372e-05,15.424647456915272,JJR,JJ,0,wors,0,0,0,1,0,1,0,1,0,0,-1
4,worthy,2,0.0001381788033715,2.321928094887362,0.0003208412456663,6,2.2736229423712372e-05,15.424647456915272,JJ,JJ,0,worthi,0,0,0,0,0,0,1,0,0,1,1
4,wrongdoing,1,6.90894016857814e-05,3.321928094887362,0.0002295100245189,10,7.578743141237457e-06,17.009609957636428,NN,NN,0,wrongdo,1,0,1,0,0,1,0,1,0,0,-1
4,young,11,0.0007599834185435,0.0,0.0,5,0.0006441931670051,10.600219021498727,JJ,JJ,0,young,0,1,0,0,1,0,1,0,1,0,1
4,youth,5,0.0003454470084289,0.15200309344505,5.250901390253215e-05,5,0.0002122048079546,12.202255035578824,NN,NN,0,youth,1,1,0,1,1,0,1,0,1,0,1
5,abortion,2,0.0001514807240778,1.3219280948873624,0.0002002466249924,8,3.7893715706187286e-05,14.687681862749066,NN,NN,0,abort,0,0,1,1,0,1,0,1,0,0,-1
5,accurate,1,7.574036203893055e-05,0.0,0.0,8,0.0001818898353896,12.424647456915272,JJ,JJ,0,accur,0,0,0,0,0,0,1,0,0,1,1
5,accused,4,0.0003029614481557,0.15200309344505,4.605107731426193e-05,7,0.0001818898353896,12.424647456915272,VBN,VB,0,accus,1,0,0,1,0,1,0,0,0,0,-1
5,achievement,2,0.0001514807240778,0.7369655941662062,0.0001116360818247,11,9.094491769484948e-05,13.424647456915272,NN,NN,0,achiev,0,1,0,0,1,0,1,0,0,1,1
5,aching,1,7.574036203893055e-05,3.321928094887362,0.000251604036574,6,7.578743141237457e-06,17.009609957636428,VBG,VB,0,ach,0,0,0,0,0,1,0,1,0,0,-1
5,agreement,1,7.574036203893055e-05,0.3219280948873623,2.438295045727201e-05,9,7.578743141237457e-05,13.687681862749066,NN,NN,0,agreement,0,0,0,0,0,0,1,0,0,1,1
5,alarm,1,7.574036203893055e-05,1.7369655941662063,0.0001315584029513,5,3.7893715706187286e-05,14.687681862749066,NN,NN,0,alarm,0,0,0,1,0,1,0,0,1,0,-1
5,alcoholism,1,7.574036203893055e-05,2.321928094887362,0.0001758636745351,10,1.5157486282474914e-05,16.009609957636428,NN,NN,0,alcohol,1,0,1,1,0,1,0,1,0,0,-1
5,alive,1,7.574036203893055e-05,1.0,7.574036203893055e-05,5,6.0629945129899655e-05,14.009609957636428,JJ,JJ,0,aliv,0,1,0,0,1,0,1,0,0,1,1
5,angel,1,7.574036203893055e-05,1.7369655941662063,0.0001315584029513,5,2.2736229423712372e-05,15.424647456915272,NN,NN,0,angel,0,1,0,0,1,0,1,0,1,1,1
5,anger,1,7.574036203893055e-05,2.321928094887362,0.0001758636745351,5,1.5157486282474914e-05,16.009609957636428,NN,NN,0,anger,1,0,0,0,0,1,0,0,0,0,-1
5,angling,1,7.574036203893055e-05,3.321928094887362,0.000251604036574,7,7.578743141237457e-06,17.009609957636428,VBG,VB,0,angl,0,1,0,0,0,1,0,0,0,0,-1
5,animosity,1,7.574036203893055e-05,3.321928094887362,0.000251604036574,9,7.578743141237457e-06,17.009609957636428,NN,NN,0,animos,1,0,1,1,0,1,0,1,0,0,-1
5,antiseptic,1,7.574036203893055e-05,1.7369655941662063,0.0001315584029513,10,2.2736229423712372e-05,15.424647456915272,JJ,JJ,0,antisept,0,0,0,0,0,0,1,0,0,1,1
5,anxious,1,7.574036203893055e-05,1.7369655941662063,0.0001315584029513,7,2.2736229423712372e-05,15.424647456915272,JJ,JJ,0,anxiou,0,1,0,1,0,1,0,0,0,0,-1
5,apologize,2,0.0001514807240778,3.321928094887362,0.0005032080731481,9,1.5157486282474914e-05,16.009609957636428,NNP,NN,0,apolog,0,0,0,0,0,0,1,1,0,1,1
5,appendicitis,1,7.574036203893055e-05,3.321928094887362,0.000251604036574,12,7.578743141237457e-06,17.009609957636428,NN,NN,0,append,0,0,0,1,0,1,0,1,0,0,-1
5,armed,1,7.574036203893055e-05,0.7369655941662062,5.581804091238402e-05,5,7.578743141237457e-05,13.687681862749066,VBN,VB,0,arm,1,0,0,1,0,1,1,0,0,0,0
5,arouse,1,7.574036203893055e-05,3.321928094887362,0.000251604036574,6,7.578743141237457e-06,17.009609957636428,VB,VB,0,arous,0,1,0,0,0,0,1,0,0,0,1
5,art,4,0.0003029614481557,0.0,0.0,3,0.0002804134962257,11.80015659200748,NNP,NN,0,art,0,1,0,0,1,0,1,1,1,0,1
5,assembly,1,7.574036203893055e-05,1.7369655941662063,0.0001315584029513,8,3.0314972564949827e-05,15.009609957636428,NNP,NN,0,assembl,0,0,0,0,0,0,1,0,0,1,1
5,attack,3,0.0002272210861167,0.15200309344505,3.453830798569645e-05,6,0.0002046260648134,12.25472245547296,NN,NN,0,attack,1,0,0,1,0,1,0,0,0,0,-1
5,attorney,4,0.0003029614481557,0.0,0.0,8,0.0002500985236608,11.965215838277976,NN,NN,0,attorney,1,0,0,1,0,0,1,0,0,1,1
5,author,2,0.0001514807240778,0.3219280948873623,4.876590091454402e-05,6,0.0001061024039773,13.202255035578824,NN,NN,0,author,0,0,0,0,0,0,1,0,0,1,1
5,avoid,1,7.574036203893055e-05,2.321928094887362,0.0001758636745351,5,1.5157486282474914e-05,16.009609957636428,VB,VB,0,avoid,0,0,0,1,0,1,0,0,0,0,-1
5,award,1,7.574036203893055e-05,0.0,0.0,5,0.0002273622942371,12.10271936202791,NN,NN,0,award,0,1,0,0,1,0,1,0,1,1,1
5,awful,1,7.574036203893055e-05,2.321928094887362,0.0001758636745351,5,1.5157486282474914e-05,16.009609957636428,JJ,JJ,0,aw,1,0,1,1,0,1,0,1,0,0,-1
5,bad,5,0.0003787018101946,0.0,0.0,3,0.0001743110922484,12.486048001579416,JJ,JJ,0,bad,1,0,1,1,0,1,0,1,0,0,-1
5,badly,1,7.574036203893055e-05,1.3219280948873624,0.0001001233124962,5,3.0314972564949827e-05,15.009609957636428,RB,RB,0,badli,0,0,0,0,0,1,0,1,0,0,-1
5,bankruptcy,1,7.574036203893055e-05,2.321928094887362,0.0001758636745351,10,1.5157486282474914e-05,16.009609957636428,NN,NN,0,bankruptci,1,0,1,1,0,1,0,1,0,0,-1
5,bargain,1,7.574036203893055e-05,3.321928094887362,0.000251604036574,7,7.578743141237457e-06,17.009609957636428,VBN,VB,0,bargain,0,0,0,0,0,0,1,0,0,1,1
5,basketball,1,7.574036203893055e-05,0.5145731728297582,3.897395840564707e-05,10,7.578743141237457e-05,13.687681862749066,NN,NN,0,basketbal,0,1,0,0,1,0,1,0,0,0,1
5,bastard,1,7.574036203893055e-05,3.321928094887362,0.000251604036574,7,7.578743141237457e-06,17.009609957636428,RB,RB,0,bastard,0,0,1,0,0,1,0,1,0,0,-1
5,battle,6,0.0004544421722335,0.0,0.0,6,0.0001743110922484,12.486048001579416,NN,NN,0,battl,1,0,0,0,0,1,0,0,0,0,-1
5,bayonet,1,7.574036203893055e-05,3.321928094887362,0.000251604036574,7,7.578743141237457e-06,17.009609957636428,NN,NN,0,bayonet,1,0,0,1,0,1,0,0,0,0,-1
5,beating,2,0.0001514807240778,0.5145731728297582,7.794791681129414e-05,7,9.852366083608696e-05,13.309170239495336,NN,NN,0,beat,1,0,0,1,0,1,0,1,0,0,-1
5,beauty,1,7.574036203893055e-05,0.15200309344505,1.1512769328565482e-05,6,0.0001591536059659,12.617292534857668,NN,NN,0,beauti,0,0,0,0,1,0,1,0,0,0,1
5,belt,1,7.574036203893055e-05,2.321928094887362,0.0001758636745351,4,1.5157486282474914e-05,16.009609957636428,NN,NN,0,belt,1,0,0,1,0,1,0,0,0,0,-1
5,bias,3,0.0002272210861167,0.5145731728297582,0.0001169218752169,4,0.0001667323491072,12.550178338999132,NNP,NN,0,bia,1,0,0,0,0,1,0,0,0,0,-1
5,birth,3,0.0002272210861167,0.15200309344505,3.453830798569645e-05,5,0.0002197835510958,12.151628962508855,NN,NN,0,birth,0,1,0,1,1,0,1,0,0,1,1
5,birthday,1,7.574036203893055e-05,0.5145731728297582,3.897395840564707e-05,8,0.0001439961196835,12.761682444192845,NN,NN,0,birthday,0,1,0,0,1,0,1,0,1,0,1
5,bitterly,1,7.574036203893055e-05,2.321928094887362,0.0001758636745351,8,1.5157486282474914e-05,16.009609957636428,RB,RB,0,bitterli,1,0,1,0,0,1,0,1,0,0,-1
5,black,7,0.0005301825342725,0.0,0.0,5,0.0027586625034104,8.501815317437732,NNP,NN,0,black,0,0,0,0,0,1,0,1,0,0,-1
5,blackmail,1,7.574036203893055e-05,3.321928094887362,0.000251604036574,9,7.578743141237457e-06,17.009609957636428,NNP,NN,0,blackmail,1,0,0,1,0,1,0,0,0,0,-1
5,blame,2,0.0001514807240778,2.321928094887362,0.0003517273490702,5,2.2736229423712372e-05,15.424647456915272,NN,VB,0,blame,1,0,1,0,0,1,0,0,0,0,-1
5,bleak,1,7.574036203893055e-05,2.321928094887362,0.0001758636745351,5,1.5157486282474914e-05,16.009609957636428,JJ,JJ,0,bleak,0,0,0,0,0,1,0,1,0,0,-1
5,blessing,1,7.574036203893055e-05,1.0,7.574036203893055e-05,8,3.7893715706187286e-05,14.687681862749066,VBG,VB,0,bless,0,1,0,0,1,0,1,0,0,1,1
5,blindness,1,7.574036203893055e-05,3.321928094887362,0.000251604036574,9,7.578743141237457e-06,17.009609957636428,NN,NN,0,blind,0,0,0,0,0,1,0,1,0,0,-1
5,blues,4,0.0003029614481557,0.3219280948873623,9.753180182908804e-05,5,0.0001439961196835,12.761682444192845,NNS,NN,0,blue,0,0,0,1,0,1,0,1,0,0,-1
5,boy,2,0.0001514807240778,0.3219280948873623,4.876590091454402e-05,3,0.0003031497256494,11.687681862749066,NN,NN,0,boy,0,0,1,0,0,1,0,0,0,0,-1
5,bribery,1,7.574036203893055e-05,3.321928094887362,0.000251604036574,7,7.578743141237457e-06,17.009609957636428,NN,NN,0,briberi,0,0,1,0,0,1,0,0,0,0,-1
5,bride,1,7.574036203893055e-05,0.5145731728297582,3.897395840564707e-05,5,0.0002122048079546,12.202255035578824,NN,NN,0,bride,0,1,0,0,1,0,1,0,0,1,1
5,broke,1,7.574036203893055e-05,0.3219280948873623,2.438295045727201e-05,5,0.0001061024039773,13.202255035578824,VBD,VB,0,broke,0,0,0,1,0,1,0,1,0,0,-1
5,broken,3,0.0002272210861167,1.0,0.0002272210861167,6,7.578743141237457e-05,13.687681862749066,JJ,JJ,0,broken,1,0,0,1,0,1,0,1,0,0,-1
5,brother,1,7.574036203893055e-05,0.0,0.0,7,0.0002122048079546,12.202255035578824,NN,NN,0,brother,0,0,0,0,0,0,1,0,0,1,1
5,buck,1,7.574036203893055e-05,0.7369655941662062,5.581804091238402e-05,4,4.5472458847424745e-05,14.424647456915272,NN,NN,0,buck,0,0,0,1,0,1,1,0,1,0,0
5,buddy,3,0.0002272210861167,1.3219280948873624,0.0003003699374886,5,5.30512019886622e-05,14.202255035578824,NNP,NN,0,buddi,0,1,0,0,1,0,1,0,0,1,1
5,butler,1,7.574036203893055e-05,0.5145731728297582,3.897395840564707e-05,6,9.852366083608696e-05,13.309170239495336,NNP,NN,0,butler,0,0,0,0,0,0,1,0,0,1,1
5,calls,1,7.574036203893055e-05,1.0,7.574036203893055e-05,5,8.336617455361203e-05,13.550178338999132,VBZ,VB,0,call,0,1,0,0,0,1,0,0,0,1,-1
5,cancer,3,0.0002272210861167,1.7369655941662063,0.0003946752088539,6,4.5472458847424745e-05,14.424647456915272,NN,NN,0,cancer,1,0,1,1,0,1,0,1,0,0,-1
5,cannon,2,0.0001514807240778,2.321928094887362,0.0003517273490702,6,2.2736229423712372e-05,15.424647456915272,NNP,NN,0,cannon,1,0,0,1,0,1,0,0,0,0,-1
5,cap,2,0.0001514807240778,2.321928094887362,0.0003517273490702,3,2.2736229423712372e-05,15.424647456915272,NNP,NN,0,cap,0,1,0,0,0,0,0,0,0,1,0
5,career,4,0.0003029614481557,0.0,0.0,6,0.0003334646982144,11.550178338999132,NN,NN,0,career,0,1,0,0,0,0,1,0,0,0,1
5,case,3,0.0002272210861167,0.0,0.0,4,0.0003562009276381,11.45502110595879,NN,NN,0,case,0,0,0,1,0,1,0,1,0,0,-1
5,cash,3,0.0002272210861167,0.15200309344505,3.453830798569645e-05,4,0.0001743110922484,12.486048001579416,NN,NN,0,cash,1,1,0,1,1,0,1,0,0,1,1
5,celebrating,1,7.574036203893055e-05,1.0,7.574036203893055e-05,11,4.5472458847424745e-05,14.424647456915272,VBG,VB,0,celebr,0,1,0,0,1,0,1,0,0,0,1
5,celebration,1,7.574036203893055e-05,0.3219280948873623,2.438295045727201e-05,11,9.852366083608696e-05,13.309170239495336,NN,NN,0,celebr,0,1,0,0,1,0,1,0,1,1,1
5,center,1,7.574036203893055e-05,0.0,0.0,6,0.0003183072119319,11.617292534857668,NNP,NN,0,center,0,0,0,0,0,0,1,0,0,1,1
5,chairman,2,0.0001514807240778,0.0,0.0,8,0.0003713584139206,11.39490011352122,NN,NN,0,chairman,0,0,0,0,0,0,1,0,0,1,1
5,champion,5,0.0003787018101946,0.0,0.0,8,0.0002500985236608,11.965215838277976,NN,NN,0,champion,0,1,0,0,1,0,1,0,0,1,1
5,child,3,0.0002272210861167,0.0,0.0,5,0.0002955709825082,11.72420773877418,NN,NN,0,child,0,1,0,0,1,0,1,0,0,0,1
5,chocolate,3,0.0002272210861167,1.3219280948873624,0.0003003699374886,9,4.5472458847424745e-05,14.424647456915272,NN,NN,0,chocol,0,1,0,0,1,0,1,0,0,1,1
5,choir,4,0.0003029614481557,1.7369655941662063,0.0005262336118052,5,4.5472458847424745e-05,14.424647456915272,NN,NN,0,choir,0,0,0,0,1,0,1,0,0,1,1
5,church,9,0.0006816632583503,0.0,0.0,6,0.0007351380847,10.4096971154493,NNP,NN,0,church,0,1,0,0,1,0,1,0,0,1,1
5,classics,1,7.574036203893055e-05,2.321928094887362,0.0001758636745351,8,1.5157486282474914e-05,16.009609957636428,NN,NN,0,classic,0,0,0,0,1,0,1,0,0,0,1
5,clean,1,7.574036203893055e-05,1.3219280948873624,0.0001001233124962,5,3.7893715706187286e-05,14.687681862749066,JJ,JJ,0,clean,0,0,0,0,1,0,1,0,0,1,1
5,cocaine,1,7.574036203893055e-05,3.321928094887362,0.000251604036574,7,7.578743141237457e-06,17.009609957636428,NN,NN,0,cocain,0,0,0,0,0,1,0,1,0,0,-1
5,colonel,1,7.574036203893055e-05,1.3219280948873624,0.0001001233124962,7,3.0314972564949827e-05,15.009609957636428,NN,NN,0,colonel,0,0,0,0,0,0,1,0,0,1,1
5,committed,2,0.0001514807240778,1.0,0.0001514807240778,9,6.820868827113711e-05,13.839684956194116,VBN,VB,0,commit,0,0,0,0,0,0,1,0,0,1,1
5,communism,1,7.574036203893055e-05,2.321928094887362,0.0001758636745351,9,2.2736229423712372e-05,15.424647456915272,NNP,NN,0,commun,1,0,0,1,0,1,0,1,0,0,-1
5,companion,2,0.0001514807240778,2.321928094887362,0.0003517273490702,9,2.2736229423712372e-05,15.424647456915272,NN,NN,0,companion,0,0,0,0,1,0,1,0,0,1,1
5,complaint,2,0.0001514807240778,0.7369655941662062,0.0001116360818247,9,7.578743141237457e-05,13.687681862749066,NN,NN,0,complaint,1,0,0,0,0,1,0,0,0,0,-1
5,complicity,1,7.574036203893055e-05,3.321928094887362,0.000251604036574,10,7.578743141237457e-06,17.009609957636428,NN,NN,0,complic,0,0,0,0,0,1,1,0,0,0,0
5,confession,1,7.574036203893055e-05,2.321928094887362,0.0001758636745351,10,1.5157486282474914e-05,16.009609957636428,NN,NN,0,confess,0,1,0,1,0,1,0,1,1,0,-1
5,confident,1,7.574036203893055e-05,1.3219280948873624,0.0001001233124962,9,3.0314972564949827e-05,15.009609957636428,JJ,JJ,0,confid,0,0,0,0,1,0,1,0,0,1,1
5,confirmed,1,7.574036203893055e-05,1.3219280948873624,0.0001001233124962,9,3.0314972564949827e-05,15.009609957636428,VBD,VB,0,confirm,0,0,0,0,0,0,1,0,0,1,1
5,conflict,1,7.574036203893055e-05,2.321928094887362,0.0001758636745351,8,2.2736229423712372e-05,15.424647456915272,NN,NN,0,conflict,1,0,0,1,0,1,0,1,0,0,-1
5,congregation,2,0.0001514807240778,1.3219280948873624,0.0002002466249924,12,5.30512019886622e-05,14.202255035578824,NN,NN,0,congreg,0,0,0,0,0,0,1,0,0,1,1
5,constant,1,7.574036203893055e-05,1.7369655941662063,0.0001315584029513,8,2.2736229423712372e-05,15.424647456915272,JJ,JJ,0,constant,0,0,0,0,0,0,1,0,0,1,1
5,continue,1,7.574036203893055e-05,0.5145731728297582,3.897395840564707e-05,8,0.0001136811471185,13.10271936202791,VB,VB,0,continu,0,1,0,0,0,0,1,0,0,1,1
5,controversial,1,7.574036203893055e-05,1.0,7.574036203893055e-05,13,3.7893715706187286e-05,14.687681862749066,JJ,JJ,0,controversi,1,0,0,0,0,1,0,0,0,0,-1
5,convict,1,7.574036203893055e-05,2.321928094887362,0.0001758636745351,7,1.5157486282474914e-05,16.009609957636428,NNP,NN,0,convict,1,0,1,1,0,1,0,1,0,0,-1
5,cop,2,0.0001514807240778,0.3219280948873623,4.876590091454402e-05,3,0.0002273622942371,12.10271936202791,NNP,NN,0,cop,0,0,0,1,0,0,0,0,0,1,0
5,corporation,1,7.574036203893055e-05,1.0,7.574036203893055e-05,11,4.5472458847424745e-05,14.424647456915272,NNP,NN,0,corpor,0,0,0,0,0,0,1,0,0,1,1
5,council,2,0.0001514807240778,0.15200309344505,2.3025538657130965e-05,7,0.0002349410373783,12.055413647249551,NNP,NN,0,council,0,1,0,0,0,0,1,0,0,1,1
5,coup,1,7.574036203893055e-05,3.321928094887362,0.000251604036574,4,7.578743141237457e-06,17.009609957636428,NN,NN,0,coup,1,0,0,0,0,0,0,0,1,0,0
5,court,15,0.0011361054305839,0.0,0.0,5,0.0010003940946433,9.965215838277976,NNP,NN,0,court,1,1,0,1,0,0,0,0,0,0,0
5,cracked,1,7.574036203893055e-05,2.321928094887362,0.0001758636745351,7,1.5157486282474914e-05,16.009609957636428,VBD,VB,0,crack,1,0,0,1,0,1,0,0,0,0,-1
5,crash,1,7.574036203893055e-05,1.3219280948873624,0.0001001233124962,5,3.0314972564949827e-05,15.009609957636428,NN,NN,0,crash,0,0,0,1,0,1,0,1,1,0,-1
5,cream,2,0.0001514807240778,2.321928094887362,0.0003517273490702,5,3.0314972564949827e-05,15.009609957636428,NN,NN,0,cream,0,1,0,0,1,0,1,0,1,0,1
5,credit,2,0.0001514807240778,0.7369655941662062,0.0001116360818247,6,7.578743141237457e-05,13.687681862749066,NN,NN,0,credit,0,0,0,0,0,0,1,0,0,1,1
5,crime,3,0.0002272210861167,0.15200309344505,3.453830798569645e-05,5,0.0002197835510958,12.151628962508855,NN,NN,0,crime,1,0,0,0,0,1,0,0,0,0,-1
5,criminal,4,0.0003029614481557,1.0,0.0003029614481557,8,7.578743141237457e-05,13.687681862749066,JJ,JJ,0,crimin,1,0,1,1,0,1,0,0,0,0,-1
5,cry,1,7.574036203893055e-05,1.3219280948873624,0.0001001233124962,3,3.0314972564949827e-05,15.009609957636428,NN,NN,0,cri,0,0,0,0,0,1,0,1,0,0,-1
5,curiosity,1,7.574036203893055e-05,3.321928094887362,0.000251604036574,9,7.578743141237457e-06,17.009609957636428,NN,NN,0,curios,0,1,0,0,0,0,1,0,1,0,1
5,damages,1,7.574036203893055e-05,1.3219280948873624,0.0001001233124962,7,3.0314972564949827e-05,15.009609957636428,NNS,NN,0,damag,0,0,0,0,0,1,0,1,0,0,-1
5,dance,3,0.0002272210861167,0.0,0.0,5,0.0002349410373783,12.055413647249551,NN,NN,0,danc,0,0,0,0,1,0,1,0,0,1,1
5,dangerous,1,7.574036203893055e-05,0.7369655941662062,5.581804091238402e-05,9,8.336617455361203e-05,13.550178338999132,JJ,JJ,0,danger,0,0,0,1,0,1,0,0,0,0,-1
5,deal,1,7.574036203893055e-05,0.3219280948873623,2.438295045727201e-05,4,9.852366083608696e-05,13.309170239495336,NN,NN,0,deal,0,1,0,0,1,0,1,0,1,1,1
5,death,3,0.0002272210861167,0.0,0.0,5,0.0005229332767453,10.90108550085826,NN,NN,0,death,1,1,1,1,0,1,0,1,1,0,-1
5,defended,1,7.574036203893055e-05,2.321928094887362,0.0001758636745351,8,1.5157486282474914e-05,16.009609957636428,VBD,VB,0,defend,0,0,0,0,0,0,1,0,0,1,1
5,defender,1,7.574036203893055e-05,1.7369655941662063,0.0001315584029513,8,2.2736229423712372e-05,15.424647456915272,NNP,NN,0,defend,0,0,0,0,0,0,1,0,0,1,1
5,defense,5,0.0003787018101946,0.15200309344505,5.756384664282741e-05,7,0.0002955709825082,11.72420773877418,NN,NN,0,defens,1,1,0,1,0,0,1,0,0,0,1
5,delay,1,7.574036203893055e-05,3.321928094887362,0.000251604036574,5,7.578743141237457e-06,17.009609957636428,NN,NN,0,delay,1,0,1,1,0,1,0,1,0,0,-1
5,delegate,1,7.574036203893055e-05,0.7369655941662062,5.581804091238402e-05,8,6.820868827113711e-05,13.839684956194116,NN,NN,0,deleg,0,0,0,0,0,0,1,0,0,1,1
5,delight,2,0.0001514807240778,1.7369655941662063,0.0002631168059026,7,3.0314972564949827e-05,15.009609957636428,NN,NN,0,delight,0,1,0,0,1,0,1,0,0,0,1
5,deliverance,1,7.574036203893055e-05,3.321928094887362,0.000251604036574,11,7.578743141237457e-06,17.009609957636428,NNP,NN,0,deliver,0,1,0,0,1,0,1,0,0,1,1
5,denied,1,7.574036203893055e-05,0.15200309344505,1.1512769328565482e-05,6,0.0001667323491072,12.550178338999132,VBD,VB,0,deni,0,0,0,0,0,1,0,1,0,0,-1
5,devil,1,7.574036203893055e-05,2.321928094887362,0.0001758636745351,5,2.2736229423712372e-05,15.424647456915272,NN,NN,0,devil,1,1,1,1,0,1,0,1,0,0,-1
5,diamond,1,7.574036203893055e-05,1.3219280948873624,0.0001001233124962,7,3.0314972564949827e-05,15.009609957636428,NN,NN,0,diamond,0,0,0,0,1,0,1,0,0,0,1
5,dictator,1,7.574036203893055e-05,1.7369655941662063,0.0001315584029513,8,3.0314972564949827e-05,15.009609957636428,NN,NN,0,dictat,0,0,0,1,0,1,0,0,0,0,-1
5,die,4,0.0003029614481557,0.7369655941662062,0.0002232721636495,3,9.852366083608696e-05,13.309170239495336,VB,VB,0,die,0,0,0,1,0,1,0,1,0,0,-1
5,director,3,0.0002272210861167,0.0,0.0,8,0.0006593506532876,10.5666664617877,NN,NN,0,director,0,0,0,0,0,0,1,0,0,1,1
5,dirt,2,0.0001514807240778,1.7369655941662063,0.0002631168059026,4,3.0314972564949827e-05,15.009609957636428,NN,NN,0,dirt,0,0,1,0,0,1,0,0,0,0,-1
5,dirty,1,7.574036203893055e-05,3.321928094887362,0.000251604036574,5,7.578743141237457e-06,17.009609957636428,JJ,JJ,0,dirti,0,0,1,0,0,1,0,0,0,0,-1
5,discord,1,7.574036203893055e-05,3.321928094887362,0.000251604036574,7,7.578743141237457e-06,17.009609957636428,NN,NN,0,discord,1,0,1,0,0,1,0,0,0,0,-1
5,discrimination,2,0.0001514807240778,0.15200309344505,2.3025538657130965e-05,14,0.000287992239367,11.761682444192845,NN,NN,0,discrimin,1,0,1,1,0,1,0,1,0,0,-1
5,disgust,1,7.574036203893055e-05,1.7369655941662063,0.0001315584029513,7,2.2736229423712372e-05,15.424647456915272,NN,NN,0,disgust,1,0,1,1,0,1,0,1,0,0,-1
5,disorder,1,7.574036203893055e-05,3.321928094887362,0.000251604036574,8,7.578743141237457e-06,17.009609957636428,NN,NN,0,disord,0,0,0,1,0,1,0,0,0,0,-1
5,dispute,2,0.0001514807240778,2.321928094887362,0.0003517273490702,7,3.0314972564949827e-05,15.009609957636428,NN,NN,0,disput,1,0,0,0,0,1,0,0,0,0,-1
5,distressing,1,7.574036203893055e-05,3.321928094887362,0.000251604036574,11,7.578743141237457e-06,17.009609957636428,JJ,JJ,0,distress,1,0,0,1,0,1,0,0,0,0,-1
5,doctor,2,0.0001514807240778,0.0,0.0,6,0.0002425197805195,12.009609957636428,NN,NN,0,doctor,0,0,0,0,0,0,1,0,0,1,1
5,don,9,0.0006816632583503,0.0,0.0,3,0.0009397641495134,10.055413647249551,NNP,NN,1,don,0,0,0,0,0,0,1,0,0,1,1
5,doomed,1,7.574036203893055e-05,2.321928094887362,0.0001758636745351,6,1.5157486282474914e-05,16.009609957636428,NNP,NN,0,doom,0,0,0,1,0,1,0,1,0,0,-1
5,dreadful,2,0.0001514807240778,2.321928094887362,0.0003517273490702,8,2.2736229423712372e-05,15.424647456915272,JJ,JJ,0,dread,1,1,1,1,0,1,0,1,0,0,-1
5,effective,1,7.574036203893055e-05,0.7369655941662062,5.581804091238402e-05,9,6.820868827113711e-05,13.839684956194116,JJ,JJ,0,effect,0,0,0,0,0,0,1,0,0,1,1
5,elder,1,7.574036203893055e-05,1.0,7.574036203893055e-05,5,3.7893715706187286e-05,14.687681862749066,NN,NN,0,elder,0,0,0,0,0,0,1,0,0,1,1
5,electric,2,0.0001514807240778,1.0,0.0001514807240778,8,4.5472458847424745e-05,14.424647456915272,JJ,JJ,0,electr,0,0,0,0,1,0,1,0,1,0,1
5,elegance,2,0.0001514807240778,3.321928094887362,0.0005032080731481,8,1.5157486282474914e-05,16.009609957636428,NN,NN,0,eleg,0,1,0,0,1,0,1,0,0,1,1
5,elegant,1,7.574036203893055e-05,1.0,7.574036203893055e-05,7,4.5472458847424745e-05,14.424647456915272,JJ,JJ,0,eleg,0,0,0,0,1,0,1,0,0,0,1
5,embrace,1,7.574036203893055e-05,3.321928094887362,0.000251604036574,7,7.578743141237457e-06,17.009609957636428,NN,NN,0,embrac,0,1,0,0,1,0,1,0,1,1,1
5,eminence,2,0.0001514807240778,2.321928094887362,0.0003517273490702,8,2.2736229423712372e-05,15.424647456915272,NN,NN,0,emin,0,0,0,0,0,0,1,0,0,1,1
5,enchanted,1,7.574036203893055e-05,3.321928094887362,0.000251604036574,9,7.578743141237457e-06,17.009609957636428,NNP,NN,0,enchant,0,0,0,0,1,0,1,0,0,1,1
5,enemy,1,7.574036203893055e-05,1.7369655941662063,0.0001315584029513,5,3.7893715706187286e-05,14.687681862749066,NN,NN,0,enemi,1,0,1,1,0,1,0,0,0,0,-1
5,enjoy,2,0.0001514807240778,0.7369655941662062,0.0001116360818247,5,6.0629945129899655e-05,14.009609957636428,VB,VB,0,enjoy,0,1,0,0,1,0,1,0,0,1,1
5,enjoying,1,7.574036203893055e-05,2.321928094887362,0.0001758636745351,8,3.0314972564949827e-05,15.009609957636428,VBG,VB,0,enjoy,0,1,0,0,1,0,1,0,0,1,1
5,entertained,2,0.0001514807240778,1.0,0.0001514807240778,11,4.5472458847424745e-05,14.424647456915272,VBD,VB,0,entertain,0,0,0,0,1,0,1,0,0,0,1
5,entertainment,4,0.0003029614481557,0.0,0.0,13,0.0001743110922484,12.486048001579416,NNP,NN,0,entertain,0,1,0,0,1,0,1,0,1,1,1
5,escape,3,0.0002272210861167,0.7369655941662062,0.0001674541227371,6,6.0629945129899655e-05,14.009609957636428,NN,NN,0,escap,0,1,0,1,0,1,1,0,0,0,0
5,established,1,7.574036203893055e-05,1.0,7.574036203893055e-05,11,9.094491769484948e-05,13.424647456915272,VBN,VB,0,establish,0,0,0,0,1,0,1,0,0,0,1
5,exciting,1,7.574036203893055e-05,0.7369655941662062,5.581804091238402e-05,8,4.5472458847424745e-05,14.424647456915272,JJ,JJ,0,excit,0,1,0,0,1,0,1,0,1,0,1
5,excluding,1,7.574036203893055e-05,2.321928094887362,0.0001758636745351,9,1.5157486282474914e-05,16.009609957636428,VBG,VB,0,exclud,0,0,0,0,0,1,0,1,0,0,-1
5,execution,1,7.574036203893055e-05,1.7369655941662063,0.0001315584029513,9,3.0314972564949827e-05,15.009609957636428,NN,NN,0,execut,1,0,0,1,0,1,0,1,0,1,-1
5,exhausted,1,7.574036203893055e-05,3.321928094887362,0.000251604036574,9,7.578743141237457e-06,17.009609957636428,VBN,VB,0,exhaust,0,0,0,0,0,1,0,1,0,0,-1
5,explain,1,7.574036203893055e-05,1.3219280948873624,0.0001001233124962,7,3.7893715706187286e-05,14.687681862749066,VB,VB,0,explain,0,0,0,0,0,0,1,0,0,1,1
5,expulsion,1,7.574036203893055e-05,3.321928094887362,0.000251604036574,9,7.578743141237457e-06,17.009609957636428,NN,NN,0,expuls,1,0,1,1,0,1,0,1,0,0,-1
5,facts,2,0.0001514807240778,1.0,0.0001514807240778,5,5.30512019886622e-05,14.202255035578824,NNS,NN,0,fact,0,0,0,0,0,0,1,0,0,1,1
5,faculty,1,7.574036203893055e-05,1.3219280948873624,0.0001001233124962,7,7.578743141237457e-05,13.687681862749066,NN,NN,0,faculti,0,0,0,0,0,0,1,0,0,1,1
5,failure,2,0.0001514807240778,1.3219280948873624,0.0002002466249924,7,5.30512019886622e-05,14.202255035578824,NN,NN,0,failur,0,0,1,1,0,1,0,1,0,0,-1
5,faith,1,7.574036203893055e-05,1.7369655941662063,0.0001315584029513,5,2.2736229423712372e-05,15.424647456915272,NNP,NN,0,faith,0,1,0,0,1,0,1,0,0,1,1
5,fall,4,0.0003029614481557,0.3219280948873623,9.753180182908804e-05,4,0.0001364173765422,12.839684956194116,NN,NN,0,fall,0,0,0,0,0,1,0,1,0,0,-1
5,famine,1,7.574036203893055e-05,2.321928094887362,0.0001758636745351,6,2.2736229423712372e-05,15.424647456915272,NN,NN,0,famin,0,0,0,0,0,1,0,1,0,0,-1
5,fancy,4,0.0003029614481557,1.3219280948873624,0.0004004932499848,5,6.0629945129899655e-05,14.009609957636428,JJ,JJ,0,fanci,0,1,0,0,1,0,1,0,0,0,1
5,favorite,1,7.574036203893055e-05,0.7369655941662062,5.581804091238402e-05,8,9.852366083608696e-05,13.309170239495336,JJ,JJ,0,favorit,0,0,0,0,1,0,1,0,0,1,1
5,feeling,1,7.574036203893055e-05,0.3219280948873623,2.438295045727201e-05,7,0.0001591536059659,12.617292534857668,NN,NN,0,feel,1,1,1,1,1,1,1,1,1,1,0
5,fell,2,0.0001514807240778,1.3219280948873624,0.0002002466249924,4,6.0629945129899655e-05,14.009609957636428,VBD,VB,0,fell,0,0,0,0,0,1,0,1,0,0,-1
5,fight,3,0.0002272210861167,0.0,0.0,5,0.000416830872768,11.228250244111768,NN,NN,0,fight,1,0,0,1,0,1,0,0,0,0,-1
5,fighting,1,7.574036203893055e-05,0.5145731728297582,3.897395840564707e-05,8,9.094491769484948e-05,13.424647456915272,VBG,VB,0,fight,1,0,0,0,0,1,0,0,0,0,-1
5,finally,5,0.0003787018101946,0.3219280948873623,0.0001219147522863,7,0.0001364173765422,12.839684956194116,RB,RB,0,final,0,1,1,0,1,0,1,0,1,1,1
5,fitting,1,7.574036203893055e-05,3.321928094887362,0.000251604036574,7,7.578743141237457e-06,17.009609957636428,VBG,VB,0,fit,0,1,0,0,1,0,1,0,0,1,1
5,flagrant,1,7.574036203893055e-05,2.321928094887362,0.0001758636745351,8,1.5157486282474914e-05,16.009609957636428,JJ,JJ,0,flagrant,1,0,1,0,0,1,0,0,0,0,-1
5,flattering,1,7.574036203893055e-05,3.321928094887362,0.000251604036574,10,7.578743141237457e-06,17.009609957636428,JJ,JJ,0,flatter,0,0,0,0,1,0,1,0,0,0,1
5,food,7,0.0005301825342725,0.3219280948873623,0.0001706806532009,4,0.0001970473216721,12.309170239495336,NN,NN,0,food,0,0,0,0,1,0,1,0,0,1,1
5,football,4,0.0003029614481557,0.15200309344505,4.605107731426193e-05,8,0.0002046260648134,12.25472245547296,NN,NN,0,footbal,0,1,0,0,1,0,1,0,0,0,1
5,force,1,7.574036203893055e-05,0.15200309344505,1.1512769328565482e-05,5,0.0002500985236608,11.965215838277976,NNP,NN,0,forc,1,0,0,1,0,1,0,0,0,0,-1
5,forced,2,0.0001514807240778,0.15200309344505,2.3025538657130965e-05,6,0.0001515748628247,12.687681862749066,VBN,VB,0,forc,0,0,0,1,0,1,0,0,0,0,-1
5,forecast,2,0.0001514807240778,3.321928094887362,0.0005032080731481,8,1.5157486282474914e-05,16.009609957636428,NN,NN,0,forecast,0,1,0,0,0,0,0,0,0,1,0
5,forgotten,2,0.0001514807240778,2.321928094887362,0.0003517273490702,9,2.2736229423712372e-05,15.424647456915272,JJ,JJ,0,forgotten,0,0,0,1,0,1,0,1,0,0,-1
5,fortitude,1,7.574036203893055e-05,3.321928094887362,0.000251604036574,9,7.578743141237457e-06,17.009609957636428,NN,NN,0,fortitud,0,0,0,0,1,0,1,0,0,1,1
5,found,6,0.0004544421722335,0.0,0.0,5,0.0004698820747567,11.055413647249551,VBD,VB,0,found,0,0,0,0,1,0,1,0,0,1,1
5,frank,1,7.574036203893055e-05,0.0,0.0,5,0.000257677266802,11.922147116386087,NNP,NN,0,frank,0,0,0,0,0,0,1,0,0,1,1
5,fraud,2,0.0001514807240778,1.7369655941662063,0.0002631168059026,5,4.5472458847424745e-05,14.424647456915272,NN,NN,0,fraud,1,0,0,0,0,1,0,0,0,0,-1
5,freedom,1,7.574036203893055e-05,0.7369655941662062,5.581804091238402e-05,7,0.0001061024039773,13.202255035578824,NN,NN,0,freedom,0,0,0,0,1,0,1,0,0,1,1
5,freely,1,7.574036203893055e-05,3.321928094887362,0.000251604036574,6,7.578743141237457e-06,17.009609957636428,RB,RB,0,freeli,0,0,0,0,1,0,1,0,0,1,1
5,friend,2,0.0001514807240778,0.15200309344505,2.3025538657130965e-05,6,0.0002122048079546,12.202255035578824,NN,NN,0,friend,0,0,0,0,1,0,1,0,0,1,1
5,friendship,1,7.574036203893055e-05,1.7369655941662063,0.0001315584029513,10,2.2736229423712372e-05,15.424647456915272,NN,NN,0,friendship,0,0,0,0,1,0,1,0,0,1,1
5,frown,1,7.574036203893055e-05,3.321928094887362,0.000251604036574,5,7.578743141237457e-06,17.009609957636428,VB,VB,0,frown,0,0,0,0,0,1,0,1,0,0,-1
5,frustrated,2,0.0001514807240778,2.321928094887362,0.0003517273490702,10,2.2736229423712372e-05,15.424647456915272,JJ,VB,0,frustrat,1,0,0,0,0,1,0,0,0,0,-1
5,frustration,1,7.574036203893055e-05,3.321928094887362,0.000251604036574,11,7.578743141237457e-06,17.009609957636428,NN,NN,0,frustrat,1,0,0,0,0,1,0,0,0,0,-1
5,fuse,1,7.574036203893055e-05,3.321928094887362,0.000251604036574,4,7.578743141237457e-06,17.009609957636428,NN,NN,0,fuse,0,0,0,0,0,0,1,0,0,1,1
5,garden,1,7.574036203893055e-05,0.7369655941662062,5.581804091238402e-05,6,6.820868827113711e-05,13.839684956194116,NNP,NN,0,garden,0,0,0,0,1,0,1,0,0,0,1
5,general,6,0.0004544421722335,0.15200309344505,6.90766159713929e-05,7,0.0004319883590505,11.176719943471689,NNP,NN,0,gener,0,0,0,0,0,0,1,0,0,1,1
5,gift,1,7.574036203893055e-05,0.5145731728297582,3.897395840564707e-05,4,9.094491769484948e-05,13.424647456915272,NN,NN,0,gift,0,1,0,0,1,0,1,0,1,0,1
5,glory,1,7.574036203893055e-05,3.321928094887362,0.000251604036574,5,7.578743141237457e-06,17.009609957636428,NN,NN,0,glori,0,1,0,0,1,0,1,0,0,1,1
5,god,2,0.0001514807240778,0.15200309344505,2.3025538657130965e-05,3,0.0001439961196835,12.761682444192845,NNP,NN,0,god,0,1,0,1,1,0,1,0,0,1,1
5,godless,1,7.574036203893055e-05,3.321928094887362,0.000251604036574,7,7.578743141237457e-06,17.009609957636428,NNP,NN,0,godless,1,0,0,0,0,1,0,0,0,0,-1
5,good,8,0.0006059228963114,0.0,0.0,4,0.0007502955709825,10.38025333755682,JJ,JJ,0,good,0,1,0,0,1,0,1,0,1,1,1
5,gory,1,7.574036203893055e-05,3.321928094887362,0.000251604036574,4,7.578743141237457e-06,17.009609957636428,JJ,JJ,0,gori,1,0,1,1,0,1,0,1,0,0,-1
5,government,6,0.0004544421722335,0.0,0.0,10,0.0004016733864855,11.28168950307323,NN,NN,0,govern,0,0,0,1,0,1,0,0,0,0,-1
5,grant,2,0.0001514807240778,0.7369655941662062,0.0001116360818247,5,7.578743141237457e-05,13.687681862749066,NNP,NN,0,grant,0,1,0,0,1,0,1,0,0,1,1
5,green,7,0.0005301825342725,0.7369655941662062,0.0003907262863866,5,0.0001894685785309,12.365753767861705,NNP,NN,0,green,0,0,0,0,1,0,1,0,0,1,1
5,grief,1,7.574036203893055e-05,1.7369655941662063,0.0001315584029513,5,2.2736229423712372e-05,15.424647456915272,NN,NN,0,grief,0,0,0,0,0,1,0,1,0,0,-1
5,guard,2,0.0001514807240778,0.7369655941662062,0.0001116360818247,5,0.0001439961196835,12.761682444192845,NNP,NN,0,guard,0,0,0,1,0,0,1,0,0,1,1
5,guide,1,7.574036203893055e-05,1.0,7.574036203893055e-05,5,5.30512019886622e-05,14.202255035578824,NNP,NN,0,guid,0,0,0,0,0,0,1,0,0,1,1
5,guilt,1,7.574036203893055e-05,1.7369655941662063,0.0001315584029513,5,5.30512019886622e-05,14.202255035578824,NN,NN,0,guilt,0,0,1,0,0,1,0,1,0,0,-1
5,guilty,3,0.0002272210861167,0.5145731728297582,0.0001169218752169,6,9.852366083608696e-05,13.309170239495336,JJ,JJ,0,guilti,1,0,0,0,0,1,0,1,0,0,-1
5,gun,2,0.0001514807240778,0.5145731728297582,7.794791681129414e-05,3,0.0001061024039773,13.202255035578824,NN,NN,0,gun,1,0,0,1,0,1,0,0,0,0,-1
5,harrowing,1,7.574036203893055e-05,3.321928094887362,0.000251604036574,9,7.578743141237457e-06,17.009609957636428,VBG,VB,0,harrow,0,0,0,1,0,1,0,0,0,0,-1
5,harvest,2,0.0001514807240778,2.321928094887362,0.0003517273490702,7,2.2736229423712372e-05,15.424647456915272,NN,NN,0,harvest,0,1,0,0,1,0,1,0,0,0,1
5,hate,1,7.574036203893055e-05,1.7369655941662063,0.0001315584029513,4,3.0314972564949827e-05,15.009609957636428,NN,NN,0,hate,1,0,1,1,0,1,0,1,0,0,-1
5,hatred,3,0.0002272210861167,3.321928094887362,0.0007548121097221,6,2.2736229423712372e-05,15.424647456915272,NN,NN,0,hatr,1,0,1,1,0,1,0,1,0,0,-1
5,hearing,2,0.0001514807240778,0.3219280948873623,4.876590091454402e-05,7,0.0001212598902597,13.009609957636428,NN,NN,0,hear,0,0,0,1,0,1,0,0,0,0,-1
5,hell,1,7.574036203893055e-05,1.0,7.574036203893055e-05,4,3.7893715706187286e-05,14.687681862749066,NN,NN,0,hell,1,0,1,1,0,1,0,1,0,0,-1
5,helmet,1,7.574036203893055e-05,3.321928094887362,0.000251604036574,6,7.578743141237457e-06,17.009609957636428,NN,NN,0,helmet,0,0,0,1,0,0,1,0,0,0,1
5,hero,1,7.574036203893055e-05,1.0,7.574036203893055e-05,4,6.820868827113711e-05,13.839684956194116,NN,NN,0,hero,0,1,0,0,1,0,1,0,1,1,1
5,highest,1,7.574036203893055e-05,0.3219280948873623,2.438295045727201e-05,7,0.000128838633401,12.922147116386087,JJS,JJ,0,highest,0,1,0,1,1,1,1,0,1,0,0
5,hit,6,0.0004544421722335,0.0,0.0,3,0.0004547245884742,11.10271936202791,VBD,VB,0,hit,1,0,0,0,0,1,0,0,0,0,-1
5,hog,1,7.574036203893055e-05,1.7369655941662063,0.0001315584029513,3,2.2736229423712372e-05,15.424647456915272,NN,NN,0,hog,0,0,1,0,0,1,0,0,0,0,-1
5,honor,2,0.0001514807240778,0.3219280948873623,4.876590091454402e-05,5,0.0001818898353896,12.424647456915272,NN,NN,0,honor,0,0,0,0,0,0,1,0,0,1,1
5,hope,3,0.0002272210861167,0.0,0.0,4,0.0001212598902597,13.009609957636428,VBP,VB,0,hope,0,1,0,0,1,0,1,0,1,1,1
5,hospital,8,0.0006059228963114,0.0,0.0,8,0.0008563979749598,10.18943099522124,NNP,NN,0,hospit,0,0,0,1,0,0,0,1,0,1,0
5,humanity,1,7.574036203893055e-05,1.3219280948873624,0.0001001233124962,8,3.7893715706187286e-05,14.687681862749066,NN,NN,0,human,0,0,0,0,1,0,1,0,0,1,1
5,humiliation,1,7.574036203893055e-05,3.321928094887362,0.000251604036574,11,7.578743141237457e-06,17.009609957636428,NN,NN,0,humili,0,0,1,0,0,1,0,1,0,0,-1
5,humility,1,7.574036203893055e-05,2.321928094887362,0.0001758636745351,8,1.5157486282474914e-05,16.009609957636428,NN,NN,0,humil,0,0,0,0,0,0,1,0,0,1,1
5,hurried,1,7.574036203893055e-05,2.321928094887362,0.0001758636745351,7,1.5157486282474914e-05,16.009609957636428,NNP,NN,0,hurri,0,1,0,0,0,1,0,0,0,0,-1
5,hurt,2,0.0001514807240778,1.3219280948873624,0.0002002466249924,4,0.0001136811471185,13.10271936202791,NNP,VB,0,hurt,1,0,0,1,0,1,0,1,0,0,-1
5,hut,1,7.574036203893055e-05,1.7369655941662063,0.0001315584029513,3,3.0314972564949827e-05,15.009609957636428,NN,NN,0,hut,0,0,0,0,0,0,1,1,0,0,1
5,ill,1,7.574036203893055e-05,1.7369655941662063,0.0001315584029513,3,6.0629945129899655e-05,14.009609957636428,NNP,NN,0,ill,1,0,1,1,0,1,0,1,0,0,-1
5,illness,1,7.574036203893055e-05,0.5145731728297582,3.897395840564707e-05,7,9.094491769484948e-05,13.424647456915272,NN,NN,0,ill,0,0,0,1,0,1,0,1,0,0,-1
5,illusion,1,7.574036203893055e-05,1.7369655941662063,0.0001315584029513,8,3.0314972564949827e-05,15.009609957636428,NN,NN,0,illus,0,0,0,0,0,1,0,0,1,0,-1
5,immediately,2,0.0001514807240778,1.7369655941662063,0.0002631168059026,11,3.0314972564949827e-05,15.009609957636428,RB,RB,0,immedi,0,1,0,0,0,1,1,0,0,0,0
5,importance,1,7.574036203893055e-05,1.7369655941662063,0.0001315584029513,10,2.2736229423712372e-05,15.424647456915272,NN,NN,0,import,0,1,0,0,0,0,1,0,0,0,1
5,important,3,0.0002272210861167,0.15200309344505,3.453830798569645e-05,9,0.0001818898353896,12.424647456915272,JJ,JJ,0,import,0,0,0,0,0,0,1,0,0,1,1
5,imprisonment,1,7.574036203893055e-05,1.7369655941662063,0.0001315584029513,12,3.0314972564949827e-05,15.009609957636428,NN,NN,0,imprison,1,0,1,1,0,1,0,1,0,0,-1
5,improvement,1,7.574036203893055e-05,2.321928094887362,0.0001758636745351,11,1.5157486282474914e-05,16.009609957636428,NN,NN,0,improv,0,0,0,0,1,0,1,0,0,1,1
5,inauguration,1,7.574036203893055e-05,3.321928094887362,0.000251604036574,12,7.578743141237457e-06,17.009609957636428,NN,NN,0,inaugur,0,1,0,0,1,0,1,0,0,1,1
5,income,3,0.0002272210861167,0.7369655941662062,0.0001674541227371,6,0.0001212598902597,13.009609957636428,NN,NN,0,incom,0,1,0,0,1,1,1,1,0,1,0
5,incurable,1,7.574036203893055e-05,3.321928094887362,0.000251604036574,9,7.578743141237457e-06,17.009609957636428,JJ,JJ,0,incur,1,0,1,1,0,1,0,1,0,0,-1
5,indictment,2,0.0001514807240778,1.7369655941662063,0.0002631168059026,10,3.0314972564949827e-05,15.009609957636428,NN,NN,0,indict,0,0,0,1,0,1,0,0,0,0,-1
5,infant,1,7.574036203893055e-05,1.0,7.574036203893055e-05,6,5.30512019886622e-05,14.202255035578824,NN,NN,0,infant,0,1,0,1,1,0,1,0,1,0,1
5,infidelity,1,7.574036203893055e-05,2.321928094887362,0.0001758636745351,10,1.5157486282474914e-05,16.009609957636428,NN,NN,0,infidel,1,0,1,1,0,1,0,1,0,0,-1
5,influence,2,0.0001514807240778,1.0,0.0001514807240778,9,9.094491769484948e-05,13.424647456915272,NN,NN,0,influenc,0,0,0,0,0,1,1,0,0,0,0
5,inheritance,1,7.574036203893055e-05,3.321928094887362,0.000251604036574,11,7.578743141237457e-06,17.009609957636428,NN,NN,0,inherit,0,1,0,0,1,0,1,0,1,1,1
5,injured,1,7.574036203893055e-05,0.7369655941662062,5.581804091238402e-05,7,6.820868827113711e-05,13.839684956194116,JJ,JJ,0,injur,0,0,0,1,0,1,0,1,0,0,-1
5,injury,3,0.0002272210861167,2.321928094887362,0.0005275910236053,6,3.0314972564949827e-05,15.009609957636428,NN,NN,0,injuri,1,0,0,1,0,1,0,1,0,0,-1
5,injustice,1,7.574036203893055e-05,2.321928094887362,0.0001758636745351,9,1.5157486282474914e-05,16.009609957636428,NN,NN,0,injustic,1,0,0,0,0,1,0,0,0,0,-1
5,innocent,1,7.574036203893055e-05,2.321928094887362,0.0001758636745351,8,2.2736229423712372e-05,15.424647456915272,NNP,NN,0,innoc,0,0,0,0,0,0,1,0,0,1,1
5,inspired,1,7.574036203893055e-05,1.0,7.574036203893055e-05,8,3.7893715706187286e-05,14.687681862749066,VBN,VB,0,inspir,0,0,0,0,1,0,1,0,1,1,1
5,iron,1,7.574036203893055e-05,1.7369655941662063,0.0001315584029513,4,2.2736229423712372e-05,15.424647456915272,NN,NN,0,iron,0,0,0,0,0,0,1,0,0,1,1
5,jackpot,1,7.574036203893055e-05,3.321928094887362,0.000251604036574,7,7.578743141237457e-06,17.009609957636428,NN,NN,0,jackpot,0,1,0,0,1,0,1,0,1,0,1
5,jail,7,0.0005301825342725,0.15200309344505,8.058938529995837e-05,4,0.000257677266802,11.922147116386087,NN,NN,0,jail,0,0,0,1,0,1,0,1,0,0,-1
5,john,9,0.0006816632583503,0.0,0.0,4,0.0008412404886773,10.215194091286325,NNP,NN,0,john,0,0,1,0,0,1,0,0,0,0,-1
5,jump,1,7.574036203893055e-05,0.7369655941662062,5.581804091238402e-05,4,8.336617455361203e-05,13.550178338999132,NN,NN,0,jump,0,0,0,0,1,0,1,0,0,0,1
5,justice,2,0.0001514807240778,0.0,0.0,7,0.0002349410373783,12.055413647249551,NNP,NN,0,justic,0,0,0,0,0,0,1,0,0,1,1
5,kill,2,0.0001514807240778,1.7369655941662063,0.0002631168059026,4,4.5472458847424745e-05,14.424647456915272,VB,VB,0,kill,0,0,0,1,0,1,0,1,0,0,-1
5,killing,2,0.0001514807240778,1.3219280948873624,0.0002002466249924,7,3.7893715706187286e-05,14.687681862749066,VBG,VB,0,kill,1,0,0,1,0,1,0,1,0,0,-1
5,kind,5,0.0003787018101946,0.0,0.0,4,0.0002046260648134,12.25472245547296,NN,NN,0,kind,0,0,0,0,1,0,1,0,0,1,1
5,kiss,1,7.574036203893055e-05,1.7369655941662063,0.0001315584029513,4,4.5472458847424745e-05,14.424647456915272,NN,NN,0,kiss,0,1,0,0,1,0,1,0,1,0,1
5,labor,3,0.0002272210861167,0.15200309344505,3.453830798569645e-05,5,0.0002804134962257,11.80015659200748,NN,NN,0,labor,0,1,0,0,1,0,1,0,1,1,1
5,lace,1,7.574036203893055e-05,2.321928094887362,0.0001758636745351,4,1.5157486282474914e-05,16.009609957636428,NNP,NN,0,lace,1,0,0,1,0,1,1,1,0,1,0
5,late,5,0.0003787018101946,0.0,0.0,4,0.0003031497256494,11.687681862749066,JJ,JJ,0,late,0,0,0,0,0,1,0,1,0,0,-1
5,lawlessness,1,7.574036203893055e-05,3.321928094887362,0.000251604036574,11,7.578743141237457e-06,17.009609957636428,JJ,JJ,0,lawless,1,0,0,1,0,1,0,0,0,0,-1
5,lawyer,3,0.0002272210861167,0.3219280948873623,7.314885137181604e-05,6,0.0001894685785309,12.365753767861705,NN,NN,0,lawyer,1,0,1,1,0,1,0,0,0,0,-1
5,leader,4,0.0003029614481557,0.0,0.0,6,0.0003107284687907,11.652057953018344,NN,NN,0,leader,0,0,0,0,0,0,1,0,0,1,1
5,leave,1,7.574036203893055e-05,0.3219280948873623,2.438295045727201e-05,5,0.0002046260648134,12.25472245547296,VB,VB,0,leav,0,0,0,0,0,1,0,1,1,0,-1
5,legal,2,0.0001514807240778,0.15200309344505,2.3025538657130965e-05,5,0.0002728347530845,11.839684956194116,JJ,JJ,0,legal,0,0,0,0,0,0,1,0,0,1,1
5,limited,1,7.574036203893055e-05,1.7369655941662063,0.0001315584029513,7,2.2736229423712372e-05,15.424647456915272,VBN,VB,0,limit,1,0,0,0,0,1,0,1,0,0,-1
5,liquor,2,0.0001514807240778,0.7369655941662062,0.0001116360818247,6,0.000128838633401,12.922147116386087,NN,NN,0,liquor,1,0,0,0,1,1,0,1,0,0,-1
5,lose,2,0.0001514807240778,0.7369655941662062,0.0001116360818247,4,0.0001212598902597,13.009609957636428,VB,VB,0,lose,1,0,1,1,0,1,0,1,1,0,-1
5,losing,2,0.0001514807240778,1.0,0.0001514807240778,6,5.30512019886622e-05,14.202255035578824,VBG,VB,0,lose,1,0,0,0,0,1,0,1,0,0,-1
5,loss,2,0.0001514807240778,0.5145731728297582,7.794791681129414e-05,4,0.0001061024039773,13.202255035578824,NN,NN,0,loss,1,0,0,1,0,1,0,1,0,0,-1
5,lost,4,0.0003029614481557,0.15200309344505,4.605107731426193e-05,4,0.0002046260648134,12.25472245547296,VBD,VB,0,lost,0,0,0,0,0,1,0,1,0,0,-1
5,love,5,0.0003787018101946,0.0,0.0,4,0.0005380907630278,10.859862838131749,NNP,NN,0,love,0,0,0,0,1,0,1,0,0,0,1
5,loving,1,7.574036203893055e-05,1.3219280948873624,0.0001001233124962,6,4.5472458847424745e-05,14.424647456915272,NNP,NN,0,love,0,0,0,0,1,0,1,0,0,1,1
5,lower,1,7.574036203893055e-05,0.15200309344505,1.1512769328565482e-05,5,0.0001061024039773,13.202255035578824,JJR,JJ,0,lower,0,0,0,0,0,1,0,1,0,0,-1
5,lowest,1,7.574036203893055e-05,3.321928094887362,0.000251604036574,6,7.578743141237457e-06,17.009609957636428,JJS,JJ,0,lowest,0,0,0,0,0,1,0,1,0,0,-1
5,lowly,1,7.574036203893055e-05,3.321928094887362,0.000251604036574,5,7.578743141237457e-06,17.009609957636428,RB,RB,0,lowli,0,0,0,0,0,1,0,1,0,0,-1
5,luxurious,1,7.574036203893055e-05,2.321928094887362,0.0001758636745351,9,1.5157486282474914e-05,16.009609957636428,JJ,JJ,0,luxuri,0,0,0,0,1,0,1,0,0,0,1
5,lynch,1,7.574036203893055e-05,3.321928094887362,0.000251604036574,5,7.578743141237457e-06,17.009609957636428,NNP,NN,0,lynch,1,0,1,1,0,1,0,1,0,0,-1
5,mad,1,7.574036203893055e-05,2.321928094887362,0.0001758636745351,3,2.2736229423712372e-05,15.424647456915272,NNP,NN,0,mad,1,0,1,1,0,1,0,1,0,0,-1
5,magnificent,1,7.574036203893055e-05,3.321928094887362,0.000251604036574,11,7.578743141237457e-06,17.009609957636428,JJ,JJ,0,magnific,0,1,0,0,1,0,1,0,1,1,1
5,marriage,2,0.0001514807240778,0.0,0.0,8,0.0003789371570618,11.365753767861705,NN,NN,0,marriag,0,1,0,0,1,0,1,0,0,1,1
5,marry,1,7.574036203893055e-05,0.7369655941662062,5.581804091238402e-05,5,7.578743141237457e-05,13.687681862749066,VB,VB,0,marri,0,1,0,1,1,0,1,0,1,1,1
5,marshal,2,0.0001514807240778,3.321928094887362,0.0005032080731481,7,1.5157486282474914e-05,16.009609957636428,NN,NN,0,marshal,0,0,0,0,0,0,1,0,0,1,1
5,massacre,2,0.0001514807240778,1.7369655941662063,0.0002631168059026,8,3.0314972564949827e-05,15.009609957636428,NNP,NN,0,massacr,1,0,1,1,0,1,0,1,0,0,-1
5,mate,2,0.0001514807240778,0.5145731728297582,7.794791681129414e-05,4,9.852366083608696e-05,13.309170239495336,NN,NN,0,mate,0,0,0,0,0,0,1,0,0,1,1
5,matron,1,7.574036203893055e-05,1.7369655941662063,0.0001315584029513,6,3.0314972564949827e-05,15.009609957636428,NN,NN,0,matron,0,0,0,0,0,0,1,0,0,1,1
5,medical,1,7.574036203893055e-05,0.15200309344505,1.1512769328565482e-05,7,0.0003258859550732,11.58334520293433,JJ,JJ,0,medic,0,1,0,1,0,0,1,0,0,1,1
5,mess,1,7.574036203893055e-05,1.3219280948873624,0.0001001233124962,4,3.0314972564949827e-05,15.009609957636428,NN,NN,0,mess,0,0,1,0,0,1,0,0,0,0,-1
5,misery,1,7.574036203893055e-05,2.321928094887362,0.0001758636745351,6,1.5157486282474914e-05,16.009609957636428,NN,NN,0,miseri,1,0,1,1,0,1,0,1,0,0,-1
5,missing,1,7.574036203893055e-05,1.0,7.574036203893055e-05,7,5.30512019886622e-05,14.202255035578824,VBG,VB,0,miss,0,0,0,1,0,1,0,1,0,0,-1
5,mob,2,0.0001514807240778,1.7369655941662063,0.0002631168059026,3,3.7893715706187286e-05,14.687681862749066,NN,NN,0,mob,1,0,0,1,0,1,0,0,0,0,-1
5,money,7,0.0005301825342725,0.15200309344505,8.058938529995837e-05,5,0.0004395671021917,11.151628962508855,NN,NN,0,money,1,1,0,0,1,0,1,0,1,1,1
5,moody,1,7.574036203893055e-05,2.321928094887362,0.0001758636745351,5,1.5157486282474914e-05,16.009609957636428,NNP,NN,0,moodi,1,0,0,0,0,1,0,1,0,0,-1
5,mother,7,0.0005301825342725,0.0,0.0,6,0.0004623033316154,11.07887262007354,NN,NN,0,mother,0,1,0,0,1,1,1,1,0,1,0
5,murder,1,7.574036203893055e-05,0.15200309344505,1.1512769328565482e-05,6,0.0002046260648134,12.25472245547296,NN,NN,0,murder,1,0,1,1,0,1,0,1,1,0,-1
5,music,3,0.0002272210861167,0.0,0.0,5,0.0005684057355928,10.780791267140549,NN,NN,0,music,0,0,0,0,1,0,1,1,0,0,1
5,musical,4,0.0003029614481557,0.5145731728297582,0.0001558958336225,7,0.0001439961196835,12.761682444192845,JJ,JJ,0,music,1,1,0,0,1,0,1,1,1,1,1
5,mystery,1,7.574036203893055e-05,2.321928094887362,0.0001758636745351,7,1.5157486282474914e-05,16.009609957636428,NN,NN,0,mysteri,0,1,0,0,0,0,0,0,1,0,0
5,nausea,1,7.574036203893055e-05,3.321928094887362,0.000251604036574,6,7.578743141237457e-06,17.009609957636428,NN,NN,0,nausea,0,0,1,0,0,1,0,0,0,0,-1
5,neglected,1,7.574036203893055e-05,1.7369655941662063,0.0001315584029513,9,2.2736229423712372e-05,15.424647456915272,VBN,VB,0,neglect,1,0,1,0,0,1,0,1,0,0,-1
5,negro,79,0.0059834886010755,0.0,0.0,5,0.0029557098250826,8.402279643886818,NNP,NN,0,negro,0,0,0,0,0,1,0,1,0,0,-1
5,noisy,1,7.574036203893055e-05,3.321928094887362,0.000251604036574,5,7.578743141237457e-06,17.009609957636428,JJ,JJ,0,noisi,1,0,0,0,0,1,0,0,0,0,-1
5,nurse,1,7.574036203893055e-05,1.0,7.574036203893055e-05,5,5.30512019886622e-05,14.202255035578824,NN,NN,0,nurs,0,0,0,0,0,0,1,0,0,1,1
5,obey,1,7.574036203893055e-05,1.7369655941662063,0.0001315584029513,4,2.2736229423712372e-05,15.424647456915272,IN,IN,0,obey,0,0,0,1,0,0,0,0,0,1,0
5,oblivion,1,7.574036203893055e-05,3.321928094887362,0.000251604036574,8,7.578743141237457e-06,17.009609957636428,NN,NN,0,oblivion,1,0,0,1,0,1,0,0,0,0,-1
5,offense,3,0.0002272210861167,2.321928094887362,0.0005275910236053,7,3.0314972564949827e-05,15.009609957636428,NN,NN,0,offens,1,0,1,1,0,1,0,1,0,0,-1
5,offensive,1,7.574036203893055e-05,2.321928094887362,0.0001758636745351,9,1.5157486282474914e-05,16.009609957636428,JJ,JJ,0,offens,1,0,1,0,0,1,0,0,0,0,-1
5,officer,4,0.0003029614481557,0.0,0.0,7,0.0002122048079546,12.202255035578824,NN,NN,0,offic,0,0,0,0,0,0,1,0,0,1,1
5,ominous,1,7.574036203893055e-05,3.321928094887362,0.000251604036574,7,7.578743141237457e-06,17.009609957636428,JJ,JJ,0,omin,0,1,0,1,0,1,0,0,0,0,-1
5,opera,2,0.0001514807240778,0.7369655941662062,0.0001116360818247,5,8.336617455361203e-05,13.550178338999132,NNP,NN,0,opera,1,1,0,1,1,0,1,1,1,1,1
5,operation,2,0.0001514807240778,0.15200309344505,2.3025538657130965e-05,9,0.0001667323491072,12.550178338999132,NN,NN,0,oper,0,0,0,1,0,0,0,0,0,1,0
5,opponent,1,7.574036203893055e-05,1.3219280948873624,0.0001001233124962,8,3.0314972564949827e-05,15.009609957636428,NN,NN,0,oppon,1,1,1,1,0,1,0,0,0,0,-1
5,orchestra,5,0.0003787018101946,1.0,0.0003787018101946,9,9.852366083608696e-05,13.309170239495336,NNP,NN,0,orchestra,1,0,0,0,1,0,1,1,0,1,1
5,ordained,2,0.0001514807240778,1.7369655941662063,0.0002631168059026,8,3.7893715706187286e-05,14.687681862749066,VBN,VB,0,ordain,0,0,0,0,0,0,1,0,0,1,1
5,ordeal,1,7.574036203893055e-05,1.7369655941662063,0.0001315584029513,6,3.7893715706187286e-05,14.687681862749066,NN,NN,0,ordeal,1,0,0,0,0,1,0,0,1,0,-1
5,organization,3,0.0002272210861167,0.5145731728297582,0.0001169218752169,12,0.0002197835510958,12.151628962508855,NN,NN,0,organ,0,1,0,0,1,0,1,0,1,1,1
5,outstanding,1,7.574036203893055e-05,0.5145731728297582,3.897395840564707e-05,11,6.0629945129899655e-05,14.009609957636428,JJ,JJ,0,outstand,0,0,0,0,1,1,1,0,0,0,0
5,panic,1,7.574036203893055e-05,3.321928094887362,0.000251604036574,5,7.578743141237457e-06,17.009609957636428,NNP,NN,0,panic,0,0,0,1,0,1,0,0,0,0,-1
5,passion,1,7.574036203893055e-05,1.7369655941662063,0.0001315584029513,7,2.2736229423712372e-05,15.424647456915272,NN,NN,0,passion,0,1,0,0,1,0,1,0,0,1,1
5,pastor,3,0.0002272210861167,0.3219280948873623,7.314885137181604e-05,6,0.0001591536059659,12.617292534857668,NN,NN,0,pastor,0,0,0,0,1,0,1,0,0,1,1
5,patience,3,0.0002272210861167,3.321928094887362,0.0007548121097221,8,2.2736229423712372e-05,15.424647456915272,NN,NN,0,patienc,0,1,0,0,0,0,1,0,0,1,1
5,pay,7,0.0005301825342725,0.0,0.0,3,0.0003031497256494,11.687681862749066,VB,VB,0,pay,0,1,0,0,1,0,1,0,0,1,1
5,perfect,1,7.574036203893055e-05,0.7369655941662062,5.581804091238402e-05,7,4.5472458847424745e-05,14.424647456915272,JJ,JJ,0,perfect,0,1,0,0,1,0,1,0,0,1,1
5,physician,2,0.0001514807240778,0.3219280948873623,4.876590091454402e-05,9,0.000128838633401,12.922147116386087,NN,NN,0,physician,0,0,0,0,0,0,1,0,0,1,1
5,picket,1,7.574036203893055e-05,1.0,7.574036203893055e-05,6,3.7893715706187286e-05,14.687681862749066,NN,NN,0,picket,1,1,0,1,0,1,0,0,0,0,-1
5,picketing,1,7.574036203893055e-05,1.3219280948873624,0.0001001233124962,9,3.0314972564949827e-05,15.009609957636428,VBG,NN,0,picket,1,0,0,0,0,1,0,0,0,0,-1
5,pill,1,7.574036203893055e-05,2.321928094887362,0.0001758636745351,4,1.5157486282474914e-05,16.009609957636428,NN,NN,0,pill,0,0,0,0,0,0,1,0,0,1,1
5,pilot,1,7.574036203893055e-05,2.321928094887362,0.0001758636745351,5,1.5157486282474914e-05,16.009609957636428,NN,NN,0,pilot,0,0,0,0,0,0,1,0,0,1,1
5,pine,1,7.574036203893055e-05,2.321928094887362,0.0001758636745351,4,3.0314972564949827e-05,15.009609957636428,NNP,NN,0,pine,0,0,0,0,0,1,0,1,0,0,-1
5,planning,1,7.574036203893055e-05,0.3219280948873623,2.438295045727201e-05,8,8.336617455361203e-05,13.550178338999132,VBG,VB,0,plan,0,1,0,0,0,0,1,0,0,1,1
5,poison,3,0.0002272210861167,1.7369655941662063,0.0003946752088539,6,6.0629945129899655e-05,14.009609957636428,NN,NN,0,poison,1,0,1,1,0,1,0,1,0,0,-1
5,police,17,0.0012875861546618,0.0,0.0,6,0.0011368114711856,9.780791267140549,NN,NN,0,polic,0,0,0,1,0,0,1,0,0,1,1
5,policeman,3,0.0002272210861167,0.7369655941662062,0.0001674541227371,9,8.336617455361203e-05,13.550178338999132,NN,NN,0,policeman,0,0,0,1,0,0,1,0,0,1,1
5,pop,1,7.574036203893055e-05,1.7369655941662063,0.0001315584029513,3,3.7893715706187286e-05,14.687681862749066,NN,NN,0,pop,0,0,0,0,0,1,0,0,1,0,-1
5,possess,3,0.0002272210861167,3.321928094887362,0.0007548121097221,7,2.2736229423712372e-05,15.424647456915272,VB,VB,0,possess,0,1,0,0,1,0,1,0,0,1,1
5,possession,1,7.574036203893055e-05,0.7369655941662062,5.581804091238402e-05,10,6.0629945129899655e-05,14.009609957636428,NN,NN,0,possess,1,0,1,1,0,1,0,0,0,0,-1
5,pound,1,7.574036203893055e-05,0.15200309344505,1.1512769328565482e-05,5,0.0001136811471185,13.10271936202791,NN,NN,0,pound,1,0,0,0,0,1,0,0,0,0,-1
5,poverty,1,7.574036203893055e-05,3.321928094887362,0.000251604036574,7,7.578743141237457e-06,17.009609957636428,NN,NN,0,poverti,1,0,1,1,0,1,0,1,0,0,-1
5,powerful,2,0.0001514807240778,0.5145731728297582,7.794791681129414e-05,8,8.336617455361203e-05,13.550178338999132,JJ,JJ,0,power,1,1,1,1,1,0,1,0,0,1,1
5,prank,1,7.574036203893055e-05,2.321928094887362,0.0001758636745351,5,1.5157486282474914e-05,16.009609957636428,NN,NN,0,prank,0,0,0,0,0,1,0,0,1,0,-1
5,prejudice,3,0.0002272210861167,0.7369655941662062,0.0001674541227371,9,6.0629945129899655e-05,14.009609957636428,NN,NN,0,prejudic,1,0,0,0,0,1,0,0,0,0,-1
5,prepared,1,7.574036203893055e-05,0.5145731728297582,3.897395840564707e-05,8,6.820868827113711e-05,13.839684956194116,VBN,VB,0,prepar,0,1,0,0,0,0,1,0,0,1,1
5,present,2,0.0001514807240778,0.15200309344505,2.3025538657130965e-05,7,0.0001591536059659,12.617292534857668,JJ,JJ,0,present,0,1,0,0,1,0,1,0,1,1,1
5,president,13,0.000984624706506,0.0,0.0,9,0.0017961621244732,9.12086670873817,NNP,NN,0,presid,0,0,0,0,0,0,1,0,0,1,1
5,presto,1,7.574036203893055e-05,3.321928094887362,0.000251604036574,6,7.578743141237457e-06,17.009609957636428,VB,VB,0,presto,0,0,0,0,1,0,1,0,1,0,1
5,pretty,1,7.574036203893055e-05,0.3219280948873623,2.438295045727201e-05,6,0.0001136811471185,13.10271936202791,RB,RB,0,pretti,0,1,0,0,1,0,1,0,0,1,1
5,priesthood,1,7.574036203893055e-05,1.7369655941662063,0.0001315584029513,10,3.0314972564949827e-05,15.009609957636428,NN,NN,0,priesthood,0,1,0,0,1,0,1,1,0,1,1
5,prison,4,0.0003029614481557,0.3219280948873623,9.753180182908804e-05,6,0.0002046260648134,12.25472245547296,NN,NN,0,prison,1,0,0,1,0,1,0,1,0,0,-1
5,problem,2,0.0001514807240778,0.15200309344505,2.3025538657130965e-05,7,0.0002273622942371,12.10271936202791,NN,NN,0,problem,0,0,0,1,0,1,0,1,0,0,-1
5,professional,1,7.574036203893055e-05,0.0,0.0,12,0.0001439961196835,12.761682444192845,JJ,JJ,0,profession,0,0,0,0,0,0,1,0,0,1,1
5,professor,1,7.574036203893055e-05,0.15200309344505,1.1512769328565482e-05,9,0.0001818898353896,12.424647456915272,NN,NN,0,professor,0,0,0,0,0,0,1,0,0,1,1
5,progress,1,7.574036203893055e-05,0.5145731728297582,3.897395840564707e-05,8,0.000128838633401,12.922147116386087,NNP,NN,0,progress,0,1,0,0,1,0,1,0,0,0,1
5,proud,2,0.0001514807240778,0.5145731728297582,7.794791681129414e-05,5,9.852366083608696e-05,13.309170239495336,JJ,JJ,0,proud,0,1,0,0,1,0,1,0,0,1,1
5,public,9,0.0006816632583503,0.0,0.0,6,0.0005835632218752,10.742823416941526,JJ,JJ,0,public,0,1,0,0,0,0,1,0,0,0,1
5,punishment,1,7.574036203893055e-05,2.321928094887362,0.0001758636745351,10,1.5157486282474914e-05,16.009609957636428,NN,NN,0,punish,1,0,1,1,0,1,0,0,0,0,-1
5,purely,3,0.0002272210861167,3.321928094887362,0.0007548121097221,6,2.2736229423712372e-05,15.424647456915272,RB,RB,0,pure,0,0,0,0,0,0,1,0,0,1,1
5,qualified,1,7.574036203893055e-05,1.0,7.574036203893055e-05,9,3.7893715706187286e-05,14.687681862749066,JJ,JJ,0,qualifi,0,0,0,0,0,0,1,0,0,1,1
5,quest,1,7.574036203893055e-05,3.321928094887362,0.000251604036574,5,7.578743141237457e-06,17.009609957636428,JJS,JJ,0,quest,0,1,0,0,0,0,1,0,0,0,1
5,raffle,1,7.574036203893055e-05,3.321928094887362,0.000251604036574,6,7.578743141237457e-06,17.009609957636428,NN,NN,0,raffl,0,1,0,0,0,0,0,0,1,0,0
5,rape,2,0.0001514807240778,1.7369655941662063,0.0002631168059026,4,6.820868827113711e-05,13.839684956194116,NNP,NN,0,rape,1,0,1,1,0,1,0,1,0,0,-1
5,real,2,0.0001514807240778,0.0,0.0,4,0.0003107284687907,11.652057953018344,JJ,JJ,0,real,0,0,0,0,0,0,1,0,0,1,1
5,recreation,1,7.574036203893055e-05,0.5145731728297582,3.897395840564707e-05,10,5.30512019886622e-05,14.202255035578824,NN,NN,0,recreat,0,1,0,0,1,0,1,0,0,0,1
5,refused,3,0.0002272210861167,0.0,0.0,7,0.0002500985236608,11.965215838277976,VBD,VB,0,refus,0,0,0,0,0,1,0,1,0,0,-1
5,rescue,1,7.574036203893055e-05,2.321928094887362,0.0001758636745351,6,1.5157486282474914e-05,16.009609957636428,NN,NN,0,rescu,0,1,0,0,1,0,1,0,1,1,1
5,resign,1,7.574036203893055e-05,1.3219280948873624,0.0001001233124962,6,3.0314972564949827e-05,15.009609957636428,VB,VB,0,resign,1,0,1,1,0,1,0,1,0,0,-1
5,resignation,1,7.574036203893055e-05,1.3219280948873624,0.0001001233124962,11,6.0629945129899655e-05,14.009609957636428,NN,NN,0,resign,0,0,0,0,0,1,0,1,1,0,-1
5,resigned,1,7.574036203893055e-05,0.5145731728297582,3.897395840564707e-05,8,6.820868827113711e-05,13.839684956194116,VBD,VB,0,resign,0,0,0,0,0,1,0,1,0,0,-1
5,respectable,1,7.574036203893055e-05,2.321928094887362,0.0001758636745351,11,1.5157486282474914e-05,16.009609957636428,JJ,JJ,0,respect,0,0,0,0,0,0,1,0,0,1,1
5,revolution,2,0.0001514807240778,1.3219280948873624,0.0002002466249924,10,5.30512019886622e-05,14.202255035578824,NN,NN,0,revolut,1,1,0,1,0,1,1,1,1,0,0
5,riot,3,0.0002272210861167,1.7369655941662063,0.0003946752088539,4,6.820868827113711e-05,13.839684956194116,NN,NN,0,riot,1,0,0,1,0,1,0,0,0,0,-1
5,rob,1,7.574036203893055e-05,2.321928094887362,0.0001758636745351,3,1.5157486282474914e-05,16.009609957636428,VB,VB,0,rob,1,0,1,1,0,1,0,1,0,0,-1
5,ruthless,1,7.574036203893055e-05,3.321928094887362,0.000251604036574,8,7.578743141237457e-06,17.009609957636428,JJ,JJ,0,ruthless,1,0,1,1,0,1,0,0,0,0,-1
5,salary,1,7.574036203893055e-05,1.0,7.574036203893055e-05,6,4.5472458847424745e-05,14.424647456915272,JJ,JJ,0,salari,0,1,0,0,1,0,1,0,0,1,1
5,savage,1,7.574036203893055e-05,2.321928094887362,0.0001758636745351,6,1.5157486282474914e-05,16.009609957636428,NN,NN,0,savag,1,0,0,1,0,1,0,0,0,0,-1
5,save,1,7.574036203893055e-05,0.5145731728297582,3.897395840564707e-05,4,8.336617455361203e-05,13.550178338999132,VB,VB,0,save,0,0,0,0,1,0,1,0,0,1,1
5,scapegoat,2,0.0001514807240778,2.321928094887362,0.0003517273490702,9,2.2736229423712372e-05,15.424647456915272,NN,NN,0,scapegoat,1,0,0,1,0,1,0,0,0,0,-1
5,scarce,1,7.574036203893055e-05,2.321928094887362,0.0001758636745351,6,1.5157486282474914e-05,16.009609957636428,NN,NN,0,scarc,0,0,0,1,0,1,0,1,0,0,-1
5,score,5,0.0003787018101946,1.3219280948873624,0.000500616562481,5,6.0629945129899655e-05,14.009609957636428,VB,VB,0,score,0,1,0,0,1,0,1,0,1,0,1
5,sentence,2,0.0001514807240778,0.0,0.0,8,0.0001591536059659,12.617292534857668,NN,NN,0,sentenc,1,1,1,1,0,1,0,1,0,0,-1
5,serve,1,7.574036203893055e-05,0.7369655941662062,5.581804091238402e-05,5,0.0001212598902597,13.009609957636428,VB,VB,0,serv,0,0,0,0,0,1,0,0,0,1,-1
5,sex,1,7.574036203893055e-05,0.3219280948873623,2.438295045727201e-05,3,0.0001970473216721,12.309170239495336,NN,NN,0,sex,0,1,0,0,1,0,1,0,0,1,1
5,shack,2,0.0001514807240778,2.321928094887362,0.0003517273490702,5,2.2736229423712372e-05,15.424647456915272,NN,NN,0,shack,0,0,1,0,0,1,0,1,0,0,-1
5,share,2,0.0001514807240778,0.3219280948873623,4.876590091454402e-05,5,0.0001743110922484,12.486048001579416,NN,NN,0,share,0,1,0,0,1,0,1,0,0,1,1
5,shooting,1,7.574036203893055e-05,0.7369655941662062,5.581804091238402e-05,8,8.336617455361203e-05,13.550178338999132,NN,NN,0,shoot,1,0,0,1,0,1,0,0,0,0,-1
5,shot,1,7.574036203893055e-05,0.7369655941662062,5.581804091238402e-05,4,0.0001818898353896,12.424647456915272,VBD,VB,0,shot,1,0,0,1,0,1,0,1,1,0,-1
5,sing,6,0.0004544421722335,0.5145731728297582,0.0002338437504338,4,0.0001212598902597,13.009609957636428,VBG,VB,0,sing,0,1,0,0,1,0,1,1,0,1,1
5,slip,3,0.0002272210861167,1.0,0.0002272210861167,4,6.0629945129899655e-05,14.009609957636428,NN,NN,0,slip,0,0,0,0,0,1,0,0,1,0,-1
5,soil,1,7.574036203893055e-05,3.321928094887362,0.000251604036574,4,7.578743141237457e-06,17.009609957636428,NN,NN,0,soil,0,0,1,0,0,1,0,0,0,0,-1
5,soldier,1,7.574036203893055e-05,2.321928094887362,0.0001758636745351,7,1.5157486282474914e-05,16.009609957636428,NN,NN,0,soldier,1,0,0,0,0,0,1,1,0,0,1
5,special,1,7.574036203893055e-05,0.15200309344505,1.1512769328565482e-05,7,0.0003562009276381,11.45502110595879,JJ,JJ,0,special,0,0,0,0,1,0,1,0,0,0,1
5,spotless,1,7.574036203893055e-05,2.321928094887362,0.0001758636745351,8,1.5157486282474914e-05,16.009609957636428,JJ,JJ,0,spotless,0,0,0,0,0,0,1,0,0,1,1
5,spouse,1,7.574036203893055e-05,2.321928094887362,0.0001758636745351,6,2.2736229423712372e-05,15.424647456915272,NN,NN,0,spous,0,0,0,0,1,0,1,0,0,1,1
5,star,17,0.0012875861546618,0.15200309344505,0.0001957170785856,4,0.0005229332767453,10.90108550085826,NN,NN,0,star,0,1,0,0,1,0,1,0,0,1,1
5,statement,3,0.0002272210861167,0.5145731728297582,0.0001169218752169,9,7.578743141237457e-05,13.687681862749066,NN,NN,0,statement,0,0,0,0,0,0,1,0,0,1,1
5,steal,1,7.574036203893055e-05,3.321928094887362,0.000251604036574,5,7.578743141237457e-06,17.009609957636428,NN,NN,0,steal,1,0,0,1,0,1,0,1,0,0,-1
5,stillborn,1,7.574036203893055e-05,3.321928094887362,0.000251604036574,9,7.578743141237457e-06,17.009609957636428,VBN,VB,0,stillborn,0,0,0,0,0,1,0,1,0,0,-1
5,store,3,0.0002272210861167,0.15200309344505,3.453830798569645e-05,5,0.0002273622942371,12.10271936202791,NN,NN,0,store,0,1,0,0,0,0,1,0,0,0,1
5,storm,1,7.574036203893055e-05,2.321928094887362,0.0001758636745351,5,1.5157486282474914e-05,16.009609957636428,NN,NN,0,storm,1,0,0,0,0,1,0,0,0,0,-1
5,stormy,1,7.574036203893055e-05,3.321928094887362,0.000251604036574,6,7.578743141237457e-06,17.009609957636428,NNP,NN,0,stormi,0,0,0,1,0,1,0,0,0,0,-1
5,subversive,1,7.574036203893055e-05,3.321928094887362,0.000251604036574,10,7.578743141237457e-06,17.009609957636428,NN,NN,0,subvers,1,0,0,0,0,1,0,0,1,0,-1
5,succeeding,1,7.574036203893055e-05,2.321928094887362,0.0001758636745351,10,1.5157486282474914e-05,16.009609957636428,VBG,VB,0,succeed,0,1,0,0,1,0,1,0,0,1,1
5,success,2,0.0001514807240778,0.3219280948873623,4.876590091454402e-05,7,0.000128838633401,12.922147116386087,NN,NN,0,success,0,1,0,0,1,0,1,0,0,0,1
5,suffering,2,0.0001514807240778,0.7369655941662062,0.0001116360818247,9,5.30512019886622e-05,14.202255035578824,VBG,VB,0,suffer,0,0,1,1,0,1,0,1,0,0,-1
5,suicide,10,0.0007574036203893,1.3219280948873624,0.001001233124962,7,0.000128838633401,12.922147116386087,NN,NN,0,suicid,1,0,0,1,0,1,0,1,0,0,-1
5,surprise,2,0.0001514807240778,0.5145731728297582,7.794791681129414e-05,8,0.0001136811471185,13.10271936202791,NN,NN,0,surpris,0,0,0,1,1,0,1,0,1,0,1
5,suspicion,1,7.574036203893055e-05,2.321928094887362,0.0001758636745351,9,1.5157486282474914e-05,16.009609957636428,NN,NN,0,suspicion,0,0,0,1,0,1,0,0,0,0,-1
5,sympathy,1,7.574036203893055e-05,1.7369655941662063,0.0001315584029513,8,2.2736229423712372e-05,15.424647456915272,NN,NN,0,sympathi,0,0,0,0,0,0,1,1,0,0,1
5,symphony,2,0.0001514807240778,2.321928094887362,0.0003517273490702,8,2.2736229423712372e-05,15.424647456915272,NNP,NN,0,symphoni,0,1,0,0,1,0,1,0,0,0,1
5,tackle,1,7.574036203893055e-05,2.321928094887362,0.0001758636745351,6,2.2736229423712372e-05,15.424647456915272,NN,NN,0,tackl,1,0,0,0,0,0,0,0,1,0,0
5,tax,7,0.0005301825342725,0.5145731728297582,0.0002728177088395,3,0.0002046260648134,12.25472245547296,NN,NN,0,tax,0,0,0,0,0,1,0,1,0,0,-1
5,teacher,1,7.574036203893055e-05,0.15200309344505,1.1512769328565482e-05,7,0.0001894685785309,12.365753767861705,NN,NN,0,teacher,0,0,0,0,0,0,1,0,0,1,1
5,terrible,1,7.574036203893055e-05,1.7369655941662063,0.0001315584029513,8,2.2736229423712372e-05,15.424647456915272,JJ,JJ,0,terribl,1,0,1,1,0,1,0,1,0,0,-1
5,thanksgiving,1,7.574036203893055e-05,2.321928094887362,0.0001758636745351,12,1.5157486282474914e-05,16.009609957636428,NNP,NN,0,thanksgiv,0,0,0,0,1,0,1,0,0,0,1
5,thief,1,7.574036203893055e-05,1.7369655941662063,0.0001315584029513,5,3.0314972564949827e-05,15.009609957636428,NN,NN,0,thief,1,0,1,1,0,1,0,1,1,0,-1
5,threat,2,0.0001514807240778,1.0,0.0001514807240778,6,6.820868827113711e-05,13.839684956194116,NN,NN,0,threat,1,0,0,1,0,1,0,0,0,0,-1
5,tiff,1,7.574036203893055e-05,3.321928094887362,0.000251604036574,4,7.578743141237457e-06,17.009609957636428,NN,NN,0,tiff,1,0,0,0,0,1,0,0,0,0,-1
5,title,3,0.0002272210861167,0.0,0.0,5,0.000287992239367,11.761682444192845,NN,NN,0,titl,0,0,0,0,0,0,1,0,0,1,1
5,toast,1,7.574036203893055e-05,2.321928094887362,0.0001758636745351,5,1.5157486282474914e-05,16.009609957636428,NN,NN,0,toast,0,0,0,0,1,0,1,0,0,0,1
5,top,8,0.0006059228963114,0.0,0.0,3,0.0005684057355928,10.780791267140549,JJ,JJ,0,top,0,1,0,0,0,0,1,0,0,1,1
5,tragedy,1,7.574036203893055e-05,1.7369655941662063,0.0001315584029513,7,2.2736229423712372e-05,15.424647456915272,NN,NN,0,tragedi,0,0,0,1,0,1,0,1,0,0,-1
5,treason,1,7.574036203893055e-05,2.321928094887362,0.0001758636745351,7,1.5157486282474914e-05,16.009609957636428,NN,NN,0,treason,1,0,1,1,0,1,0,0,1,0,-1
5,tree,3,0.0002272210861167,1.3219280948873624,0.0003003699374886,4,5.30512019886622e-05,14.202255035578824,NN,NN,0,tree,1,1,1,0,1,0,1,0,1,1,1
5,true,1,7.574036203893055e-05,0.3219280948873623,2.438295045727201e-05,4,0.0001136811471185,13.10271936202791,JJ,JJ,0,true,0,0,0,0,1,0,1,0,0,1,1
5,unable,1,7.574036203893055e-05,1.0,7.574036203893055e-05,6,6.0629945129899655e-05,14.009609957636428,JJ,JJ,0,unabl,0,0,0,0,0,1,0,1,0,0,-1
5,uneasiness,1,7.574036203893055e-05,2.321928094887362,0.0001758636745351,10,1.5157486282474914e-05,16.009609957636428,NN,NN,0,uneasi,0,1,0,0,0,1,0,1,0,0,-1
5,united,9,0.0006816632583503,0.0,0.0,6,0.0003334646982144,11.550178338999132,NNP,NN,0,unit,0,0,0,0,0,0,1,0,0,1,1
5,university,5,0.0003787018101946,0.0,0.0,10,0.0010761815260557,9.859862838131749,NNP,NN,0,univers,0,1,0,0,0,0,1,0,0,0,1
5,unnatural,1,7.574036203893055e-05,3.321928094887362,0.000251604036574,9,7.578743141237457e-06,17.009609957636428,JJ,JJ,0,unnatur,0,0,1,1,0,1,0,0,0,0,-1
5,unpredictable,1,7.574036203893055e-05,3.321928094887362,0.000251604036574,13,7.578743141237457e-06,17.009609957636428,JJ,JJ,0,unpredict,0,0,0,0,0,1,0,0,1,0,-1
5,unrest,1,7.574036203893055e-05,1.7369655941662063,0.0001315584029513,6,2.2736229423712372e-05,15.424647456915272,NN,NN,0,unrest,0,0,0,1,0,0,0,1,0,0,0
5,unwelcome,1,7.574036203893055e-05,3.321928094887362,0.000251604036574,9,7.578743141237457e-06,17.009609957636428,JJ,JJ,0,unwelcom,0,0,0,0,0,1,0,1,0,0,-1
5,upset,1,7.574036203893055e-05,0.7369655941662062,5.581804091238402e-05,5,6.0629945129899655e-05,14.009609957636428,JJ,JJ,0,upset,1,0,0,0,0,1,0,1,0,0,-1
5,veteran,2,0.0001514807240778,0.15200309344505,2.3025538657130965e-05,7,0.0001136811471185,13.10271936202791,NN,NN,0,veteran,0,0,0,0,0,0,1,0,0,1,1
5,victim,1,7.574036203893055e-05,0.7369655941662062,5.581804091238402e-05,6,9.094491769484948e-05,13.424647456915272,NN,NN,0,victim,1,0,0,1,0,1,0,1,0,0,-1
5,victory,2,0.0001514807240778,0.7369655941662062,0.0001116360818247,7,7.578743141237457e-05,13.687681862749066,NN,NN,0,victori,0,1,0,0,1,0,1,0,0,1,1
5,violation,2,0.0001514807240778,1.3219280948873624,0.0002002466249924,9,3.7893715706187286e-05,14.687681862749066,NN,NN,0,violat,1,0,0,1,0,1,0,1,1,0,-1
5,violence,1,7.574036203893055e-05,1.0,7.574036203893055e-05,8,9.094491769484948e-05,13.424647456915272,NN,NN,0,violenc,1,0,0,1,0,1,0,1,0,0,-1
5,virtue,1,7.574036203893055e-05,2.321928094887362,0.0001758636745351,6,1.5157486282474914e-05,16.009609957636428,NN,NN,0,virtu,0,0,0,0,0,0,1,0,0,1,1
5,vivacious,1,7.574036203893055e-05,3.321928094887362,0.000251604036574,9,7.578743141237457e-06,17.009609957636428,JJ,JJ,0,vivaci,0,0,0,0,1,0,1,0,0,0,1
5,wait,1,7.574036203893055e-05,1.3219280948873624,0.0001001233124962,4,3.0314972564949827e-05,15.009609957636428,NN,NN,0,wait,0,1,0,0,0,1,0,0,0,0,-1
5,war,5,0.0003787018101946,0.15200309344505,5.756384664282741e-05,3,0.0001591536059659,12.617292534857668,NNP,NN,0,war,0,0,0,1,0,1,0,0,0,0,-1
5,warned,3,0.0002272210861167,0.5145731728297582,0.0001169218752169,6,8.336617455361203e-05,13.550178338999132,VBD,VB,0,warn,0,1,0,1,0,0,0,0,1,0,0
5,waste,1,7.574036203893055e-05,1.7369655941662063,0.0001315584029513,5,2.2736229423712372e-05,15.424647456915272,VB,VB,0,wast,0,0,1,0,0,1,0,0,0,0,-1
5,watch,2,0.0001514807240778,0.15200309344505,2.3025538657130965e-05,5,0.0001364173765422,12.839684956194116,NN,NN,0,watch,0,1,0,1,0,0,0,0,0,0,0
5,wear,3,0.0002272210861167,0.3219280948873623,7.314885137181604e-05,4,0.0001136811471185,13.10271936202791,VB,VB,0,wear,0,0,0,0,0,1,0,0,0,1,-1
5,weight,3,0.0002272210861167,1.0,0.0002272210861167,6,7.578743141237457e-05,13.687681862749066,NN,NN,0,weight,0,1,1,1,1,1,1,1,1,1,0
5,white,33,0.0024994319472847,0.0,0.0,5,0.0022054142541001,8.824734614728145,JJ,JJ,0,white,0,1,0,0,1,0,1,0,0,1,1
5,winner,1,7.574036203893055e-05,0.5145731728297582,3.897395840564707e-05,6,0.0001136811471185,13.10271936202791,NN,NN,0,winner,0,1,0,0,1,0,1,0,1,0,1
5,wonderful,1,7.574036203893055e-05,0.7369655941662062,5.581804091238402e-05,9,6.820868827113711e-05,13.839684956194116,JJ,JJ,0,wonder,0,0,0,0,1,0,1,0,1,1,1
5,wonderfully,1,7.574036203893055e-05,3.321928094887362,0.000251604036574,11,7.578743141237457e-06,17.009609957636428,RB,RB,0,wonder,0,0,0,0,1,0,1,0,1,0,1
5,word,3,0.0002272210861167,0.3219280948873623,7.314885137181604e-05,4,0.0001061024039773,13.202255035578824,NN,NN,0,word,0,0,0,0,0,0,1,0,0,1,1
5,words,3,0.0002272210861167,0.0,0.0,5,0.0001970473216721,12.309170239495336,NNS,NN,0,word,1,0,0,0,0,1,0,0,0,0,-1
5,worn,1,7.574036203893055e-05,1.0,7.574036203893055e-05,4,3.7893715706187286e-05,14.687681862749066,VBN,VB,0,worn,0,0,0,0,0,1,0,1,0,0,-1
5,worried,1,7.574036203893055e-05,2.321928094887362,0.0001758636745351,7,1.5157486282474914e-05,16.009609957636428,VBD,VB,0,worri,0,0,0,0,0,1,0,1,0,0,-1
5,worry,1,7.574036203893055e-05,1.7369655941662063,0.0001315584029513,5,2.2736229423712372e-05,15.424647456915272,NN,NN,0,worri,0,1,0,1,0,1,0,1,0,0,-1
5,wreck,1,7.574036203893055e-05,3.321928094887362,0.000251604036574,5,7.578743141237457e-06,17.009609957636428,NNP,NN,0,wreck,1,0,1,1,0,1,0,1,1,0,-1
5,young,6,0.0004544421722335,0.0,0.0,5,0.0006441931670051,10.600219021498727,JJ,JJ,0,young,0,1,0,0,1,0,1,0,1,0,1
5,youth,2,0.0001514807240778,0.15200309344505,2.3025538657130965e-05,5,0.0002122048079546,12.202255035578824,NN,NN,0,youth,1,1,0,1,1,0,1,0,1,0,1
6,absence,1,8.09192425958893e-05,1.0,8.09192425958893e-05,7,4.5472458847424745e-05,14.424647456915272,NN,NN,0,absenc,0,0,0,1,0,1,0,1,0,0,-1
6,accident,3,0.0002427577277876,0.7369655941662062,0.0001789040930974,8,9.852366083608696e-05,13.309170239495336,NN,NN,0,accid,0,0,0,1,0,1,0,1,1,0,-1
6,accurate,1,8.09192425958893e-05,0.0,0.0,8,0.0001818898353896,12.424647456915272,JJ,JJ,0,accur,0,0,0,0,0,0,1,0,0,1,1
6,accused,1,8.09192425958893e-05,0.15200309344505,1.2299975193805637e-05,7,0.0001818898353896,12.424647456915272,VBN,VB,0,accus,1,0,0,1,0,1,0,0,0,0,-1
6,advance,2,0.0001618384851917,1.7369655941662063,0.00028110788059,7,4.5472458847424745e-05,14.424647456915272,NN,NN,0,advanc,0,1,0,1,1,0,1,0,1,0,1
6,aggressive,1,8.09192425958893e-05,1.7369655941662063,0.000140553940295,10,2.2736229423712372e-05,15.424647456915272,JJ,JJ,0,aggress,1,0,0,1,0,1,0,0,0,0,-1
6,agreed,1,8.09192425958893e-05,0.5145731728297582,4.163887140554768e-05,6,9.094491769484948e-05,13.424647456915272,VBD,VB,0,agre,0,0,0,0,0,0,1,0,0,1,1
6,agreement,1,8.09192425958893e-05,0.3219280948873623,2.6050177608622945e-05,9,7.578743141237457e-05,13.687681862749066,NN,NN,0,agreement,0,0,0,0,0,0,1,0,0,1,1
6,ailing,1,8.09192425958893e-05,2.321928094887362,0.0001878886628004,6,1.5157486282474914e-05,16.009609957636428,VBG,VB,0,ail,0,0,0,1,0,1,0,1,0,0,-1
6,alarm,3,0.0002427577277876,1.7369655941662063,0.0004216618208851,5,3.7893715706187286e-05,14.687681862749066,NN,NN,0,alarm,0,0,0,1,0,1,0,0,1,0,-1
6,alienation,2,0.0001618384851917,3.321928094887362,0.0005376158107925,10,1.5157486282474914e-05,16.009609957636428,NN,NN,0,alien,1,0,1,1,0,1,0,1,0,0,-1
6,amazingly,1,8.09192425958893e-05,3.321928094887362,0.0002688079053962,9,7.578743141237457e-06,17.009609957636428,RB,RB,0,amazingli,0,0,0,0,1,0,1,0,1,0,1
6,ambassador,1,8.09192425958893e-05,0.7369655941662062,5.9634697699158944e-05,10,0.0001061024039773,13.202255035578824,NN,NN,0,ambassador,0,0,0,0,0,0,1,0,0,1,1
6,ambulance,1,8.09192425958893e-05,2.321928094887362,0.0001878886628004,9,1.5157486282474914e-05,16.009609957636428,NN,NN,0,ambul,0,0,0,1,0,0,0,0,0,1,0
6,analyst,1,8.09192425958893e-05,3.321928094887362,0.0002688079053962,7,7.578743141237457e-06,17.009609957636428,NN,NN,0,analyst,0,1,0,0,0,0,1,0,0,1,1
6,angel,1,8.09192425958893e-05,1.7369655941662063,0.000140553940295,5,2.2736229423712372e-05,15.424647456915272,NN,NN,0,angel,0,1,0,0,1,0,1,0,1,1,1
6,antiseptic,1,8.09192425958893e-05,1.7369655941662063,0.000140553940295,10,2.2736229423712372e-05,15.424647456915272,JJ,JJ,0,antisept,0,0,0,0,0,0,1,0,0,1,1
6,art,4,0.0003236769703835,0.0,0.0,3,0.0002804134962257,11.80015659200748,NNP,NN,0,art,0,1,0,0,1,0,1,1,1,0,1
6,aspire,1,8.09192425958893e-05,3.321928094887362,0.0002688079053962,6,7.578743141237457e-06,17.009609957636428,VB,VB,0,aspir,0,1,0,0,1,0,1,0,0,0,1
6,assault,1,8.09192425958893e-05,1.0,8.09192425958893e-05,7,4.5472458847424745e-05,14.424647456915272,NN,NN,0,assault,1,0,0,1,0,1,0,0,0,0,-1
6,assist,2,0.0001618384851917,1.7369655941662063,0.00028110788059,6,3.7893715706187286e-05,14.687681862749066,VB,VB,0,assist,0,0,0,0,0,0,1,0,0,1,1
6,associate,1,8.09192425958893e-05,0.15200309344505,1.2299975193805637e-05,9,0.0001894685785309,12.365753767861705,NNP,NN,0,associ,0,0,0,0,0,0,1,0,0,1,1
6,attack,4,0.0003236769703835,0.15200309344505,4.919990077522255e-05,6,0.0002046260648134,12.25472245547296,NN,NN,0,attack,1,0,0,1,0,1,0,0,0,0,-1
6,attorney,4,0.0003236769703835,0.0,0.0,8,0.0002500985236608,11.965215838277976,NN,NN,0,attorney,1,0,0,1,0,0,1,0,0,1,1
6,auditor,3,0.0002427577277876,2.321928094887362,0.0005636659884012,7,3.0314972564949827e-05,15.009609957636428,NN,NN,0,auditor,0,0,0,1,0,0,0,0,0,1,0
6,aunt,1,8.09192425958893e-05,2.321928094887362,0.0001878886628004,4,2.2736229423712372e-05,15.424647456915272,NN,NN,0,aunt,0,0,0,0,0,0,1,0,0,1,1
6,author,1,8.09192425958893e-05,0.3219280948873623,2.6050177608622945e-05,6,0.0001061024039773,13.202255035578824,NN,NN,0,author,0,0,0,0,0,0,1,0,0,1,1
6,authoritative,1,8.09192425958893e-05,3.321928094887362,0.0002688079053962,13,7.578743141237457e-06,17.009609957636428,JJ,JJ,0,authorit,0,0,0,0,0,0,1,0,0,1,1
6,authority,2,0.0001618384851917,1.7369655941662063,0.00028110788059,9,4.5472458847424745e-05,14.424647456915272,NNP,NN,0,author,0,0,0,0,0,0,1,0,0,1,1
6,award,5,0.0004045962129794,0.0,0.0,5,0.0002273622942371,12.10271936202791,NN,NN,0,award,0,1,0,0,1,0,1,0,1,1,1
6,baby,1,8.09192425958893e-05,0.3219280948873623,2.6050177608622945e-05,4,0.0003637796707793,11.424647456915272,NN,NN,0,babi,0,0,0,0,1,0,1,0,0,0,1
6,bad,1,8.09192425958893e-05,0.0,0.0,3,0.0001743110922484,12.486048001579416,JJ,JJ,0,bad,1,0,1,1,0,1,0,1,0,0,-1
6,ballot,1,8.09192425958893e-05,3.321928094887362,0.0002688079053962,6,7.578743141237457e-06,17.009609957636428,NN,NN,0,ballot,0,1,0,0,0,0,1,0,0,1,1
6,banquet,1,8.09192425958893e-05,0.7369655941662062,5.9634697699158944e-05,7,5.30512019886622e-05,14.202255035578824,NN,NN,0,banquet,0,1,0,0,1,0,1,0,0,0,1
6,barren,1,8.09192425958893e-05,3.321928094887362,0.0002688079053962,6,7.578743141237457e-06,17.009609957636428,JJ,JJ,0,barren,0,0,0,0,0,1,0,1,0,0,-1
6,basketball,1,8.09192425958893e-05,0.5145731728297582,4.163887140554768e-05,10,7.578743141237457e-05,13.687681862749066,NN,NN,0,basketbal,0,1,0,0,1,0,1,0,0,0,1
6,batter,1,8.09192425958893e-05,3.321928094887362,0.0002688079053962,6,7.578743141237457e-06,17.009609957636428,NN,NN,0,batter,1,0,0,1,0,1,0,0,0,0,-1
6,battle,2,0.0001618384851917,0.0,0.0,6,0.0001743110922484,12.486048001579416,NN,NN,0,battl,1,0,0,0,0,1,0,0,0,0,-1
6,beam,1,8.09192425958893e-05,3.321928094887362,0.0002688079053962,4,7.578743141237457e-06,17.009609957636428,VBP,VB,0,beam,0,0,0,0,1,0,1,0,0,0,1
6,beating,1,8.09192425958893e-05,0.5145731728297582,4.163887140554768e-05,7,9.852366083608696e-05,13.309170239495336,NN,NN,0,beat,1,0,0,1,0,1,0,1,0,0,-1
6,beautiful,1,8.09192425958893e-05,0.5145731728297582,4.163887140554768e-05,9,0.0001591536059659,12.617292534857668,JJ,JJ,0,beauti,0,0,0,0,1,0,1,0,0,0,1
6,beauty,3,0.0002427577277876,0.15200309344505,3.689992558141691e-05,6,0.0001591536059659,12.617292534857668,NN,NN,0,beauti,0,0,0,0,1,0,1,0,0,0,1
6,beg,1,8.09192425958893e-05,3.321928094887362,0.0002688079053962,3,7.578743141237457e-06,17.009609957636428,VB,VB,0,beg,0,0,0,0,0,1,0,1,0,0,-1
6,believing,1,8.09192425958893e-05,3.321928094887362,0.0002688079053962,9,7.578743141237457e-06,17.009609957636428,VBG,VB,0,believ,0,0,0,0,0,0,1,0,0,1,1
6,bias,9,0.000728273183363,0.5145731728297582,0.0003747498426499,4,0.0001667323491072,12.550178338999132,NNP,NN,0,bia,1,0,0,0,0,1,0,0,0,0,-1
6,birth,1,8.09192425958893e-05,0.15200309344505,1.2299975193805637e-05,5,0.0002197835510958,12.151628962508855,NN,NN,0,birth,0,1,0,1,1,0,1,0,0,1,1
6,black,2,0.0001618384851917,0.0,0.0,5,0.0027586625034104,8.501815317437732,NNP,NN,0,black,0,0,0,0,0,1,0,1,0,0,-1
6,blessing,1,8.09192425958893e-05,1.0,8.09192425958893e-05,8,3.7893715706187286e-05,14.687681862749066,VBG,VB,0,bless,0,1,0,0,1,0,1,0,0,1,1
6,blues,2,0.0001618384851917,0.3219280948873623,5.210035521724589e-05,5,0.0001439961196835,12.761682444192845,NNS,NN,0,blue,0,0,0,1,0,1,0,1,0,0,-1
6,bomber,1,8.09192425958893e-05,3.321928094887362,0.0002688079053962,6,7.578743141237457e-06,17.009609957636428,NNP,NN,0,bomber,0,0,0,1,0,0,0,1,0,0,0
6,bout,2,0.0001618384851917,0.7369655941662062,0.0001192693953983,4,0.0001212598902597,13.009609957636428,NN,NN,0,bout,1,0,0,0,0,1,0,0,0,0,-1
6,boy,5,0.0004045962129794,0.3219280948873623,0.0001302508880431,3,0.0003031497256494,11.687681862749066,NN,NN,0,boy,0,0,1,0,0,1,0,0,0,0,-1
6,broke,5,0.0004045962129794,0.3219280948873623,0.0001302508880431,5,0.0001061024039773,13.202255035578824,VBD,VB,0,broke,0,0,0,1,0,1,0,1,0,0,-1
6,brother,3,0.0002427577277876,0.0,0.0,7,0.0002122048079546,12.202255035578824,NN,NN,0,brother,0,0,0,0,0,0,1,0,0,1,1
6,brotherhood,3,0.0002427577277876,2.321928094887362,0.0005636659884012,11,3.0314972564949827e-05,15.009609957636428,NNP,NN,0,brotherhood,0,0,0,0,0,0,1,0,0,1,1
6,buddy,1,8.09192425958893e-05,1.3219280948873624,0.0001069694202045,5,5.30512019886622e-05,14.202255035578824,NNP,NN,0,buddi,0,1,0,0,1,0,1,0,0,1,1
6,burke,2,0.0001618384851917,1.0,0.0001618384851917,5,6.820868827113711e-05,13.839684956194116,NNP,NN,0,burk,1,0,1,1,0,1,0,1,0,0,-1
6,butcher,1,8.09192425958893e-05,2.321928094887362,0.0001878886628004,7,1.5157486282474914e-05,16.009609957636428,NN,NN,0,butcher,1,0,1,1,0,1,0,0,0,0,-1
6,butler,1,8.09192425958893e-05,0.5145731728297582,4.163887140554768e-05,6,9.852366083608696e-05,13.309170239495336,NNP,NN,0,butler,0,0,0,0,0,0,1,0,0,1,1
6,cage,2,0.0001618384851917,2.321928094887362,0.0003757773256008,4,2.2736229423712372e-05,15.424647456915272,NN,NN,0,cage,0,0,0,0,0,1,0,1,0,0,-1
6,calls,2,0.0001618384851917,1.0,0.0001618384851917,5,8.336617455361203e-05,13.550178338999132,VBZ,VB,0,call,0,1,0,0,0,1,0,0,0,1,-1
6,campaigning,1,8.09192425958893e-05,2.321928094887362,0.0001878886628004,11,1.5157486282474914e-05,16.009609957636428,NN,NN,0,campaign,1,0,0,1,0,1,0,0,0,0,-1
6,cancel,1,8.09192425958893e-05,2.321928094887362,0.0001878886628004,6,1.5157486282474914e-05,16.009609957636428,VB,VB,0,cancel,0,0,0,0,0,1,0,1,0,0,-1
6,cap,1,8.09192425958893e-05,2.321928094887362,0.0001878886628004,3,2.2736229423712372e-05,15.424647456915272,NNP,NN,0,cap,0,1,0,0,0,0,0,0,0,1,0
6,career,1,8.09192425958893e-05,0.0,0.0,6,0.0003334646982144,11.550178338999132,NN,NN,0,career,0,1,0,0,0,0,1,0,0,0,1
6,case,4,0.0003236769703835,0.0,0.0,4,0.0003562009276381,11.45502110595879,NN,NN,0,case,0,0,0,1,0,1,0,1,0,0,-1
6,cash,5,0.0004045962129794,0.15200309344505,6.149987596902819e-05,4,0.0001743110922484,12.486048001579416,NN,NN,0,cash,1,1,0,1,1,0,1,0,0,1,1
6,cathedral,1,8.09192425958893e-05,3.321928094887362,0.0002688079053962,9,7.578743141237457e-06,17.009609957636428,NNP,NN,0,cathedr,0,0,0,0,1,0,1,0,0,1,1
6,caution,1,8.09192425958893e-05,2.321928094887362,0.0001878886628004,7,1.5157486282474914e-05,16.009609957636428,NNP,NN,0,caution,1,1,0,1,0,1,0,0,0,0,-1
6,celebrating,1,8.09192425958893e-05,1.0,8.09192425958893e-05,11,4.5472458847424745e-05,14.424647456915272,VBG,VB,0,celebr,0,1,0,0,1,0,1,0,0,0,1
6,celebration,3,0.0002427577277876,0.3219280948873623,7.815053282586884e-05,11,9.852366083608696e-05,13.309170239495336,NN,NN,0,celebr,0,1,0,0,1,0,1,0,1,1,1
6,censor,2,0.0001618384851917,3.321928094887362,0.0005376158107925,6,1.5157486282474914e-05,16.009609957636428,NNP,NN,0,censor,1,0,1,1,0,1,0,0,0,1,-1
6,center,4,0.0003236769703835,0.0,0.0,6,0.0003183072119319,11.617292534857668,NNP,NN,0,center,0,0,0,0,0,0,1,0,0,1,1
6,ceremony,2,0.0001618384851917,1.0,0.0001618384851917,8,0.000128838633401,12.922147116386087,NN,NN,0,ceremoni,0,0,0,0,1,0,1,0,1,0,1
6,chairman,9,0.000728273183363,0.0,0.0,8,0.0003713584139206,11.39490011352122,NN,NN,0,chairman,0,0,0,0,0,0,1,0,0,1,1
6,champion,1,8.09192425958893e-05,0.0,0.0,8,0.0002500985236608,11.965215838277976,NN,NN,0,champion,0,1,0,0,1,0,1,0,0,1,1
6,child,1,8.09192425958893e-05,0.0,0.0,5,0.0002955709825082,11.72420773877418,NN,NN,0,child,0,1,0,0,1,0,1,0,0,0,1
6,choir,1,8.09192425958893e-05,1.7369655941662063,0.000140553940295,5,4.5472458847424745e-05,14.424647456915272,NN,NN,0,choir,0,0,0,0,1,0,1,0,0,1,1
6,church,6,0.0004855154555753,0.0,0.0,6,0.0007351380847,10.4096971154493,NNP,NN,0,church,0,1,0,0,1,0,1,0,0,1,1
6,clean,1,8.09192425958893e-05,1.3219280948873624,0.0001069694202045,5,3.7893715706187286e-05,14.687681862749066,JJ,JJ,0,clean,0,0,0,0,1,0,1,0,0,1,1
6,committed,1,8.09192425958893e-05,1.0,8.09192425958893e-05,9,6.820868827113711e-05,13.839684956194116,VBN,VB,0,commit,0,0,0,0,0,0,1,0,0,1,1
6,complaint,2,0.0001618384851917,0.7369655941662062,0.0001192693953983,9,7.578743141237457e-05,13.687681862749066,NN,NN,0,complaint,1,0,0,0,0,1,0,0,0,0,-1
6,completing,1,8.09192425958893e-05,1.7369655941662063,0.000140553940295,10,2.2736229423712372e-05,15.424647456915272,VBG,VB,0,complet,0,1,0,0,1,0,1,0,0,0,1
6,compliance,2,0.0001618384851917,1.3219280948873624,0.000213938840409,10,4.5472458847424745e-05,14.424647456915272,NN,NN,0,complianc,0,0,0,0,0,0,1,0,0,1,1
6,concerned,1,8.09192425958893e-05,1.3219280948873624,0.0001069694202045,9,3.7893715706187286e-05,14.687681862749066,JJ,VB,0,concern,0,0,0,1,0,0,0,1,0,0,0
6,confidence,1,8.09192425958893e-05,2.321928094887362,0.0001878886628004,10,1.5157486282474914e-05,16.009609957636428,NN,NN,0,confid,0,0,0,1,1,0,1,0,0,1,1
6,confined,1,8.09192425958893e-05,1.0,8.09192425958893e-05,8,4.5472458847424745e-05,14.424647456915272,VBN,VB,0,confin,1,0,1,1,0,1,0,1,0,0,-1
6,congress,1,8.09192425958893e-05,0.5145731728297582,4.163887140554768e-05,8,0.0002197835510958,12.151628962508855,NNP,NN,0,congress,0,0,1,0,0,0,0,0,0,1,0
6,controversial,1,8.09192425958893e-05,1.0,8.09192425958893e-05,13,3.7893715706187286e-05,14.687681862749066,JJ,JJ,0,controversi,1,0,0,0,0,1,0,0,0,0,-1
6,cooperation,2,0.0001618384851917,1.7369655941662063,0.00028110788059,11,3.0314972564949827e-05,15.009609957636428,NN,NN,0,cooper,0,0,0,0,0,0,1,0,0,1,1
6,cooperative,2,0.0001618384851917,1.7369655941662063,0.00028110788059,11,3.0314972564949827e-05,15.009609957636428,JJ,JJ,0,cooper,0,0,0,0,0,0,1,0,0,1,1
6,cop,5,0.0004045962129794,0.3219280948873623,0.0001302508880431,3,0.0002273622942371,12.10271936202791,NNP,NN,0,cop,0,0,0,1,0,0,0,0,0,1,0
6,corporation,1,8.09192425958893e-05,1.0,8.09192425958893e-05,11,4.5472458847424745e-05,14.424647456915272,NNP,NN,0,corpor,0,0,0,0,0,0,1,0,0,1,1
6,council,4,0.0003236769703835,0.15200309344505,4.919990077522255e-05,7,0.0002349410373783,12.055413647249551,NNP,NN,0,council,0,1,0,0,0,0,1,0,0,1,1
6,counsel,1,8.09192425958893e-05,1.0,8.09192425958893e-05,7,4.5472458847424745e-05,14.424647456915272,NN,NN,0,counsel,0,0,0,0,0,0,1,0,0,1,1
6,count,1,8.09192425958893e-05,0.5145731728297582,4.163887140554768e-05,5,0.0001364173765422,12.839684956194116,NNP,NN,0,count,0,0,0,0,0,0,1,0,0,1,1
6,court,15,0.0012137886389383,0.0,0.0,5,0.0010003940946433,9.965215838277976,NNP,NN,0,court,1,1,0,1,0,0,0,0,0,0,0
6,crash,1,8.09192425958893e-05,1.3219280948873624,0.0001069694202045,5,3.0314972564949827e-05,15.009609957636428,NN,NN,0,crash,0,0,0,1,0,1,0,1,1,0,-1
6,crime,3,0.0002427577277876,0.15200309344505,3.689992558141691e-05,5,0.0002197835510958,12.151628962508855,NN,NN,0,crime,1,0,0,0,0,1,0,0,0,0,-1
6,cross,1,8.09192425958893e-05,1.3219280948873624,0.0001069694202045,5,6.0629945129899655e-05,14.009609957636428,NNP,NN,0,cross,1,0,0,1,0,1,0,1,0,0,-1
6,crucial,2,0.0001618384851917,1.7369655941662063,0.00028110788059,7,3.0314972564949827e-05,15.009609957636428,JJ,JJ,0,crucial,0,0,0,0,0,0,1,0,0,1,1
6,cruelty,2,0.0001618384851917,2.321928094887362,0.0003757773256008,7,2.2736229423712372e-05,15.424647456915272,NN,NN,0,cruelti,1,0,1,1,0,1,0,1,0,0,-1
6,cur,1,8.09192425958893e-05,3.321928094887362,0.0002688079053962,3,7.578743141237457e-06,17.009609957636428,NN,NN,0,cur,1,0,1,1,0,1,0,0,0,0,-1
6,cutting,2,0.0001618384851917,3.321928094887362,0.0005376158107925,7,1.5157486282474914e-05,16.009609957636428,VBG,VB,0,cut,1,0,1,1,0,1,0,1,0,0,-1
6,damage,2,0.0001618384851917,0.5145731728297582,8.327774281109536e-05,6,0.000128838633401,12.922147116386087,NN,NN,0,damag,1,0,1,0,0,1,0,1,0,0,-1
6,dance,4,0.0003236769703835,0.0,0.0,5,0.0002349410373783,12.055413647249551,NN,NN,0,danc,0,0,0,0,1,0,1,0,0,1,1
6,dare,1,8.09192425958893e-05,1.7369655941662063,0.000140553940295,4,2.2736229423712372e-05,15.424647456915272,NN,NN,0,dare,0,1,0,0,0,0,0,0,0,1,0
6,darling,1,8.09192425958893e-05,3.321928094887362,0.0002688079053962,7,7.578743141237457e-06,17.009609957636428,VBG,VB,0,darl,0,0,0,0,1,0,1,0,0,1,1
6,daughter,6,0.0004855154555753,0.15200309344505,7.379985116283382e-05,8,0.0003865159002031,11.337184615664931,NN,NN,0,daughter,0,0,0,0,1,0,1,0,0,0,1
6,deal,1,8.09192425958893e-05,0.3219280948873623,2.6050177608622945e-05,4,9.852366083608696e-05,13.309170239495336,NN,NN,0,deal,0,1,0,0,1,0,1,0,1,1,1
6,death,5,0.0004045962129794,0.0,0.0,5,0.0005229332767453,10.90108550085826,NN,NN,0,death,1,1,1,1,0,1,0,1,1,0,-1
6,defective,1,8.09192425958893e-05,2.321928094887362,0.0001878886628004,9,1.5157486282474914e-05,16.009609957636428,JJ,JJ,0,defect,0,0,1,0,0,1,0,0,0,0,-1
6,defender,1,8.09192425958893e-05,1.7369655941662063,0.000140553940295,8,2.2736229423712372e-05,15.424647456915272,NNP,NN,0,defend,0,0,0,0,0,0,1,0,0,1,1
6,defense,3,0.0002427577277876,0.15200309344505,3.689992558141691e-05,7,0.0002955709825082,11.72420773877418,NN,NN,0,defens,1,1,0,1,0,0,1,0,0,0,1
6,delicious,1,8.09192425958893e-05,2.321928094887362,0.0001878886628004,9,1.5157486282474914e-05,16.009609957636428,JJ,JJ,0,delici,0,0,0,0,1,0,1,0,0,0,1
6,demand,1,8.09192425958893e-05,1.7369655941662063,0.000140553940295,6,3.0314972564949827e-05,15.009609957636428,NN,NN,0,demand,1,0,0,0,0,1,0,0,0,0,-1
6,denied,4,0.0003236769703835,0.15200309344505,4.919990077522255e-05,6,0.0001667323491072,12.550178338999132,VBD,VB,0,deni,0,0,0,0,0,1,0,1,0,0,-1
6,deny,2,0.0001618384851917,3.321928094887362,0.0005376158107925,4,1.5157486282474914e-05,16.009609957636428,NNP,NN,0,deni,1,0,0,0,0,1,0,0,0,0,-1
6,departed,1,8.09192425958893e-05,3.321928094887362,0.0002688079053962,8,7.578743141237457e-06,17.009609957636428,VBN,VB,0,depart,0,0,0,0,0,1,0,1,0,0,-1
6,deserted,1,8.09192425958893e-05,1.7369655941662063,0.000140553940295,8,2.2736229423712372e-05,15.424647456915272,VBD,VB,0,desert,1,0,1,1,0,1,0,1,0,0,-1
6,determination,1,8.09192425958893e-05,1.7369655941662063,0.000140553940295,13,2.2736229423712372e-05,15.424647456915272,NN,NN,0,determin,0,0,0,0,0,0,1,0,0,1,1
6,develop,1,8.09192425958893e-05,1.7369655941662063,0.000140553940295,7,3.7893715706187286e-05,14.687681862749066,VB,VB,0,develop,0,1,0,0,0,0,1,0,0,0,1
6,die,1,8.09192425958893e-05,0.7369655941662062,5.9634697699158944e-05,3,9.852366083608696e-05,13.309170239495336,VB,VB,0,die,0,0,0,1,0,1,0,1,0,0,-1
6,diplomatic,1,8.09192425958893e-05,1.0,8.09192425958893e-05,10,4.5472458847424745e-05,14.424647456915272,JJ,JJ,0,diplomat,0,0,0,0,0,0,1,0,0,1,1
6,director,10,0.0008091924259588,0.0,0.0,8,0.0006593506532876,10.5666664617877,NN,NN,0,director,0,0,0,0,0,0,1,0,0,1,1
6,dirt,1,8.09192425958893e-05,1.7369655941662063,0.000140553940295,4,3.0314972564949827e-05,15.009609957636428,NN,NN,0,dirt,0,0,1,0,0,1,0,0,0,0,-1
6,discrimination,6,0.0004855154555753,0.15200309344505,7.379985116283382e-05,14,0.000287992239367,11.761682444192845,NN,NN,0,discrimin,1,0,1,1,0,1,0,1,0,0,-1
6,disease,2,0.0001618384851917,1.0,0.0001618384851917,7,8.336617455361203e-05,13.550178338999132,NN,NN,0,diseas,1,0,1,1,0,1,0,1,0,0,-1
6,disgruntled,1,8.09192425958893e-05,2.321928094887362,0.0001878886628004,11,1.5157486282474914e-05,16.009609957636428,JJ,JJ,0,disgruntl,1,0,1,0,0,1,0,1,0,0,-1
6,disgust,1,8.09192425958893e-05,1.7369655941662063,0.000140553940295,7,2.2736229423712372e-05,15.424647456915272,NN,NN,0,disgust,1,0,1,1,0,1,0,1,0,0,-1
6,dispute,2,0.0001618384851917,2.321928094887362,0.0003757773256008,7,3.0314972564949827e-05,15.009609957636428,NN,NN,0,disput,1,0,0,0,0,1,0,0,0,0,-1
6,disqualified,1,8.09192425958893e-05,3.321928094887362,0.0002688079053962,12,7.578743141237457e-06,17.009609957636428,NNP,NN,0,disqualifi,1,0,1,0,0,1,0,1,0,0,-1
6,divorce,6,0.0004855154555753,0.7369655941662062,0.0003578081861949,7,0.0001743110922484,12.486048001579416,NN,NN,0,divorc,1,0,1,1,0,1,0,1,1,1,-1
6,doctor,3,0.0002427577277876,0.0,0.0,6,0.0002425197805195,12.009609957636428,NN,NN,0,doctor,0,0,0,0,0,0,1,0,0,1,1
6,don,7,0.0005664346981712,0.0,0.0,3,0.0009397641495134,10.055413647249551,NNP,NN,1,don,0,0,0,0,0,0,1,0,0,1,1
6,drab,1,8.09192425958893e-05,3.321928094887362,0.0002688079053962,4,7.578743141237457e-06,17.009609957636428,VB,VB,0,drab,0,0,0,0,0,1,0,1,0,0,-1
6,dull,1,8.09192425958893e-05,1.7369655941662063,0.000140553940295,4,2.2736229423712372e-05,15.424647456915272,JJ,JJ,0,dull,0,0,0,0,0,1,0,1,0,0,-1
6,educational,1,8.09192425958893e-05,0.7369655941662062,5.9634697699158944e-05,11,7.578743141237457e-05,13.687681862749066,JJ,JJ,0,educ,0,0,0,0,0,0,1,0,0,1,1
6,effective,2,0.0001618384851917,0.7369655941662062,0.0001192693953983,9,6.820868827113711e-05,13.839684956194116,JJ,JJ,0,effect,0,0,0,0,0,0,1,0,0,1,1
6,electric,1,8.09192425958893e-05,1.0,8.09192425958893e-05,8,4.5472458847424745e-05,14.424647456915272,JJ,JJ,0,electr,0,0,0,0,1,0,1,0,1,0,1
6,emergency,1,8.09192425958893e-05,1.3219280948873624,0.0001069694202045,9,3.7893715706187286e-05,14.687681862749066,NN,NN,0,emerg,0,0,0,1,0,1,0,1,1,0,-1
6,enchanting,1,8.09192425958893e-05,2.321928094887362,0.0001878886628004,10,1.5157486282474914e-05,16.009609957636428,NN,NN,0,enchant,0,1,0,0,1,0,1,0,0,0,1
6,enjoy,2,0.0001618384851917,0.7369655941662062,0.0001192693953983,5,6.0629945129899655e-05,14.009609957636428,VB,VB,0,enjoy,0,1,0,0,1,0,1,0,0,1,1
6,entertainment,3,0.0002427577277876,0.0,0.0,13,0.0001743110922484,12.486048001579416,NNP,NN,0,entertain,0,1,0,0,1,0,1,0,1,1,1
6,enthusiasm,1,8.09192425958893e-05,1.7369655941662063,0.000140553940295,10,3.0314972564949827e-05,15.009609957636428,NN,NN,0,enthusiasm,0,1,0,0,1,0,1,0,1,0,1
6,equality,2,0.0001618384851917,1.7369655941662063,0.00028110788059,8,3.0314972564949827e-05,15.009609957636428,NN,NN,0,equal,0,0,0,0,1,0,1,0,0,1,1
6,escape,1,8.09192425958893e-05,0.7369655941662062,5.9634697699158944e-05,6,6.0629945129899655e-05,14.009609957636428,NN,NN,0,escap,0,1,0,1,0,1,1,0,0,0,0
6,established,1,8.09192425958893e-05,1.0,8.09192425958893e-05,11,9.094491769484948e-05,13.424647456915272,VBN,VB,0,establish,0,0,0,0,1,0,1,0,0,0,1
6,excellent,1,8.09192425958893e-05,2.321928094887362,0.0001878886628004,9,1.5157486282474914e-05,16.009609957636428,JJ,JJ,0,excel,0,0,0,0,1,0,1,0,0,1,1
6,exchange,2,0.0001618384851917,1.3219280948873624,0.000213938840409,8,6.0629945129899655e-05,14.009609957636428,NN,NN,0,exchang,0,0,0,0,0,0,1,0,0,1,1
6,expect,1,8.09192425958893e-05,1.0,8.09192425958893e-05,6,6.820868827113711e-05,13.839684956194116,VBP,VB,0,expect,0,1,0,0,0,0,1,0,1,1,1
6,expert,1,8.09192425958893e-05,1.3219280948873624,0.0001069694202045,6,3.0314972564949827e-05,15.009609957636428,NN,NN,0,expert,0,0,0,0,0,0,1,0,0,1,1
6,exquisite,1,8.09192425958893e-05,3.321928094887362,0.0002688079053962,9,7.578743141237457e-06,17.009609957636428,JJ,JJ,0,exquisit,0,0,0,0,1,0,1,0,0,0,1
6,failing,2,0.0001618384851917,2.321928094887362,0.0003757773256008,7,2.2736229423712372e-05,15.424647456915272,VBG,VB,0,fail,1,1,0,1,0,1,0,1,0,0,-1
6,failure,1,8.09192425958893e-05,1.3219280948873624,0.0001069694202045,7,5.30512019886622e-05,14.202255035578824,NN,NN,0,failur,0,0,1,1,0,1,0,1,0,0,-1
6,fairly,1,8.09192425958893e-05,2.321928094887362,0.0001878886628004,6,1.5157486282474914e-05,16.009609957636428,NNP,NN,0,fairli,0,0,0,0,0,0,1,0,0,1,1
6,fall,1,8.09192425958893e-05,0.3219280948873623,2.6050177608622945e-05,4,0.0001364173765422,12.839684956194116,NN,NN,0,fall,0,0,0,0,0,1,0,1,0,0,-1
6,fanfare,1,8.09192425958893e-05,3.321928094887362,0.0002688079053962,7,7.578743141237457e-06,17.009609957636428,NN,NN,0,fanfar,0,1,0,0,1,0,1,0,1,0,1
6,fatal,3,0.0002427577277876,1.7369655941662063,0.0004216618208851,5,3.7893715706187286e-05,14.687681862749066,JJ,JJ,0,fatal,1,0,0,1,0,1,0,1,0,0,-1
6,fear,1,8.09192425958893e-05,2.321928094887362,0.0001878886628004,4,1.5157486282474914e-05,16.009609957636428,NN,NN,0,fear,1,0,0,1,0,1,0,0,0,0,-1
6,fee,1,8.09192425958893e-05,1.7369655941662063,0.000140553940295,3,3.0314972564949827e-05,15.009609957636428,NN,NN,0,fee,1,0,0,0,0,1,0,0,0,0,-1
6,fellow,2,0.0001618384851917,0.7369655941662062,0.0001192693953983,6,7.578743141237457e-05,13.687681862749066,NN,NN,0,fellow,0,0,0,0,0,0,1,0,0,1,1
6,fete,1,8.09192425958893e-05,1.7369655941662063,0.000140553940295,4,2.2736229423712372e-05,15.424647456915272,NNP,NN,0,fete,0,1,0,0,1,0,1,0,1,0,1
6,fight,11,0.0008901116685547,0.0,0.0,5,0.000416830872768,11.228250244111768,NN,NN,0,fight,1,0,0,1,0,1,0,0,0,0,-1
6,finally,2,0.0001618384851917,0.3219280948873623,5.210035521724589e-05,7,0.0001364173765422,12.839684956194116,RB,RB,0,final,0,1,1,0,1,0,1,0,1,1,1
6,flee,1,8.09192425958893e-05,1.7369655941662063,0.000140553940295,4,2.2736229423712372e-05,15.424647456915272,VB,VB,0,flee,0,0,0,1,0,1,0,0,0,0,-1
6,football,1,8.09192425958893e-05,0.15200309344505,1.2299975193805637e-05,8,0.0002046260648134,12.25472245547296,NN,NN,0,footbal,0,1,0,0,1,0,1,0,0,0,1
6,force,2,0.0001618384851917,0.15200309344505,2.4599950387611274e-05,5,0.0002500985236608,11.965215838277976,NNP,NN,0,forc,1,0,0,1,0,1,0,0,0,0,-1
6,forced,4,0.0003236769703835,0.15200309344505,4.919990077522255e-05,6,0.0001515748628247,12.687681862749066,VBN,VB,0,forc,0,0,0,1,0,1,0,0,0,0,-1
6,forcibly,1,8.09192425958893e-05,3.321928094887362,0.0002688079053962,8,7.578743141237457e-06,17.009609957636428,RB,RB,0,forcibl,1,0,0,1,0,1,0,0,0,0,-1
6,formula,1,8.09192425958893e-05,2.321928094887362,0.0001878886628004,7,1.5157486282474914e-05,16.009609957636428,NN,NN,0,formula,0,0,0,0,0,0,1,0,0,1,1
6,fortune,1,8.09192425958893e-05,0.7369655941662062,5.9634697699158944e-05,7,6.820868827113711e-05,13.839684956194116,NN,NN,0,fortun,0,1,0,0,1,0,1,0,1,1,1
6,found,6,0.0004855154555753,0.0,0.0,5,0.0004698820747567,11.055413647249551,VBD,VB,0,found,0,0,0,0,1,0,1,0,0,1,1
6,frank,2,0.0001618384851917,0.0,0.0,5,0.000257677266802,11.922147116386087,NNP,NN,0,frank,0,0,0,0,0,0,1,0,0,1,1
6,freedom,4,0.0003236769703835,0.7369655941662062,0.0002385387907966,7,0.0001061024039773,13.202255035578824,NN,NN,0,freedom,0,0,0,0,1,0,1,0,0,1,1
6,friend,5,0.0004045962129794,0.15200309344505,6.149987596902819e-05,6,0.0002122048079546,12.202255035578824,NN,NN,0,friend,0,0,0,0,1,0,1,0,0,1,1
6,frightened,1,8.09192425958893e-05,1.7369655941662063,0.000140553940295,10,3.0314972564949827e-05,15.009609957636428,JJ,JJ,0,frighten,0,0,0,1,0,1,0,0,1,0,-1
6,fugitive,1,8.09192425958893e-05,1.7369655941662063,0.000140553940295,8,2.2736229423712372e-05,15.424647456915272,JJ,JJ,0,fugit,1,0,1,1,0,1,0,1,0,1,-1
6,funk,1,8.09192425958893e-05,1.7369655941662063,0.000140553940295,4,2.2736229423712372e-05,15.424647456915272,NN,NN,0,funk,0,0,0,0,0,1,0,1,0,0,-1
6,gambling,1,8.09192425958893e-05,3.321928094887362,0.0002688079053962,8,7.578743141237457e-06,17.009609957636428,NN,NN,0,gambl,0,1,0,0,0,1,0,0,1,0,-1
6,garden,1,8.09192425958893e-05,0.7369655941662062,5.9634697699158944e-05,6,6.820868827113711e-05,13.839684956194116,NNP,NN,0,garden,0,0,0,0,1,0,1,0,0,0,1
6,general,3,0.0002427577277876,0.15200309344505,3.689992558141691e-05,7,0.0004319883590505,11.176719943471689,NNP,NN,0,gener,0,0,0,0,0,0,1,0,0,1,1
6,gift,1,8.09192425958893e-05,0.5145731728297582,4.163887140554768e-05,4,9.094491769484948e-05,13.424647456915272,NN,NN,0,gift,0,1,0,0,1,0,1,0,1,0,1
6,glad,1,8.09192425958893e-05,1.7369655941662063,0.000140553940295,4,2.2736229423712372e-05,15.424647456915272,NN,NN,0,glad,0,1,0,0,1,0,1,0,0,0,1
6,glitter,1,8.09192425958893e-05,2.321928094887362,0.0001878886628004,7,1.5157486282474914e-05,16.009609957636428,NN,NN,0,glitter,0,0,1,0,1,0,0,0,0,0,0
6,good,3,0.0002427577277876,0.0,0.0,4,0.0007502955709825,10.38025333755682,JJ,JJ,0,good,0,1,0,0,1,0,1,0,1,1,1
6,gospel,1,8.09192425958893e-05,0.7369655941662062,5.9634697699158944e-05,6,7.578743141237457e-05,13.687681862749066,NNP,NN,0,gospel,0,0,0,0,0,0,1,0,0,1,1
6,govern,1,8.09192425958893e-05,3.321928094887362,0.0002688079053962,6,7.578743141237457e-06,17.009609957636428,VB,VB,0,govern,0,0,0,0,0,0,1,0,0,1,1
6,government,11,0.0008901116685547,0.0,0.0,10,0.0004016733864855,11.28168950307323,NN,NN,0,govern,0,0,0,1,0,1,0,0,0,0,-1
6,gray,2,0.0001618384851917,3.321928094887362,0.0005376158107925,4,1.5157486282474914e-05,16.009609957636428,NNP,NN,0,gray,0,0,1,0,0,0,0,1,0,0,0
6,grief,1,8.09192425958893e-05,1.7369655941662063,0.000140553940295,5,2.2736229423712372e-05,15.424647456915272,NN,NN,0,grief,0,0,0,0,0,1,0,1,0,0,-1
6,guarantee,1,8.09192425958893e-05,1.7369655941662063,0.000140553940295,9,4.5472458847424745e-05,14.424647456915272,NN,NN,0,guarante,0,0,0,0,0,0,1,0,0,1,1
6,guilt,2,0.0001618384851917,1.7369655941662063,0.00028110788059,5,5.30512019886622e-05,14.202255035578824,NN,NN,0,guilt,0,0,1,0,0,1,0,1,0,0,-1
6,gun,1,8.09192425958893e-05,0.5145731728297582,4.163887140554768e-05,3,0.0001061024039773,13.202255035578824,NN,NN,0,gun,1,0,0,1,0,1,0,0,0,0,-1
6,hanging,1,8.09192425958893e-05,1.3219280948873624,0.0001069694202045,7,3.0314972564949827e-05,15.009609957636428,VBG,VB,0,hang,1,0,1,1,0,1,0,1,0,0,-1
6,harm,2,0.0001618384851917,1.7369655941662063,0.00028110788059,4,3.0314972564949827e-05,15.009609957636428,NN,NN,0,harm,0,0,0,1,0,1,0,0,0,0,-1
6,harry,1,8.09192425958893e-05,0.3219280948873623,2.6050177608622945e-05,5,0.0001212598902597,13.009609957636428,NNP,NN,0,harri,1,0,0,0,0,1,0,1,0,0,-1
6,helper,1,8.09192425958893e-05,1.7369655941662063,0.000140553940295,6,2.2736229423712372e-05,15.424647456915272,NN,NN,0,helper,0,0,0,0,0,0,1,0,0,1,1
6,hire,1,8.09192425958893e-05,1.3219280948873624,0.0001069694202045,4,6.820868827113711e-05,13.839684956194116,VB,VB,0,hire,0,1,0,0,1,0,1,0,0,1,1
6,hit,1,8.09192425958893e-05,0.0,0.0,3,0.0004547245884742,11.10271936202791,VBD,VB,0,hit,1,0,0,0,0,1,0,0,0,0,-1
6,hobby,1,8.09192425958893e-05,3.321928094887362,0.0002688079053962,5,7.578743141237457e-06,17.009609957636428,NN,NN,0,hobbi,0,0,0,0,1,0,1,0,0,0,1
6,honesty,1,8.09192425958893e-05,3.321928094887362,0.0002688079053962,7,7.578743141237457e-06,17.009609957636428,NN,NN,0,honesti,0,0,0,0,0,0,1,0,0,1,1
6,honor,2,0.0001618384851917,0.3219280948873623,5.210035521724589e-05,5,0.0001818898353896,12.424647456915272,NN,NN,0,honor,0,0,0,0,0,0,1,0,0,1,1
6,hope,1,8.09192425958893e-05,0.0,0.0,4,0.0001212598902597,13.009609957636428,VBP,VB,0,hope,0,1,0,0,1,0,1,0,1,1,1
6,hospital,12,0.0009710309111506,0.0,0.0,8,0.0008563979749598,10.18943099522124,NNP,NN,0,hospit,0,0,0,1,0,0,0,1,0,1,0
6,humility,1,8.09192425958893e-05,2.321928094887362,0.0001878886628004,8,1.5157486282474914e-05,16.009609957636428,NN,NN,0,humil,0,0,0,0,0,0,1,0,0,1,1
6,hunting,1,8.09192425958893e-05,3.321928094887362,0.0002688079053962,7,7.578743141237457e-06,17.009609957636428,VBG,VB,0,hunt,1,1,0,1,0,1,0,0,0,0,-1
6,ill,3,0.0002427577277876,1.7369655941662063,0.0004216618208851,3,6.0629945129899655e-05,14.009609957636428,NNP,NN,0,ill,1,0,1,1,0,1,0,1,0,0,-1
6,illegal,2,0.0001618384851917,0.5145731728297582,8.327774281109536e-05,7,6.820868827113711e-05,13.839684956194116,JJ,JJ,0,illeg,1,0,1,1,0,1,0,1,0,0,-1
6,income,1,8.09192425958893e-05,0.7369655941662062,5.9634697699158944e-05,6,0.0001212598902597,13.009609957636428,NN,NN,0,incom,0,1,0,0,1,1,1,1,0,1,0
6,independence,2,0.0001618384851917,1.7369655941662063,0.00028110788059,12,3.7893715706187286e-05,14.687681862749066,NN,NN,0,independ,0,1,0,0,1,0,1,0,1,1,1
6,inferior,1,8.09192425958893e-05,2.321928094887362,0.0001878886628004,8,1.5157486282474914e-05,16.009609957636428,JJ,JJ,0,inferior,0,0,0,0,0,1,0,1,0,0,-1
6,infidelity,1,8.09192425958893e-05,2.321928094887362,0.0001878886628004,10,1.5157486282474914e-05,16.009609957636428,NN,NN,0,infidel,1,0,1,1,0,1,0,1,0,0,-1
6,innocent,2,0.0001618384851917,2.321928094887362,0.0003757773256008,8,2.2736229423712372e-05,15.424647456915272,NNP,NN,0,innoc,0,0,0,0,0,0,1,0,0,1,1
6,inspired,1,8.09192425958893e-05,1.0,8.09192425958893e-05,8,3.7893715706187286e-05,14.687681862749066,VBN,VB,0,inspir,0,0,0,0,1,0,1,0,1,1,1
6,instructor,1,8.09192425958893e-05,1.0,8.09192425958893e-05,10,5.30512019886622e-05,14.202255035578824,NN,NN,0,instructor,0,1,0,0,0,0,1,0,0,1,1
6,insure,1,8.09192425958893e-05,1.7369655941662063,0.000140553940295,6,3.7893715706187286e-05,14.687681862749066,VB,VB,0,insur,0,0,0,0,0,0,1,0,0,1,1
6,intelligence,2,0.0001618384851917,1.7369655941662063,0.00028110788059,12,3.0314972564949827e-05,15.009609957636428,NN,NN,0,intellig,0,0,0,1,1,0,1,0,0,1,1
6,intimate,2,0.0001618384851917,1.3219280948873624,0.000213938840409,8,3.7893715706187286e-05,14.687681862749066,JJ,JJ,0,intim,0,1,0,0,1,0,1,0,0,1,1
6,invitation,1,8.09192425958893e-05,1.7369655941662063,0.000140553940295,10,2.2736229423712372e-05,15.424647456915272,NN,NN,0,invit,0,1,0,0,0,0,1,0,0,0,1
6,iron,1,8.09192425958893e-05,1.7369655941662063,0.000140553940295,4,2.2736229423712372e-05,15.424647456915272,NN,NN,0,iron,0,0,0,0,0,0,1,0,0,1,1
6,jail,4,0.0003236769703835,0.15200309344505,4.919990077522255e-05,4,0.000257677266802,11.922147116386087,NN,NN,0,jail,0,0,0,1,0,1,0,1,0,0,-1
6,john,9,0.000728273183363,0.0,0.0,4,0.0008412404886773,10.215194091286325,NNP,NN,0,john,0,0,1,0,0,1,0,0,0,0,-1
6,joy,2,0.0001618384851917,1.0,0.0001618384851917,3,6.820868827113711e-05,13.839684956194116,NNP,NN,0,joy,0,0,0,0,1,0,1,0,0,0,1
6,judiciary,1,8.09192425958893e-05,1.7369655941662063,0.000140553940295,9,3.0314972564949827e-05,15.009609957636428,NNP,NN,0,judiciari,0,1,0,0,0,0,0,0,0,1,0
6,jump,2,0.0001618384851917,0.7369655941662062,0.0001192693953983,4,8.336617455361203e-05,13.550178338999132,NN,NN,0,jump,0,0,0,0,1,0,1,0,0,0,1
6,justice,4,0.0003236769703835,0.0,0.0,7,0.0002349410373783,12.055413647249551,NNP,NN,0,justic,0,0,0,0,0,0,1,0,0,1,1
6,kill,3,0.0002427577277876,1.7369655941662063,0.0004216618208851,4,4.5472458847424745e-05,14.424647456915272,VB,VB,0,kill,0,0,0,1,0,1,0,1,0,0,-1
6,killing,1,8.09192425958893e-05,1.3219280948873624,0.0001069694202045,7,3.7893715706187286e-05,14.687681862749066,VBG,VB,0,kill,1,0,0,1,0,1,0,1,0,0,-1
6,kind,2,0.0001618384851917,0.0,0.0,4,0.0002046260648134,12.25472245547296,NN,NN,0,kind,0,0,0,0,1,0,1,0,0,1,1
6,labor,10,0.0008091924259588,0.15200309344505,0.000122999751938,5,0.0002804134962257,11.80015659200748,NN,NN,0,labor,0,1,0,0,1,0,1,0,1,1,1
6,late,4,0.0003236769703835,0.0,0.0,4,0.0003031497256494,11.687681862749066,JJ,JJ,0,late,0,0,0,0,0,1,0,1,0,0,-1
6,laugh,1,8.09192425958893e-05,3.321928094887362,0.0002688079053962,5,7.578743141237457e-06,17.009609957636428,RB,RB,0,laugh,0,0,0,0,1,0,1,0,1,0,1
6,lawyer,7,0.0005664346981712,0.3219280948873623,0.0001823512432603,6,0.0001894685785309,12.365753767861705,NN,NN,0,lawyer,1,0,1,1,0,1,0,0,0,0,-1
6,leader,3,0.0002427577277876,0.0,0.0,6,0.0003107284687907,11.652057953018344,NN,NN,0,leader,0,0,0,0,0,0,1,0,0,1,1
6,leave,6,0.0004855154555753,0.3219280948873623,0.0001563010656517,5,0.0002046260648134,12.25472245547296,VB,VB,0,leav,0,0,0,0,0,1,0,1,1,0,-1
6,legal,4,0.0003236769703835,0.15200309344505,4.919990077522255e-05,5,0.0002728347530845,11.839684956194116,JJ,JJ,0,legal,0,0,0,0,0,0,1,0,0,1,1
6,level,1,8.09192425958893e-05,1.3219280948873624,0.0001069694202045,5,6.0629945129899655e-05,14.009609957636428,NN,NN,0,level,0,0,0,0,0,0,1,0,0,1,1
6,limited,1,8.09192425958893e-05,1.7369655941662063,0.000140553940295,7,2.2736229423712372e-05,15.424647456915272,VBN,VB,0,limit,1,0,0,0,0,1,0,1,0,0,-1
6,liquor,3,0.0002427577277876,0.7369655941662062,0.0001789040930974,6,0.000128838633401,12.922147116386087,NN,NN,0,liquor,1,0,0,0,1,1,0,1,0,0,-1
6,losing,1,8.09192425958893e-05,1.0,8.09192425958893e-05,6,5.30512019886622e-05,14.202255035578824,VBG,VB,0,lose,1,0,0,0,0,1,0,1,0,0,-1
6,lost,2,0.0001618384851917,0.15200309344505,2.4599950387611274e-05,4,0.0002046260648134,12.25472245547296,VBD,VB,0,lost,0,0,0,0,0,1,0,1,0,0,-1
6,love,2,0.0001618384851917,0.0,0.0,4,0.0005380907630278,10.859862838131749,NNP,NN,0,love,0,0,0,0,1,0,1,0,0,0,1
6,lower,1,8.09192425958893e-05,0.15200309344505,1.2299975193805637e-05,5,0.0001061024039773,13.202255035578824,JJR,JJ,0,lower,0,0,0,0,0,1,0,1,0,0,-1
6,majority,1,8.09192425958893e-05,1.3219280948873624,0.0001069694202045,8,6.820868827113711e-05,13.839684956194116,NN,NN,0,major,0,0,0,0,1,0,1,0,0,1,1
6,management,4,0.0003236769703835,0.7369655941662062,0.0002385387907966,10,9.852366083608696e-05,13.309170239495336,NN,NN,0,manag,0,0,0,0,0,0,1,0,0,1,1
6,marriage,3,0.0002427577277876,0.0,0.0,8,0.0003789371570618,11.365753767861705,NN,NN,0,marriag,0,1,0,0,1,0,1,0,0,1,1
6,marry,1,8.09192425958893e-05,0.7369655941662062,5.9634697699158944e-05,5,7.578743141237457e-05,13.687681862749066,VB,VB,0,marri,0,1,0,1,1,0,1,0,1,1,1
6,marvel,1,8.09192425958893e-05,3.321928094887362,0.0002688079053962,6,7.578743141237457e-06,17.009609957636428,NN,NN,0,marvel,0,0,0,0,0,0,1,0,1,0,1
6,mate,1,8.09192425958893e-05,0.5145731728297582,4.163887140554768e-05,4,9.852366083608696e-05,13.309170239495336,NN,NN,0,mate,0,0,0,0,0,0,1,0,0,1,1
6,medical,5,0.0004045962129794,0.15200309344505,6.149987596902819e-05,7,0.0003258859550732,11.58334520293433,JJ,JJ,0,medic,0,1,0,1,0,0,1,0,0,1,1
6,mercenary,1,8.09192425958893e-05,3.321928094887362,0.0002688079053962,9,7.578743141237457e-06,17.009609957636428,JJ,JJ,0,mercenari,0,0,0,1,0,1,0,0,0,0,-1
6,merge,1,8.09192425958893e-05,3.321928094887362,0.0002688079053962,5,7.578743141237457e-06,17.009609957636428,NNP,NN,0,merg,0,1,0,0,0,0,1,0,0,0,1
6,merit,1,8.09192425958893e-05,1.3219280948873624,0.0001069694202045,5,3.7893715706187286e-05,14.687681862749066,NNP,NN,0,merit,0,0,0,0,0,0,1,0,0,1,1
6,misbehavior,1,8.09192425958893e-05,3.321928094887362,0.0002688079053962,11,7.578743141237457e-06,17.009609957636428,NN,NN,0,misbehavior,1,0,1,0,0,1,0,0,1,0,-1
6,money,7,0.0005664346981712,0.15200309344505,8.609982635663946e-05,5,0.0004395671021917,11.151628962508855,NN,NN,0,money,1,1,0,0,1,0,1,0,1,1,1
6,moral,1,8.09192425958893e-05,2.321928094887362,0.0001878886628004,5,1.5157486282474914e-05,16.009609957636428,JJ,JJ,0,moral,1,0,0,0,0,0,1,0,0,1,1
6,mother,4,0.0003236769703835,0.0,0.0,6,0.0004623033316154,11.07887262007354,NN,NN,0,mother,0,1,0,0,1,1,1,1,0,1,0
6,murder,7,0.0005664346981712,0.15200309344505,8.609982635663946e-05,6,0.0002046260648134,12.25472245547296,NN,NN,0,murder,1,0,1,1,0,1,0,1,1,0,-1
6,music,4,0.0003236769703835,0.0,0.0,5,0.0005684057355928,10.780791267140549,NN,NN,0,music,0,0,0,0,1,0,1,1,0,0,1
6,mystery,1,8.09192425958893e-05,2.321928094887362,0.0001878886628004,7,1.5157486282474914e-05,16.009609957636428,NN,NN,0,mysteri,0,1,0,0,0,0,0,0,1,0,0
6,neglected,1,8.09192425958893e-05,1.7369655941662063,0.000140553940295,9,2.2736229423712372e-05,15.424647456915272,VBN,VB,0,neglect,1,0,1,0,0,1,0,1,0,0,-1
6,negotiate,1,8.09192425958893e-05,3.321928094887362,0.0002688079053962,9,7.578743141237457e-06,17.009609957636428,VB,VB,0,negoti,0,0,0,0,0,0,1,0,0,1,1
6,negro,83,0.0067162971354588,0.0,0.0,5,0.0029557098250826,8.402279643886818,NNP,NN,0,negro,0,0,0,0,0,1,0,1,0,0,-1
6,neighbor,1,8.09192425958893e-05,1.3219280948873624,0.0001069694202045,8,3.0314972564949827e-05,15.009609957636428,NN,NN,0,neighbor,0,1,0,0,0,0,1,0,0,1,1
6,noble,3,0.0002427577277876,1.3219280948873624,0.0003209082606135,5,6.0629945129899655e-05,14.009609957636428,NNP,NN,0,nobl,0,0,0,0,0,0,1,0,0,1,1
6,oath,1,8.09192425958893e-05,2.321928094887362,0.0001878886628004,4,2.2736229423712372e-05,15.424647456915272,NN,NN,0,oath,0,0,0,0,0,0,1,0,0,1,1
6,obey,1,8.09192425958893e-05,1.7369655941662063,0.000140553940295,4,2.2736229423712372e-05,15.424647456915272,IN,IN,0,obey,0,0,0,1,0,0,0,0,0,1,0
6,objection,1,8.09192425958893e-05,3.321928094887362,0.0002688079053962,9,7.578743141237457e-06,17.009609957636428,NN,NN,0,object,1,0,0,0,0,1,0,0,0,0,-1
6,obscene,2,0.0001618384851917,3.321928094887362,0.0005376158107925,7,1.5157486282474914e-05,16.009609957636428,JJ,JJ,0,obscen,0,0,1,0,0,1,0,0,0,0,-1
6,offense,1,8.09192425958893e-05,2.321928094887362,0.0001878886628004,7,3.0314972564949827e-05,15.009609957636428,NN,NN,0,offens,1,0,1,1,0,1,0,1,0,0,-1
6,officer,4,0.0003236769703835,0.0,0.0,7,0.0002122048079546,12.202255035578824,NN,NN,0,offic,0,0,0,0,0,0,1,0,0,1,1
6,opera,1,8.09192425958893e-05,0.7369655941662062,5.9634697699158944e-05,5,8.336617455361203e-05,13.550178338999132,NNP,NN,0,opera,1,1,0,1,1,0,1,1,1,1,1
6,operation,3,0.0002427577277876,0.15200309344505,3.689992558141691e-05,9,0.0001667323491072,12.550178338999132,NN,NN,0,oper,0,0,0,1,0,0,0,0,0,1,0
6,opportunity,1,8.09192425958893e-05,0.5145731728297582,4.163887140554768e-05,11,0.0001212598902597,13.009609957636428,NN,NN,0,opportun,0,1,0,0,0,0,1,0,0,0,1
6,opposition,2,0.0001618384851917,1.3219280948873624,0.000213938840409,10,6.820868827113711e-05,13.839684956194116,NN,NN,0,opposit,1,0,0,0,0,1,0,0,0,0,-1
6,organization,6,0.0004855154555753,0.5145731728297582,0.0002498332284332,12,0.0002197835510958,12.151628962508855,NN,NN,0,organ,0,1,0,0,1,0,1,0,1,1,1
6,outstanding,1,8.09192425958893e-05,0.5145731728297582,4.163887140554768e-05,11,6.0629945129899655e-05,14.009609957636428,JJ,JJ,0,outstand,0,0,0,0,1,1,1,0,0,0,0
6,ovation,1,8.09192425958893e-05,1.7369655941662063,0.000140553940295,7,2.2736229423712372e-05,15.424647456915272,NN,NN,0,ovat,0,0,0,0,0,1,0,1,0,0,-1
6,pastor,2,0.0001618384851917,0.3219280948873623,5.210035521724589e-05,6,0.0001591536059659,12.617292534857668,NN,NN,0,pastor,0,0,0,0,1,0,1,0,0,1,1
6,pay,5,0.0004045962129794,0.0,0.0,3,0.0003031497256494,11.687681862749066,VB,VB,0,pay,0,1,0,0,1,0,1,0,0,1,1
6,peace,1,8.09192425958893e-05,1.3219280948873624,0.0001069694202045,5,6.820868827113711e-05,13.839684956194116,NN,NN,0,peac,0,1,0,0,1,0,1,0,0,1,1
6,perfect,1,8.09192425958893e-05,0.7369655941662062,5.9634697699158944e-05,7,4.5472458847424745e-05,14.424647456915272,JJ,JJ,0,perfect,0,1,0,0,1,0,1,0,0,1,1
6,perjury,1,8.09192425958893e-05,3.321928094887362,0.0002688079053962,7,7.578743141237457e-06,17.009609957636428,NN,NN,0,perjuri,0,0,0,1,0,1,0,0,1,0,-1
6,physician,1,8.09192425958893e-05,0.3219280948873623,2.6050177608622945e-05,9,0.000128838633401,12.922147116386087,NN,NN,0,physician,0,0,0,0,0,0,1,0,0,1,1
6,picket,1,8.09192425958893e-05,1.0,8.09192425958893e-05,6,3.7893715706187286e-05,14.687681862749066,NN,NN,0,picket,1,1,0,1,0,1,0,0,0,0,-1
6,picketing,1,8.09192425958893e-05,1.3219280948873624,0.0001069694202045,9,3.0314972564949827e-05,15.009609957636428,VBG,NN,0,picket,1,0,0,0,0,1,0,0,0,0,-1
6,planning,1,8.09192425958893e-05,0.3219280948873623,2.6050177608622945e-05,8,8.336617455361203e-05,13.550178338999132,VBG,VB,0,plan,0,1,0,0,0,0,1,0,0,1,1
6,playground,2,0.0001618384851917,3.321928094887362,0.0005376158107925,10,1.5157486282474914e-05,16.009609957636428,NN,NN,0,playground,0,1,0,0,1,0,1,0,1,1,1
6,pledge,1,8.09192425958893e-05,2.321928094887362,0.0001878886628004,6,1.5157486282474914e-05,16.009609957636428,NNP,NN,0,pledg,0,0,0,0,1,0,1,0,0,1,1
6,police,27,0.002184819550089,0.0,0.0,6,0.0011368114711856,9.780791267140549,NN,NN,0,polic,0,0,0,1,0,0,1,0,0,1,1
6,pop,3,0.0002427577277876,1.7369655941662063,0.0004216618208851,3,3.7893715706187286e-05,14.687681862749066,NN,NN,0,pop,0,0,0,0,0,1,0,0,1,0,-1
6,possession,1,8.09192425958893e-05,0.7369655941662062,5.9634697699158944e-05,10,6.0629945129899655e-05,14.009609957636428,NN,NN,0,possess,1,0,1,1,0,1,0,0,0,0,-1
6,pound,1,8.09192425958893e-05,0.15200309344505,1.2299975193805637e-05,5,0.0001136811471185,13.10271936202791,NN,NN,0,pound,1,0,0,0,0,1,0,0,0,0,-1
6,powerful,1,8.09192425958893e-05,0.5145731728297582,4.163887140554768e-05,8,8.336617455361203e-05,13.550178338999132,JJ,JJ,0,power,1,1,1,1,1,0,1,0,0,1,1
6,practiced,1,8.09192425958893e-05,2.321928094887362,0.0001878886628004,9,1.5157486282474914e-05,16.009609957636428,VBD,VB,0,practic,0,0,0,0,1,0,1,0,1,1,1
6,praise,1,8.09192425958893e-05,0.7369655941662062,5.9634697699158944e-05,6,6.820868827113711e-05,13.839684956194116,NN,NN,0,prais,0,0,0,0,1,0,1,0,0,1,1
6,prank,1,8.09192425958893e-05,2.321928094887362,0.0001878886628004,5,1.5157486282474914e-05,16.009609957636428,NN,NN,0,prank,0,0,0,0,0,1,0,0,1,0,-1
6,prepared,2,0.0001618384851917,0.5145731728297582,8.327774281109536e-05,8,6.820868827113711e-05,13.839684956194116,VBN,VB,0,prepar,0,1,0,0,0,0,1,0,0,1,1
6,present,3,0.0002427577277876,0.15200309344505,3.689992558141691e-05,7,0.0001591536059659,12.617292534857668,JJ,JJ,0,present,0,1,0,0,1,0,1,0,1,1,1
6,president,29,0.0023466580352807,0.0,0.0,9,0.0017961621244732,9.12086670873817,NNP,NN,0,presid,0,0,0,0,0,0,1,0,0,1,1
6,pretty,4,0.0003236769703835,0.3219280948873623,0.0001042007104344,6,0.0001136811471185,13.10271936202791,RB,RB,0,pretti,0,1,0,0,1,0,1,0,0,1,1
6,principal,1,8.09192425958893e-05,0.5145731728297582,4.163887140554768e-05,9,8.336617455361203e-05,13.550178338999132,NN,NN,0,princip,0,0,0,0,0,0,1,0,0,1,1
6,prison,3,0.0002427577277876,0.3219280948873623,7.815053282586884e-05,6,0.0002046260648134,12.25472245547296,NN,NN,0,prison,1,0,0,1,0,1,0,1,0,0,-1
6,problem,5,0.0004045962129794,0.15200309344505,6.149987596902819e-05,7,0.0002273622942371,12.10271936202791,NN,NN,0,problem,0,0,0,1,0,1,0,1,0,0,-1
6,procedure,1,8.09192425958893e-05,3.321928094887362,0.0002688079053962,9,7.578743141237457e-06,17.009609957636428,NN,NN,0,procedur,0,0,0,1,0,0,1,0,0,0,1
6,production,1,8.09192425958893e-05,0.5145731728297582,4.163887140554768e-05,10,0.0001212598902597,13.009609957636428,NNP,NN,0,product,0,1,0,0,0,0,1,0,0,0,1
6,professional,2,0.0001618384851917,0.0,0.0,12,0.0001439961196835,12.761682444192845,JJ,JJ,0,profession,0,0,0,0,0,0,1,0,0,1,1
6,professor,3,0.0002427577277876,0.15200309344505,3.689992558141691e-05,9,0.0001818898353896,12.424647456915272,NN,NN,0,professor,0,0,0,0,0,0,1,0,0,1,1
6,progress,7,0.0005664346981712,0.5145731728297582,0.0002914720998388,8,0.000128838633401,12.922147116386087,NNP,NN,0,progress,0,1,0,0,1,0,1,0,0,0,1
6,promise,1,8.09192425958893e-05,1.3219280948873624,0.0001069694202045,7,3.0314972564949827e-05,15.009609957636428,NN,NN,0,promis,0,0,0,0,1,0,1,0,0,1,1
6,prostitution,1,8.09192425958893e-05,2.321928094887362,0.0001878886628004,12,1.5157486282474914e-05,16.009609957636428,NN,NN,0,prostitut,0,0,1,0,0,1,0,1,0,0,-1
6,proud,1,8.09192425958893e-05,0.5145731728297582,4.163887140554768e-05,5,9.852366083608696e-05,13.309170239495336,JJ,JJ,0,proud,0,1,0,0,1,0,1,0,0,1,1
6,public,7,0.0005664346981712,0.0,0.0,6,0.0005835632218752,10.742823416941526,JJ,JJ,0,public,0,1,0,0,0,0,1,0,0,0,1
6,rack,1,8.09192425958893e-05,2.321928094887362,0.0001878886628004,4,1.5157486282474914e-05,16.009609957636428,NN,NN,0,rack,0,0,0,0,0,1,0,1,0,0,-1
6,raid,1,8.09192425958893e-05,1.3219280948873624,0.0001069694202045,4,5.30512019886622e-05,14.202255035578824,NN,NN,0,raid,1,0,0,1,0,1,0,0,1,0,-1
6,rash,1,8.09192425958893e-05,1.7369655941662063,0.000140553940295,4,2.2736229423712372e-05,15.424647456915272,NN,NN,0,rash,0,0,1,0,0,1,0,0,0,0,-1
6,rave,3,0.0002427577277876,2.321928094887362,0.0005636659884012,4,3.0314972564949827e-05,15.009609957636428,JJ,JJ,0,rave,1,0,1,0,1,1,1,0,1,1,0
6,real,3,0.0002427577277876,0.0,0.0,4,0.0003107284687907,11.652057953018344,JJ,JJ,0,real,0,0,0,0,0,0,1,0,0,1,1
6,rebel,1,8.09192425958893e-05,1.7369655941662063,0.000140553940295,5,2.2736229423712372e-05,15.424647456915272,NNP,NN,0,rebel,1,0,0,1,0,1,0,0,0,0,-1
6,receiving,1,8.09192425958893e-05,1.0,8.09192425958893e-05,9,9.094491769484948e-05,13.424647456915272,VBG,VB,0,receiv,0,1,0,0,1,0,1,0,1,0,1
6,reconciliation,1,8.09192425958893e-05,3.321928094887362,0.0002688079053962,14,7.578743141237457e-06,17.009609957636428,NN,NN,0,reconcili,0,1,0,0,1,0,1,0,0,1,1
6,recreation,1,8.09192425958893e-05,0.5145731728297582,4.163887140554768e-05,10,5.30512019886622e-05,14.202255035578824,NN,NN,0,recreat,0,1,0,0,1,0,1,0,0,0,1
6,refused,8,0.0006473539407671,0.0,0.0,7,0.0002500985236608,11.965215838277976,VBD,VB,0,refus,0,0,0,0,0,1,0,1,0,0,-1
6,regal,1,8.09192425958893e-05,1.7369655941662063,0.000140553940295,5,2.2736229423712372e-05,15.424647456915272,NNP,NN,0,regal,0,0,0,0,0,0,1,0,0,1,1
6,rehabilitation,1,8.09192425958893e-05,2.321928094887362,0.0001878886628004,14,3.0314972564949827e-05,15.009609957636428,NN,NN,0,rehabilit,0,1,0,0,0,0,1,0,0,0,1
6,remove,1,8.09192425958893e-05,1.7369655941662063,0.000140553940295,6,2.2736229423712372e-05,15.424647456915272,VB,VB,0,remov,1,0,0,1,0,1,0,1,0,0,-1
6,reporter,1,8.09192425958893e-05,1.3219280948873624,0.0001069694202045,8,3.7893715706187286e-05,14.687681862749066,NN,NN,0,report,0,0,0,0,0,0,1,0,0,1,1
6,resigned,1,8.09192425958893e-05,0.5145731728297582,4.163887140554768e-05,8,6.820868827113711e-05,13.839684956194116,VBD,VB,0,resign,0,0,0,0,0,1,0,1,0,0,-1
6,responsible,1,8.09192425958893e-05,0.5145731728297582,4.163887140554768e-05,11,9.094491769484948e-05,13.424647456915272,JJ,JJ,0,respons,0,0,0,0,0,0,1,0,0,1,1
6,revels,1,8.09192425958893e-05,3.321928094887362,0.0002688079053962,6,7.578743141237457e-06,17.009609957636428,NNP,NN,0,revel,0,0,0,0,1,0,1,0,0,0,1
6,ridicule,1,8.09192425958893e-05,2.321928094887362,0.0001878886628004,8,1.5157486282474914e-05,16.009609957636428,NN,NN,0,ridicul,1,0,1,0,0,1,0,1,0,0,-1
6,rob,1,8.09192425958893e-05,2.321928094887362,0.0001878886628004,3,1.5157486282474914e-05,16.009609957636428,VB,VB,0,rob,1,0,1,1,0,1,0,1,0,0,-1
6,robber,1,8.09192425958893e-05,1.7369655941662063,0.000140553940295,6,2.2736229423712372e-05,15.424647456915272,NN,NN,0,robber,0,0,1,1,0,1,0,0,0,0,-1
6,robbery,1,8.09192425958893e-05,2.321928094887362,0.0001878886628004,7,2.2736229423712372e-05,15.424647456915272,NN,NN,0,robberi,1,0,1,1,0,1,0,1,0,0,-1
6,romance,2,0.0001618384851917,0.7369655941662062,0.0001192693953983,7,6.820868827113711e-05,13.839684956194116,NN,NN,0,romanc,0,1,0,1,1,0,1,1,1,1,1
6,romantic,1,8.09192425958893e-05,1.3219280948873624,0.0001069694202045,8,3.0314972564949827e-05,15.009609957636428,JJ,JJ,0,romant,0,1,0,0,1,0,1,0,0,1,1
6,row,1,8.09192425958893e-05,1.7369655941662063,0.000140553940295,3,3.0314972564949827e-05,15.009609957636428,NNP,NN,0,row,1,0,0,0,0,1,0,0,0,0,-1
6,rule,2,0.0001618384851917,2.321928094887362,0.0003757773256008,4,3.0314972564949827e-05,15.009609957636428,NN,NN,0,rule,0,0,0,1,0,0,0,0,0,1,0
6,save,1,8.09192425958893e-05,0.5145731728297582,4.163887140554768e-05,4,8.336617455361203e-05,13.550178338999132,VB,VB,0,save,0,0,0,0,1,0,1,0,0,1,1
6,seal,1,8.09192425958893e-05,3.321928094887362,0.0002688079053962,4,7.578743141237457e-06,17.009609957636428,VBP,VB,0,seal,0,0,0,0,0,0,1,0,0,1,1
6,sensational,2,0.0001618384851917,1.7369655941662063,0.00028110788059,11,3.0314972564949827e-05,15.009609957636428,JJ,JJ,0,sensat,0,0,0,0,1,0,1,0,0,0,1
6,sentence,1,8.09192425958893e-05,0.0,0.0,8,0.0001591536059659,12.617292534857668,NN,NN,0,sentenc,1,1,1,1,0,1,0,1,0,0,-1
6,serve,4,0.0003236769703835,0.7369655941662062,0.0002385387907966,5,0.0001212598902597,13.009609957636428,VB,VB,0,serv,0,0,0,0,0,1,0,0,0,1,-1
6,shaking,1,8.09192425958893e-05,2.321928094887362,0.0001878886628004,7,1.5157486282474914e-05,16.009609957636428,VBG,VB,0,shake,0,0,0,1,0,1,0,0,0,0,-1
6,shame,1,8.09192425958893e-05,2.321928094887362,0.0001878886628004,5,1.5157486282474914e-05,16.009609957636428,NN,NN,0,shame,0,0,1,1,0,1,0,1,0,0,-1
6,shock,1,8.09192425958893e-05,1.3219280948873624,0.0001069694202045,5,3.0314972564949827e-05,15.009609957636428,NN,NN,0,shock,1,0,0,1,0,1,0,0,1,0,-1
6,shortage,1,8.09192425958893e-05,3.321928094887362,0.0002688079053962,8,7.578743141237457e-06,17.009609957636428,NN,NN,0,shortag,1,0,0,1,0,1,0,1,0,0,-1
6,shot,6,0.0004855154555753,0.7369655941662062,0.0003578081861949,4,0.0001818898353896,12.424647456915272,VBD,VB,0,shot,1,0,0,1,0,1,0,1,1,0,-1
6,shoulder,1,8.09192425958893e-05,1.7369655941662063,0.000140553940295,8,2.2736229423712372e-05,15.424647456915272,NN,NN,0,shoulder,0,0,0,0,0,0,1,0,0,1,1
6,shout,1,8.09192425958893e-05,3.321928094887362,0.0002688079053962,5,7.578743141237457e-06,17.009609957636428,NN,NN,0,shout,1,0,0,0,0,0,0,0,1,0,0
6,sin,1,8.09192425958893e-05,3.321928094887362,0.0002688079053962,3,7.578743141237457e-06,17.009609957636428,NNP,NN,0,sin,1,0,1,1,0,1,0,1,0,0,-1
6,sing,2,0.0001618384851917,0.5145731728297582,8.327774281109536e-05,4,0.0001212598902597,13.009609957636428,VBG,VB,0,sing,0,1,0,0,1,0,1,1,0,1,1
6,special,6,0.0004855154555753,0.15200309344505,7.379985116283382e-05,7,0.0003562009276381,11.45502110595879,JJ,JJ,0,special,0,0,0,0,1,0,1,0,0,0,1
6,spectacular,1,8.09192425958893e-05,2.321928094887362,0.0001878886628004,11,2.2736229423712372e-05,15.424647456915272,JJ,JJ,0,spectacular,0,1,0,0,0,0,0,0,1,0,0
6,stab,1,8.09192425958893e-05,3.321928094887362,0.0002688079053962,4,7.578743141237457e-06,17.009609957636428,NN,NN,0,stab,1,0,0,1,0,1,0,1,1,0,-1
6,stable,1,8.09192425958893e-05,2.321928094887362,0.0001878886628004,6,1.5157486282474914e-05,16.009609957636428,JJ,JJ,0,stabl,0,0,0,0,0,0,1,0,0,1,1
6,star,7,0.0005664346981712,0.15200309344505,8.609982635663946e-05,4,0.0005229332767453,10.90108550085826,NN,NN,0,star,0,1,0,0,1,0,1,0,0,1,1
6,statement,1,8.09192425958893e-05,0.5145731728297582,4.163887140554768e-05,9,7.578743141237457e-05,13.687681862749066,NN,NN,0,statement,0,0,0,0,0,0,1,0,0,1,1
6,stealing,1,8.09192425958893e-05,1.7369655941662063,0.000140553940295,8,3.0314972564949827e-05,15.009609957636428,VBG,VB,0,steal,0,0,1,1,0,1,0,0,0,0,-1
6,stolen,1,8.09192425958893e-05,1.3219280948873624,0.0001069694202045,6,3.0314972564949827e-05,15.009609957636428,VBN,VB,0,stolen,1,0,0,0,0,1,0,0,0,0,-1
6,stone,2,0.0001618384851917,2.321928094887362,0.0003757773256008,5,4.5472458847424745e-05,14.424647456915272,NNP,NN,0,stone,1,0,0,0,0,1,0,0,0,0,-1
6,store,5,0.0004045962129794,0.15200309344505,6.149987596902819e-05,5,0.0002273622942371,12.10271936202791,NN,NN,0,store,0,1,0,0,0,0,1,0,0,0,1
6,strength,1,8.09192425958893e-05,0.5145731728297582,4.163887140554768e-05,8,6.820868827113711e-05,13.839684956194116,NN,NN,0,strength,0,0,0,0,0,0,1,0,0,1,1
6,succeed,1,8.09192425958893e-05,1.7369655941662063,0.000140553940295,7,2.2736229423712372e-05,15.424647456915272,VB,VB,0,succeed,0,1,0,0,1,0,1,0,1,1,1
6,success,1,8.09192425958893e-05,0.3219280948873623,2.6050177608622945e-05,7,0.000128838633401,12.922147116386087,NN,NN,0,success,0,1,0,0,1,0,1,0,0,0,1
6,suffering,1,8.09192425958893e-05,0.7369655941662062,5.9634697699158944e-05,9,5.30512019886622e-05,14.202255035578824,VBG,VB,0,suffer,0,0,1,1,0,1,0,1,0,0,-1
6,suicide,1,8.09192425958893e-05,1.3219280948873624,0.0001069694202045,7,0.000128838633401,12.922147116386087,NN,NN,0,suicid,1,0,0,1,0,1,0,1,0,0,-1
6,sun,4,0.0003236769703835,0.7369655941662062,0.0002385387907966,3,8.336617455361203e-05,13.550178338999132,NNP,NN,0,sun,0,1,0,0,1,0,1,0,1,1,1
6,supporting,1,8.09192425958893e-05,1.3219280948873624,0.0001069694202045,10,3.0314972564949827e-05,15.009609957636428,VBG,VB,0,support,0,0,0,0,0,0,1,0,0,1,1
6,surprise,1,8.09192425958893e-05,0.5145731728297582,4.163887140554768e-05,8,0.0001136811471185,13.10271936202791,NN,NN,0,surpris,0,0,0,1,1,0,1,0,1,0,1
6,suspect,1,8.09192425958893e-05,1.3219280948873624,0.0001069694202045,7,3.0314972564949827e-05,15.009609957636428,NN,NN,0,suspect,0,0,0,1,0,1,0,0,0,0,-1
6,sweetheart,1,8.09192425958893e-05,3.321928094887362,0.0002688079053962,10,7.578743141237457e-06,17.009609957636428,NNP,NN,0,sweetheart,0,1,0,0,1,0,1,1,0,1,1
6,sympathy,1,8.09192425958893e-05,1.7369655941662063,0.000140553940295,8,2.2736229423712372e-05,15.424647456915272,NN,NN,0,sympathi,0,0,0,0,0,0,1,1,0,0,1
6,tactics,1,8.09192425958893e-05,3.321928094887362,0.0002688079053962,7,7.578743141237457e-06,17.009609957636428,NNS,NN,0,tactic,0,0,0,1,0,0,0,0,0,1,0
6,tax,2,0.0001618384851917,0.5145731728297582,8.327774281109536e-05,3,0.0002046260648134,12.25472245547296,NN,NN,0,tax,0,0,0,0,0,1,0,1,0,0,-1
6,teacher,3,0.0002427577277876,0.15200309344505,3.689992558141691e-05,7,0.0001894685785309,12.365753767861705,NN,NN,0,teacher,0,0,0,0,0,0,1,0,0,1,1
6,threaten,2,0.0001618384851917,3.321928094887362,0.0005376158107925,8,1.5157486282474914e-05,16.009609957636428,VBP,VB,0,threaten,1,1,0,1,0,1,0,0,0,0,-1
6,title,2,0.0001618384851917,0.0,0.0,5,0.000287992239367,11.761682444192845,NN,NN,0,titl,0,0,0,0,0,0,1,0,0,1,1
6,toast,1,8.09192425958893e-05,2.321928094887362,0.0001878886628004,5,1.5157486282474914e-05,16.009609957636428,NN,NN,0,toast,0,0,0,0,1,0,1,0,0,0,1
6,toothache,1,8.09192425958893e-05,2.321928094887362,0.0001878886628004,9,1.5157486282474914e-05,16.009609957636428,NN,NN,0,toothach,0,0,0,1,0,1,0,0,0,0,-1
6,top,7,0.0005664346981712,0.0,0.0,3,0.0005684057355928,10.780791267140549,JJ,JJ,0,top,0,1,0,0,0,0,1,0,0,1,1
6,true,1,8.09192425958893e-05,0.3219280948873623,2.6050177608622945e-05,4,0.0001136811471185,13.10271936202791,JJ,JJ,0,true,0,0,0,0,1,0,1,0,0,1,1
6,undecided,1,8.09192425958893e-05,2.321928094887362,0.0001878886628004,9,1.5157486282474914e-05,16.009609957636428,JJ,JJ,0,undecid,0,1,0,1,0,1,0,0,0,0,-1
6,unique,2,0.0001618384851917,1.0,0.0001618384851917,6,6.0629945129899655e-05,14.009609957636428,JJ,JJ,0,uniqu,0,0,0,0,0,0,1,0,1,0,1
6,united,1,8.09192425958893e-05,0.0,0.0,6,0.0003334646982144,11.550178338999132,NNP,NN,0,unit,0,0,0,0,0,0,1,0,0,1,1
6,university,23,0.0018611425797054,0.0,0.0,10,0.0010761815260557,9.859862838131749,NNP,NN,0,univers,0,1,0,0,0,0,1,0,0,0,1
6,unlawful,1,8.09192425958893e-05,3.321928094887362,0.0002688079053962,8,7.578743141237457e-06,17.009609957636428,JJ,JJ,0,unlaw,1,0,1,1,0,1,0,1,0,0,-1
6,usual,1,8.09192425958893e-05,1.0,8.09192425958893e-05,5,4.5472458847424745e-05,14.424647456915272,JJ,JJ,0,usual,0,0,0,0,0,0,1,0,0,1,1
6,vacation,1,8.09192425958893e-05,1.0,8.09192425958893e-05,8,6.0629945129899655e-05,14.009609957636428,NN,NN,0,vacat,0,1,0,0,1,0,1,0,0,0,1
6,vermin,1,8.09192425958893e-05,3.321928094887362,0.0002688079053962,6,7.578743141237457e-06,17.009609957636428,NN,NN,0,vermin,1,0,1,1,0,1,0,0,0,0,-1
6,veteran,2,0.0001618384851917,0.15200309344505,2.4599950387611274e-05,7,0.0001136811471185,13.10271936202791,NN,NN,0,veteran,0,0,0,0,0,0,1,0,0,1,1
6,victim,1,8.09192425958893e-05,0.7369655941662062,5.9634697699158944e-05,6,9.094491769484948e-05,13.424647456915272,NN,NN,0,victim,1,0,0,1,0,1,0,1,0,0,-1
6,victor,1,8.09192425958893e-05,1.0,8.09192425958893e-05,6,4.5472458847424745e-05,14.424647456915272,NNP,NN,0,victor,0,0,0,0,1,0,1,0,0,0,1
6,victory,1,8.09192425958893e-05,0.7369655941662062,5.9634697699158944e-05,7,7.578743141237457e-05,13.687681862749066,NN,NN,0,victori,0,1,0,0,1,0,1,0,0,1,1
6,violation,1,8.09192425958893e-05,1.3219280948873624,0.0001069694202045,9,3.7893715706187286e-05,14.687681862749066,NN,NN,0,violat,1,0,0,1,0,1,0,1,1,0,-1
6,virgin,1,8.09192425958893e-05,2.321928094887362,0.0001878886628004,6,1.5157486282474914e-05,16.009609957636428,NNP,NN,0,virgin,0,0,0,0,0,0,1,0,0,1,1
6,vote,4,0.0003236769703835,0.7369655941662062,0.0002385387907966,4,0.0001439961196835,12.761682444192845,NN,NN,0,vote,1,1,0,0,1,1,1,1,1,1,0
6,wages,1,8.09192425958893e-05,2.321928094887362,0.0001878886628004,5,1.5157486282474914e-05,16.009609957636428,NNP,NN,0,wage,0,0,0,0,1,0,1,0,0,0,1
6,wait,1,8.09192425958893e-05,1.3219280948873624,0.0001069694202045,4,3.0314972564949827e-05,15.009609957636428,NN,NN,0,wait,0,1,0,0,0,1,0,0,0,0,-1
6,war,1,8.09192425958893e-05,0.15200309344505,1.2299975193805637e-05,3,0.0001591536059659,12.617292534857668,NNP,NN,0,war,0,0,0,1,0,1,0,0,0,0,-1
6,warned,2,0.0001618384851917,0.5145731728297582,8.327774281109536e-05,6,8.336617455361203e-05,13.550178338999132,VBD,VB,0,warn,0,1,0,1,0,0,0,0,1,0,0
6,watch,1,8.09192425958893e-05,0.15200309344505,1.2299975193805637e-05,5,0.0001364173765422,12.839684956194116,NN,NN,0,watch,0,1,0,1,0,0,0,0,0,0,0
6,wear,2,0.0001618384851917,0.3219280948873623,5.210035521724589e-05,4,0.0001136811471185,13.10271936202791,VB,VB,0,wear,0,0,0,0,0,1,0,0,0,1,-1
6,whip,1,8.09192425958893e-05,2.321928094887362,0.0001878886628004,4,1.5157486282474914e-05,16.009609957636428,NN,NN,0,whip,1,0,0,0,0,1,0,0,0,0,-1
6,white,28,0.0022657387926849,0.0,0.0,5,0.0022054142541001,8.824734614728145,JJ,JJ,0,white,0,1,0,0,1,0,1,0,0,1,1
6,wonderful,2,0.0001618384851917,0.7369655941662062,0.0001192693953983,9,6.820868827113711e-05,13.839684956194116,JJ,JJ,0,wonder,0,0,0,0,1,0,1,0,1,1,1
6,word,1,8.09192425958893e-05,0.3219280948873623,2.6050177608622945e-05,4,0.0001061024039773,13.202255035578824,NN,NN,0,word,0,0,0,0,0,0,1,0,0,1,1
6,words,2,0.0001618384851917,0.0,0.0,5,0.0001970473216721,12.309170239495336,NNS,NN,0,word,1,0,0,0,0,1,0,0,0,0,-1
6,worthy,1,8.09192425958893e-05,2.321928094887362,0.0001878886628004,6,2.2736229423712372e-05,15.424647456915272,JJ,JJ,0,worthi,0,0,0,0,0,0,1,0,0,1,1
6,wound,2,0.0001618384851917,1.7369655941662063,0.00028110788059,5,3.0314972564949827e-05,15.009609957636428,NN,NN,0,wound,1,0,0,1,0,1,0,1,0,0,-1
6,young,7,0.0005664346981712,0.0,0.0,5,0.0006441931670051,10.600219021498727,JJ,JJ,0,young,0,1,0,0,1,0,1,0,1,0,1
6,youth,6,0.0004855154555753,0.15200309344505,7.379985116283382e-05,5,0.0002122048079546,12.202255035578824,NN,NN,0,youth,1,1,0,1,1,0,1,0,1,0,1
7,academic,1,8.340283569641368e-05,1.7369655941662063,0.0001448678560605,8,2.2736229423712372e-05,15.424647456915272,JJ,JJ,0,academ,0,0,0,0,0,0,1,0,0,1,1
7,accident,2,0.0001668056713928,0.7369655941662062,0.0001229300407283,8,9.852366083608696e-05,13.309170239495336,NN,NN,0,accid,0,0,0,1,0,1,0,1,1,0,-1
7,accomplished,1,8.340283569641368e-05,1.7369655941662063,0.0001448678560605,12,2.2736229423712372e-05,15.424647456915272,VBN,VB,0,accomplish,0,0,0,0,1,0,1,0,0,0,1
7,accurate,3,0.0002502085070892,0.0,0.0,8,0.0001818898353896,12.424647456915272,JJ,JJ,0,accur,0,0,0,0,0,0,1,0,0,1,1
7,accused,2,0.0001668056713928,0.15200309344505,2.535497805588825e-05,7,0.0001818898353896,12.424647456915272,VBN,VB,0,accus,1,0,0,1,0,1,0,0,0,0,-1
7,admire,1,8.340283569641368e-05,1.7369655941662063,0.0001448678560605,6,2.2736229423712372e-05,15.424647456915272,JJ,JJ,0,admir,0,0,0,0,0,0,1,0,0,1,1
7,agitation,1,8.340283569641368e-05,3.321928094887362,0.0002770582230931,9,7.578743141237457e-06,17.009609957636428,NN,NN,0,agit,1,0,0,0,0,1,0,0,0,0,-1
7,agreed,3,0.0002502085070892,0.5145731728297582,0.0001287505853619,6,9.094491769484948e-05,13.424647456915272,VBD,VB,0,agre,0,0,0,0,0,0,1,0,0,1,1
7,agreement,1,8.340283569641368e-05,0.3219280948873623,2.6849716003950154e-05,9,7.578743141237457e-05,13.687681862749066,NN,NN,0,agreement,0,0,0,0,0,0,1,0,0,1,1
7,amused,1,8.340283569641368e-05,2.321928094887362,0.0001936553873967,6,1.5157486282474914e-05,16.009609957636428,VBN,VB,0,amus,0,0,0,0,1,0,1,0,0,0,1
7,angry,1,8.340283569641368e-05,1.3219280948873624,0.0001102525517003,5,3.0314972564949827e-05,15.009609957636428,JJ,JJ,0,angri,1,0,1,0,0,1,0,0,0,0,-1
7,annulment,1,8.340283569641368e-05,3.321928094887362,0.0002770582230931,9,7.578743141237457e-06,17.009609957636428,NNP,NN,0,annul,0,0,0,0,0,1,0,1,0,0,-1
7,appreciation,2,0.0001668056713928,1.0,0.0001668056713928,12,5.30512019886622e-05,14.202255035578824,NN,NN,0,appreci,0,0,0,0,1,0,1,0,0,1,1
7,argument,1,8.340283569641368e-05,1.0,8.340283569641368e-05,8,5.30512019886622e-05,14.202255035578824,NN,NN,0,argument,1,0,0,0,0,1,0,0,0,0,-1
7,armed,2,0.0001668056713928,0.7369655941662062,0.0001229300407283,5,7.578743141237457e-05,13.687681862749066,VBN,VB,0,arm,1,0,0,1,0,1,1,0,0,0,0
7,art,7,0.0005838198498748,0.0,0.0,3,0.0002804134962257,11.80015659200748,NNP,NN,0,art,0,1,0,0,1,0,1,1,1,0,1
7,aspiring,1,8.340283569641368e-05,3.321928094887362,0.0002770582230931,8,7.578743141237457e-06,17.009609957636428,NNP,NN,0,aspir,0,1,0,0,1,0,1,0,0,1,1
7,assembly,2,0.0001668056713928,1.7369655941662063,0.0002897357121211,8,3.0314972564949827e-05,15.009609957636428,NNP,NN,0,assembl,0,0,0,0,0,0,1,0,0,1,1
7,associate,1,8.340283569641368e-05,0.15200309344505,1.2677489027944124e-05,9,0.0001894685785309,12.365753767861705,NNP,NN,0,associ,0,0,0,0,0,0,1,0,0,1,1
7,asylum,2,0.0001668056713928,2.321928094887362,0.0003873107747935,6,3.0314972564949827e-05,15.009609957636428,NNP,NN,0,asylum,0,0,0,1,0,1,0,0,0,0,-1
7,attack,3,0.0002502085070892,0.15200309344505,3.803246708383237e-05,6,0.0002046260648134,12.25472245547296,NN,NN,0,attack,1,0,0,1,0,1,0,0,0,0,-1
7,attorney,1,8.340283569641368e-05,0.0,0.0,8,0.0002500985236608,11.965215838277976,NN,NN,0,attorney,1,0,0,1,0,0,1,0,0,1,1
7,avoid,1,8.340283569641368e-05,2.321928094887362,0.0001936553873967,5,1.5157486282474914e-05,16.009609957636428,VB,VB,0,avoid,0,0,0,1,0,1,0,0,0,0,-1
7,award,3,0.0002502085070892,0.0,0.0,5,0.0002273622942371,12.10271936202791,NN,NN,0,award,0,1,0,0,1,0,1,0,1,1,1
7,baby,5,0.000417014178482,0.3219280948873623,0.0001342485800197,4,0.0003637796707793,11.424647456915272,NN,NN,0,babi,0,0,0,0,1,0,1,0,0,0,1
7,backwards,1,8.340283569641368e-05,3.321928094887362,0.0002770582230931,9,7.578743141237457e-06,17.009609957636428,NNS,NN,0,backward,0,0,1,0,0,1,0,0,0,0,-1
7,bad,3,0.0002502085070892,0.0,0.0,3,0.0001743110922484,12.486048001579416,JJ,JJ,0,bad,1,0,1,1,0,1,0,1,0,0,-1
7,banquet,1,8.340283569641368e-05,0.7369655941662062,6.146502036415398e-05,7,5.30512019886622e-05,14.202255035578824,NN,NN,0,banquet,0,1,0,0,1,0,1,0,0,0,1
7,basketball,1,8.340283569641368e-05,0.5145731728297582,4.2916861787302605e-05,10,7.578743141237457e-05,13.687681862749066,NN,NN,0,basketbal,0,1,0,0,1,0,1,0,0,0,1
7,battle,3,0.0002502085070892,0.0,0.0,6,0.0001743110922484,12.486048001579416,NN,NN,0,battl,1,0,0,0,0,1,0,0,0,0,-1
7,bear,1,8.340283569641368e-05,1.7369655941662063,0.0001448678560605,4,2.2736229423712372e-05,15.424647456915272,NNP,VB,0,bear,1,0,0,1,0,0,0,0,0,0,0
7,beating,3,0.0002502085070892,0.5145731728297582,0.0001287505853619,7,9.852366083608696e-05,13.309170239495336,NN,NN,0,beat,1,0,0,1,0,1,0,1,0,0,-1
7,beautiful,4,0.0003336113427856,0.5145731728297582,0.0001716674471492,9,0.0001591536059659,12.617292534857668,JJ,JJ,0,beauti,0,0,0,0,1,0,1,0,0,0,1
7,beauty,2,0.0001668056713928,0.15200309344505,2.535497805588825e-05,6,0.0001591536059659,12.617292534857668,NN,NN,0,beauti,0,0,0,0,1,0,1,0,0,0,1
7,beer,1,8.340283569641368e-05,1.0,8.340283569641368e-05,4,4.5472458847424745e-05,14.424647456915272,NN,NN,0,beer,0,0,0,0,1,0,1,0,0,0,1
7,bias,1,8.340283569641368e-05,0.5145731728297582,4.2916861787302605e-05,4,0.0001667323491072,12.550178338999132,NNP,NN,0,bia,1,0,0,0,0,1,0,0,0,0,-1
7,birth,4,0.0003336113427856,0.15200309344505,5.07099561117765e-05,5,0.0002197835510958,12.151628962508855,NN,NN,0,birth,0,1,0,1,1,0,1,0,0,1,1
7,birthday,5,0.000417014178482,0.5145731728297582,0.0002145843089365,8,0.0001439961196835,12.761682444192845,NN,NN,0,birthday,0,1,0,0,1,0,1,0,1,0,1
7,black,4,0.0003336113427856,0.0,0.0,5,0.0027586625034104,8.501815317437732,NNP,NN,0,black,0,0,0,0,0,1,0,1,0,0,-1
7,blame,1,8.340283569641368e-05,2.321928094887362,0.0001936553873967,5,2.2736229423712372e-05,15.424647456915272,NN,VB,0,blame,1,0,1,0,0,1,0,0,0,0,-1
7,blessed,1,8.340283569641368e-05,3.321928094887362,0.0002770582230931,7,7.578743141237457e-06,17.009609957636428,VBN,VB,0,bless,0,0,0,0,1,0,1,0,0,0,1
7,blessing,1,8.340283569641368e-05,1.0,8.340283569641368e-05,8,3.7893715706187286e-05,14.687681862749066,VBG,VB,0,bless,0,1,0,0,1,0,1,0,0,1,1
7,blessings,1,8.340283569641368e-05,2.321928094887362,0.0001936553873967,9,1.5157486282474914e-05,16.009609957636428,NNS,NN,0,bless,0,1,0,0,1,0,1,0,1,1,1
7,blues,2,0.0001668056713928,0.3219280948873623,5.369943200790031e-05,5,0.0001439961196835,12.761682444192845,NNS,NN,0,blue,0,0,0,1,0,1,0,1,0,0,-1
7,bothering,1,8.340283569641368e-05,3.321928094887362,0.0002770582230931,9,7.578743141237457e-06,17.009609957636428,VBG,VB,0,bother,1,0,0,0,0,1,0,1,0,0,-1
7,bout,4,0.0003336113427856,0.7369655941662062,0.0002458600814566,4,0.0001212598902597,13.009609957636428,NN,NN,0,bout,1,0,0,0,0,1,0,0,0,0,-1
7,boy,4,0.0003336113427856,0.3219280948873623,0.0001073988640158,3,0.0003031497256494,11.687681862749066,NN,NN,0,boy,0,0,1,0,0,1,0,0,0,0,-1
7,brawl,1,8.340283569641368e-05,3.321928094887362,0.0002770582230931,5,7.578743141237457e-06,17.009609957636428,NN,NN,0,brawl,1,0,1,1,0,1,0,0,0,0,-1
7,bride,11,0.0009174311926605,0.5145731728297582,0.0004720854796603,5,0.0002122048079546,12.202255035578824,NN,NN,0,bride,0,1,0,0,1,0,1,0,0,1,1
7,bridegroom,1,8.340283569641368e-05,3.321928094887362,0.0002770582230931,10,7.578743141237457e-06,17.009609957636428,NN,NN,0,bridegroom,0,1,0,0,1,0,1,0,0,1,1
7,bridesmaid,1,8.340283569641368e-05,3.321928094887362,0.0002770582230931,10,7.578743141237457e-06,17.009609957636428,VBD,VB,0,bridesmaid,0,0,0,0,1,0,1,0,0,1,1
7,brilliant,3,0.0002502085070892,1.0,0.0002502085070892,9,7.578743141237457e-05,13.687681862749066,JJ,JJ,0,brilliant,0,1,0,0,1,0,1,0,0,1,1
7,broke,1,8.340283569641368e-05,0.3219280948873623,2.6849716003950154e-05,5,0.0001061024039773,13.202255035578824,VBD,VB,0,broke,0,0,0,1,0,1,0,1,0,0,-1
7,broken,1,8.340283569641368e-05,1.0,8.340283569641368e-05,6,7.578743141237457e-05,13.687681862749066,JJ,JJ,0,broken,1,0,0,1,0,1,0,1,0,0,-1
7,brother,2,0.0001668056713928,0.0,0.0,7,0.0002122048079546,12.202255035578824,NN,NN,0,brother,0,0,0,0,0,0,1,0,0,1,1
7,buffet,1,8.340283569641368e-05,1.7369655941662063,0.0001448678560605,6,2.2736229423712372e-05,15.424647456915272,NN,NN,0,buffet,1,0,0,0,0,1,0,0,0,0,-1
7,burke,1,8.340283569641368e-05,1.0,8.340283569641368e-05,5,6.820868827113711e-05,13.839684956194116,NNP,NN,0,burk,1,0,1,1,0,1,0,1,0,0,-1
7,burnt,1,8.340283569641368e-05,3.321928094887362,0.0002770582230931,5,7.578743141237457e-06,17.009609957636428,NN,NN,0,burnt,0,0,1,0,0,1,0,0,0,0,-1
7,butler,2,0.0001668056713928,0.5145731728297582,8.583372357460521e-05,6,9.852366083608696e-05,13.309170239495336,NNP,NN,0,butler,0,0,0,0,0,0,1,0,0,1,1
7,cabinet,1,8.340283569641368e-05,1.3219280948873624,0.0001102525517003,7,6.820868827113711e-05,13.839684956194116,NN,NN,0,cabinet,0,0,0,0,0,0,1,0,0,1,1
7,calls,3,0.0002502085070892,1.0,0.0002502085070892,5,8.336617455361203e-05,13.550178338999132,VBZ,VB,0,call,0,1,0,0,0,1,0,0,0,1,-1
7,career,3,0.0002502085070892,0.0,0.0,6,0.0003334646982144,11.550178338999132,NN,NN,0,career,0,1,0,0,0,0,1,0,0,0,1
7,carol,1,8.340283569641368e-05,1.0,8.340283569641368e-05,5,3.7893715706187286e-05,14.687681862749066,NNP,NN,0,carol,0,0,0,0,1,0,1,0,0,1,1
7,case,1,8.340283569641368e-05,0.0,0.0,4,0.0003562009276381,11.45502110595879,NN,NN,0,case,0,0,0,1,0,1,0,1,0,0,-1
7,cash,2,0.0001668056713928,0.15200309344505,2.535497805588825e-05,4,0.0001743110922484,12.486048001579416,NN,NN,0,cash,1,1,0,1,1,0,1,0,0,1,1
7,casket,1,8.340283569641368e-05,2.321928094887362,0.0001936553873967,6,1.5157486282474914e-05,16.009609957636428,NN,NN,0,casket,0,0,0,1,0,1,0,1,0,0,-1
7,celebrated,3,0.0002502085070892,1.3219280948873624,0.000330757655101,10,6.0629945129899655e-05,14.009609957636428,JJ,VB,0,celebr,0,1,0,0,1,0,1,0,0,0,1
7,celebrating,2,0.0001668056713928,1.0,0.0001668056713928,11,4.5472458847424745e-05,14.424647456915272,VBG,VB,0,celebr,0,1,0,0,1,0,1,0,0,0,1
7,celebration,1,8.340283569641368e-05,0.3219280948873623,2.6849716003950154e-05,11,9.852366083608696e-05,13.309170239495336,NN,NN,0,celebr,0,1,0,0,1,0,1,0,1,1,1
7,center,3,0.0002502085070892,0.0,0.0,6,0.0003183072119319,11.617292534857668,NNP,NN,0,center,0,0,0,0,0,0,1,0,0,1,1
7,ceremony,3,0.0002502085070892,1.0,0.0002502085070892,8,0.000128838633401,12.922147116386087,NN,NN,0,ceremoni,0,0,0,0,1,0,1,0,1,0,1
7,chairman,4,0.0003336113427856,0.0,0.0,8,0.0003713584139206,11.39490011352122,NN,NN,0,chairman,0,0,0,0,0,0,1,0,0,1,1
7,champion,2,0.0001668056713928,0.0,0.0,8,0.0002500985236608,11.965215838277976,NN,NN,0,champion,0,1,0,0,1,0,1,0,0,1,1
7,charity,3,0.0002502085070892,1.3219280948873624,0.000330757655101,7,5.30512019886622e-05,14.202255035578824,NN,NN,0,chariti,0,0,0,0,1,0,1,0,0,0,1
7,child,7,0.0005838198498748,0.0,0.0,5,0.0002955709825082,11.72420773877418,NN,NN,0,child,0,1,0,0,1,0,1,0,0,0,1
7,chocolate,1,8.340283569641368e-05,1.3219280948873624,0.0001102525517003,9,4.5472458847424745e-05,14.424647456915272,NN,NN,0,chocol,0,1,0,0,1,0,1,0,0,1,1
7,church,10,0.0008340283569641,0.0,0.0,6,0.0007351380847,10.4096971154493,NNP,NN,0,church,0,1,0,0,1,0,1,0,0,1,1
7,clean,1,8.340283569641368e-05,1.3219280948873624,0.0001102525517003,5,3.7893715706187286e-05,14.687681862749066,JJ,JJ,0,clean,0,0,0,0,1,0,1,0,0,1,1
7,clown,1,8.340283569641368e-05,1.7369655941662063,0.0001448678560605,5,2.2736229423712372e-05,15.424647456915272,NNP,NN,0,clown,0,1,0,0,1,0,1,0,1,0,1
7,concord,1,8.340283569641368e-05,3.321928094887362,0.0002770582230931,7,7.578743141237457e-06,17.009609957636428,NNP,NN,0,concord,0,0,0,0,0,0,1,0,0,1,1
7,confession,1,8.340283569641368e-05,2.321928094887362,0.0001936553873967,10,1.5157486282474914e-05,16.009609957636428,NN,NN,0,confess,0,1,0,1,0,1,0,1,1,0,-1
7,confined,1,8.340283569641368e-05,1.0,8.340283569641368e-05,8,4.5472458847424745e-05,14.424647456915272,VBN,VB,0,confin,1,0,1,1,0,1,0,1,0,0,-1
7,confirmed,1,8.340283569641368e-05,1.3219280948873624,0.0001102525517003,9,3.0314972564949827e-05,15.009609957636428,VBD,VB,0,confirm,0,0,0,0,0,0,1,0,0,1,1
7,congregation,1,8.340283569641368e-05,1.3219280948873624,0.0001102525517003,12,5.30512019886622e-05,14.202255035578824,NN,NN,0,congreg,0,0,0,0,0,0,1,0,0,1,1
7,controversial,1,8.340283569641368e-05,1.0,8.340283569641368e-05,13,3.7893715706187286e-05,14.687681862749066,JJ,JJ,0,controversi,1,0,0,0,0,1,0,0,0,0,-1
7,cooperation,1,8.340283569641368e-05,1.7369655941662063,0.0001448678560605,11,3.0314972564949827e-05,15.009609957636428,NN,NN,0,cooper,0,0,0,0,0,0,1,0,0,1,1
7,cooperative,1,8.340283569641368e-05,1.7369655941662063,0.0001448678560605,11,3.0314972564949827e-05,15.009609957636428,JJ,JJ,0,cooper,0,0,0,0,0,0,1,0,0,1,1
7,cop,2,0.0001668056713928,0.3219280948873623,5.369943200790031e-05,3,0.0002273622942371,12.10271936202791,NNP,NN,0,cop,0,0,0,1,0,0,0,0,0,1,0
7,cosmopolitan,1,8.340283569641368e-05,1.7369655941662063,0.0001448678560605,12,2.2736229423712372e-05,15.424647456915272,JJ,NN,0,cosmopolitan,0,0,0,0,0,0,1,0,0,1,1
7,council,5,0.000417014178482,0.15200309344505,6.338744513972062e-05,7,0.0002349410373783,12.055413647249551,NNP,NN,0,council,0,1,0,0,0,0,1,0,0,1,1
7,counsel,2,0.0001668056713928,1.0,0.0001668056713928,7,4.5472458847424745e-05,14.424647456915272,NN,NN,0,counsel,0,0,0,0,0,0,1,0,0,1,1
7,court,10,0.0008340283569641,0.0,0.0,5,0.0010003940946433,9.965215838277976,NNP,NN,0,court,1,1,0,1,0,0,0,0,0,0,0
7,cove,1,8.340283569641368e-05,3.321928094887362,0.0002770582230931,4,7.578743141237457e-06,17.009609957636428,NNP,NN,0,cove,0,1,1,1,1,0,1,0,0,0,1
7,cowardice,1,8.340283569641368e-05,3.321928094887362,0.0002770582230931,9,7.578743141237457e-06,17.009609957636428,NN,NN,0,cowardic,0,0,0,1,0,1,0,0,0,0,-1
7,cracked,1,8.340283569641368e-05,2.321928094887362,0.0001936553873967,7,1.5157486282474914e-05,16.009609957636428,VBD,VB,0,crack,1,0,0,1,0,1,0,0,0,0,-1
7,crazy,1,8.340283569641368e-05,3.321928094887362,0.0002770582230931,5,7.578743141237457e-06,17.009609957636428,NN,NN,0,crazi,1,0,0,1,0,1,0,1,0,0,-1
7,crime,3,0.0002502085070892,0.15200309344505,3.803246708383237e-05,5,0.0002197835510958,12.151628962508855,NN,NN,0,crime,1,0,0,0,0,1,0,0,0,0,-1
7,criminal,1,8.340283569641368e-05,1.0,8.340283569641368e-05,8,7.578743141237457e-05,13.687681862749066,JJ,JJ,0,crimin,1,0,1,1,0,1,0,0,0,0,-1
7,crushed,1,8.340283569641368e-05,1.7369655941662063,0.0001448678560605,7,3.7893715706187286e-05,14.687681862749066,VBN,VB,0,crush,1,0,1,1,0,1,0,1,0,0,-1
7,crying,1,8.340283569641368e-05,2.321928094887362,0.0001936553873967,6,1.5157486282474914e-05,16.009609957636428,NN,NN,0,cri,0,0,0,0,0,1,0,1,0,0,-1
7,cuddle,2,0.0001668056713928,3.321928094887362,0.0005541164461863,6,1.5157486282474914e-05,16.009609957636428,NN,NN,0,cuddl,0,0,0,0,1,0,1,0,0,1,1
7,cursed,2,0.0001668056713928,3.321928094887362,0.0005541164461863,6,1.5157486282474914e-05,16.009609957636428,VBD,VB,0,curs,1,0,0,1,0,1,0,1,0,0,-1
7,damage,1,8.340283569641368e-05,0.5145731728297582,4.2916861787302605e-05,6,0.000128838633401,12.922147116386087,NN,NN,0,damag,1,0,1,0,0,1,0,1,0,0,-1
7,damages,1,8.340283569641368e-05,1.3219280948873624,0.0001102525517003,7,3.0314972564949827e-05,15.009609957636428,NNS,NN,0,damag,0,0,0,0,0,1,0,1,0,0,-1
7,dance,2,0.0001668056713928,0.0,0.0,5,0.0002349410373783,12.055413647249551,NN,NN,0,danc,0,0,0,0,1,0,1,0,0,1,1
7,darkness,1,8.340283569641368e-05,1.7369655941662063,0.0001448678560605,8,2.2736229423712372e-05,15.424647456915272,NNP,NN,0,dark,1,0,0,1,0,1,0,1,0,0,-1
7,daughter,5,0.000417014178482,0.15200309344505,6.338744513972062e-05,8,0.0003865159002031,11.337184615664931,NN,NN,0,daughter,0,0,0,0,1,0,1,0,0,0,1
7,deal,2,0.0001668056713928,0.3219280948873623,5.369943200790031e-05,4,9.852366083608696e-05,13.309170239495336,NN,NN,0,deal,0,1,0,0,1,0,1,0,1,1,1
7,death,9,0.0007506255212677,0.0,0.0,5,0.0005229332767453,10.90108550085826,NN,NN,0,death,1,1,1,1,0,1,0,1,1,0,-1
7,deceased,1,8.340283569641368e-05,2.321928094887362,0.0001936553873967,8,1.5157486282474914e-05,16.009609957636428,VBD,VB,0,deceas,0,0,0,0,0,1,0,1,0,0,-1
7,deceived,1,8.340283569641368e-05,3.321928094887362,0.0002770582230931,8,7.578743141237457e-06,17.009609957636428,VBN,VB,0,deceiv,1,0,0,0,0,1,0,0,0,0,-1
7,defective,1,8.340283569641368e-05,2.321928094887362,0.0001936553873967,9,1.5157486282474914e-05,16.009609957636428,JJ,JJ,0,defect,0,0,1,0,0,1,0,0,0,0,-1
7,defendant,1,8.340283569641368e-05,1.3219280948873624,0.0001102525517003,9,4.5472458847424745e-05,14.424647456915272,NN,NN,0,defend,1,0,0,1,0,0,0,1,0,0,0
7,defense,2,0.0001668056713928,0.15200309344505,2.535497805588825e-05,7,0.0002955709825082,11.72420773877418,NN,NN,0,defens,1,1,0,1,0,0,1,0,0,0,1
7,delegate,1,8.340283569641368e-05,0.7369655941662062,6.146502036415398e-05,8,6.820868827113711e-05,13.839684956194116,NN,NN,0,deleg,0,0,0,0,0,0,1,0,0,1,1
7,denied,4,0.0003336113427856,0.15200309344505,5.07099561117765e-05,6,0.0001667323491072,12.550178338999132,VBD,VB,0,deni,0,0,0,0,0,1,0,1,0,0,-1
7,dependent,1,8.340283569641368e-05,3.321928094887362,0.0002770582230931,9,7.578743141237457e-06,17.009609957636428,JJ,JJ,0,depend,0,0,0,0,0,1,1,0,0,1,0
7,destroyed,1,8.340283569641368e-05,1.3219280948873624,0.0001102525517003,9,3.0314972564949827e-05,15.009609957636428,VBN,VB,0,destroy,1,0,0,1,0,1,0,1,0,0,-1
7,diamond,1,8.340283569641368e-05,1.3219280948873624,0.0001102525517003,7,3.0314972564949827e-05,15.009609957636428,NN,NN,0,diamond,0,0,0,0,1,0,1,0,0,0,1
7,dictator,1,8.340283569641368e-05,1.7369655941662063,0.0001448678560605,8,3.0314972564949827e-05,15.009609957636428,NN,NN,0,dictat,0,0,0,1,0,1,0,0,0,0,-1
7,die,1,8.340283569641368e-05,0.7369655941662062,6.146502036415398e-05,3,9.852366083608696e-05,13.309170239495336,VB,VB,0,die,0,0,0,1,0,1,0,1,0,0,-1
7,director,6,0.0005004170141784,0.0,0.0,8,0.0006593506532876,10.5666664617877,NN,NN,0,director,0,0,0,0,0,0,1,0,0,1,1
7,discrimination,2,0.0001668056713928,0.15200309344505,2.535497805588825e-05,14,0.000287992239367,11.761682444192845,NN,NN,0,discrimin,1,0,1,1,0,1,0,1,0,0,-1
7,divorce,1,8.340283569641368e-05,0.7369655941662062,6.146502036415398e-05,7,0.0001743110922484,12.486048001579416,NN,NN,0,divorc,1,0,1,1,0,1,0,1,1,1,-1
7,doctor,5,0.000417014178482,0.0,0.0,6,0.0002425197805195,12.009609957636428,NN,NN,0,doctor,0,0,0,0,0,0,1,0,0,1,1
7,don,14,0.0011676396997497,0.0,0.0,3,0.0009397641495134,10.055413647249551,NNP,NN,1,don,0,0,0,0,0,0,1,0,0,1,1
7,dreadful,1,8.340283569641368e-05,2.321928094887362,0.0001936553873967,8,2.2736229423712372e-05,15.424647456915272,JJ,JJ,0,dread,1,1,1,1,0,1,0,1,0,0,-1
7,dying,2,0.0001668056713928,2.321928094887362,0.0003873107747935,5,2.2736229423712372e-05,15.424647456915272,VBG,VB,0,die,1,0,1,1,0,1,0,1,0,0,-1
7,electric,1,8.340283569641368e-05,1.0,8.340283569641368e-05,8,4.5472458847424745e-05,14.424647456915272,JJ,JJ,0,electr,0,0,0,0,1,0,1,0,1,0,1
7,elegant,1,8.340283569641368e-05,1.0,8.340283569641368e-05,7,4.5472458847424745e-05,14.424647456915272,JJ,JJ,0,eleg,0,0,0,0,1,0,1,0,0,0,1
7,entertaining,1,8.340283569641368e-05,2.321928094887362,0.0001936553873967,12,1.5157486282474914e-05,16.009609957636428,JJ,JJ,0,entertain,0,1,0,0,1,0,1,0,0,0,1
7,entertainment,1,8.340283569641368e-05,0.0,0.0,13,0.0001743110922484,12.486048001579416,NNP,NN,0,entertain,0,1,0,0,1,0,1,0,1,1,1
7,error,1,8.340283569641368e-05,1.3219280948873624,0.0001102525517003,5,3.7893715706187286e-05,14.687681862749066,NN,NN,0,error,0,0,0,0,0,1,0,1,0,0,-1
7,escape,1,8.340283569641368e-05,0.7369655941662062,6.146502036415398e-05,6,6.0629945129899655e-05,14.009609957636428,NN,NN,0,escap,0,1,0,1,0,1,1,0,0,0,0
7,esteem,1,8.340283569641368e-05,2.321928094887362,0.0001936553873967,6,1.5157486282474914e-05,16.009609957636428,NN,NN,0,esteem,0,0,0,0,1,0,1,1,0,1,1
7,evil,1,8.340283569641368e-05,1.7369655941662063,0.0001448678560605,4,3.0314972564949827e-05,15.009609957636428,JJ,JJ,0,evil,1,0,1,1,0,1,0,1,0,0,-1
7,exalted,1,8.340283569641368e-05,3.321928094887362,0.0002770582230931,7,7.578743141237457e-06,17.009609957636428,NNP,NN,0,exalt,0,0,0,0,1,0,1,0,0,1,1
7,exciting,1,8.340283569641368e-05,0.7369655941662062,6.146502036415398e-05,8,4.5472458847424745e-05,14.424647456915272,JJ,JJ,0,excit,0,1,0,0,1,0,1,0,1,0,1
7,expect,2,0.0001668056713928,1.0,0.0001668056713928,6,6.820868827113711e-05,13.839684956194116,VBP,VB,0,expect,0,1,0,0,0,0,1,0,1,1,1
7,expert,1,8.340283569641368e-05,1.3219280948873624,0.0001102525517003,6,3.0314972564949827e-05,15.009609957636428,NN,NN,0,expert,0,0,0,0,0,0,1,0,0,1,1
7,facts,2,0.0001668056713928,1.0,0.0001668056713928,5,5.30512019886622e-05,14.202255035578824,NNS,NN,0,fact,0,0,0,0,0,0,1,0,0,1,1
7,failing,1,8.340283569641368e-05,2.321928094887362,0.0001936553873967,7,2.2736229423712372e-05,15.424647456915272,VBG,VB,0,fail,1,1,0,1,0,1,0,1,0,0,-1
7,feat,1,8.340283569641368e-05,3.321928094887362,0.0002770582230931,4,7.578743141237457e-06,17.009609957636428,NN,NN,0,feat,0,1,0,0,1,0,1,0,1,0,1
7,feeling,1,8.340283569641368e-05,0.3219280948873623,2.6849716003950154e-05,7,0.0001591536059659,12.617292534857668,NN,NN,0,feel,1,1,1,1,1,1,1,1,1,1,0
7,fell,2,0.0001668056713928,1.3219280948873624,0.0002205051034007,4,6.0629945129899655e-05,14.009609957636428,VBD,VB,0,fell,0,0,0,0,0,1,0,1,0,0,-1
7,fellow,1,8.340283569641368e-05,0.7369655941662062,6.146502036415398e-05,6,7.578743141237457e-05,13.687681862749066,NN,NN,0,fellow,0,0,0,0,0,0,1,0,0,1,1
7,feud,1,8.340283569641368e-05,3.321928094887362,0.0002770582230931,4,7.578743141237457e-06,17.009609957636428,NN,NN,0,feud,1,0,0,0,0,1,0,0,0,0,-1
7,fight,12,0.0010008340283569,0.0,0.0,5,0.000416830872768,11.228250244111768,NN,NN,0,fight,1,0,0,1,0,1,0,0,0,0,-1
7,fighting,1,8.340283569641368e-05,0.5145731728297582,4.2916861787302605e-05,8,9.094491769484948e-05,13.424647456915272,VBG,VB,0,fight,1,0,0,0,0,1,0,0,0,0,-1
7,finally,2,0.0001668056713928,0.3219280948873623,5.369943200790031e-05,7,0.0001364173765422,12.839684956194116,RB,RB,0,final,0,1,1,0,1,0,1,0,1,1,1
7,flying,1,8.340283569641368e-05,1.0,8.340283569641368e-05,6,5.30512019886622e-05,14.202255035578824,VBG,VB,0,fli,0,0,0,1,0,0,1,0,0,0,1
7,food,9,0.0007506255212677,0.3219280948873623,0.0002416474440355,4,0.0001970473216721,12.309170239495336,NN,NN,0,food,0,0,0,0,1,0,1,0,0,1,1
7,football,1,8.340283569641368e-05,0.15200309344505,1.2677489027944124e-05,8,0.0002046260648134,12.25472245547296,NN,NN,0,footbal,0,1,0,0,1,0,1,0,0,0,1
7,force,1,8.340283569641368e-05,0.15200309344505,1.2677489027944124e-05,5,0.0002500985236608,11.965215838277976,NNP,NN,0,forc,1,0,0,1,0,1,0,0,0,0,-1
7,forced,3,0.0002502085070892,0.15200309344505,3.803246708383237e-05,6,0.0001515748628247,12.687681862749066,VBN,VB,0,forc,0,0,0,1,0,1,0,0,0,0,-1
7,fortune,2,0.0001668056713928,0.7369655941662062,0.0001229300407283,7,6.820868827113711e-05,13.839684956194116,NN,NN,0,fortun,0,1,0,0,1,0,1,0,1,1,1
7,foul,1,8.340283569641368e-05,2.321928094887362,0.0001936553873967,4,1.5157486282474914e-05,16.009609957636428,JJ,JJ,0,foul,1,0,1,1,0,1,0,0,0,0,-1
7,found,4,0.0003336113427856,0.0,0.0,5,0.0004698820747567,11.055413647249551,VBD,VB,0,found,0,0,0,0,1,0,1,0,0,1,1
7,frank,5,0.000417014178482,0.0,0.0,5,0.000257677266802,11.922147116386087,NNP,NN,0,frank,0,0,0,0,0,0,1,0,0,1,1
7,fraud,1,8.340283569641368e-05,1.7369655941662063,0.0001448678560605,5,4.5472458847424745e-05,14.424647456915272,NN,NN,0,fraud,1,0,0,0,0,1,0,0,0,0,-1
7,friend,5,0.000417014178482,0.15200309344505,6.338744513972062e-05,6,0.0002122048079546,12.202255035578824,NN,NN,0,friend,0,0,0,0,1,0,1,0,0,1,1
7,friendly,2,0.0001668056713928,1.3219280948873624,0.0002205051034007,8,4.5472458847424745e-05,14.424647456915272,JJ,JJ,0,friendli,0,1,0,0,1,0,1,0,0,1,1
7,fugitive,1,8.340283569641368e-05,1.7369655941662063,0.0001448678560605,8,2.2736229423712372e-05,15.424647456915272,JJ,JJ,0,fugit,1,0,1,1,0,1,0,1,0,1,-1
7,garden,4,0.0003336113427856,0.7369655941662062,0.0002458600814566,6,6.820868827113711e-05,13.839684956194116,NNP,NN,0,garden,0,0,0,0,1,0,1,0,0,0,1
7,gasping,1,8.340283569641368e-05,3.321928094887362,0.0002770582230931,7,7.578743141237457e-06,17.009609957636428,VBG,VB,0,gasp,0,0,0,1,0,1,0,0,0,0,-1
7,general,3,0.0002502085070892,0.15200309344505,3.803246708383237e-05,7,0.0004319883590505,11.176719943471689,NNP,NN,0,gener,0,0,0,0,0,0,1,0,0,1,1
7,gift,1,8.340283569641368e-05,0.5145731728297582,4.2916861787302605e-05,4,9.094491769484948e-05,13.424647456915272,NN,NN,0,gift,0,1,0,0,1,0,1,0,1,0,1
7,glad,1,8.340283569641368e-05,1.7369655941662063,0.0001448678560605,4,2.2736229423712372e-05,15.424647456915272,NN,NN,0,glad,0,1,0,0,1,0,1,0,0,0,1
7,god,2,0.0001668056713928,0.15200309344505,2.535497805588825e-05,3,0.0001439961196835,12.761682444192845,NNP,NN,0,god,0,1,0,1,1,0,1,0,0,1,1
7,good,10,0.0008340283569641,0.0,0.0,4,0.0007502955709825,10.38025333755682,JJ,JJ,0,good,0,1,0,0,1,0,1,0,1,1,1
7,gore,1,8.340283569641368e-05,3.321928094887362,0.0002770582230931,4,7.578743141237457e-06,17.009609957636428,NNP,NN,0,gore,1,0,1,1,0,1,0,1,0,0,-1
7,gospel,1,8.340283569641368e-05,0.7369655941662062,6.146502036415398e-05,6,7.578743141237457e-05,13.687681862749066,NNP,NN,0,gospel,0,0,0,0,0,0,1,0,0,1,1
7,government,6,0.0005004170141784,0.0,0.0,10,0.0004016733864855,11.28168950307323,NN,NN,0,govern,0,0,0,1,0,1,0,0,0,0,-1
7,graduation,1,8.340283569641368e-05,1.7369655941662063,0.0001448678560605,10,3.0314972564949827e-05,15.009609957636428,NN,NN,0,graduat,0,1,0,1,1,0,1,0,1,1,1
7,grant,1,8.340283569641368e-05,0.7369655941662062,6.146502036415398e-05,5,7.578743141237457e-05,13.687681862749066,NNP,NN,0,grant,0,1,0,0,1,0,1,0,0,1,1
7,grave,1,8.340283569641368e-05,1.7369655941662063,0.0001448678560605,5,3.0314972564949827e-05,15.009609957636428,NN,NN,0,grave,0,0,0,1,0,1,0,1,0,0,-1
7,green,2,0.0001668056713928,0.7369655941662062,0.0001229300407283,5,0.0001894685785309,12.365753767861705,NNP,NN,0,green,0,0,0,0,1,0,1,0,0,1,1
7,greeting,1,8.340283569641368e-05,2.321928094887362,0.0001936553873967,8,1.5157486282474914e-05,16.009609957636428,NN,NN,0,greet,0,0,0,0,0,0,1,0,1,0,1
7,gross,1,8.340283569641368e-05,1.7369655941662063,0.0001448678560605,5,6.0629945129899655e-05,14.009609957636428,NNP,NN,0,gross,0,0,1,0,0,1,0,0,0,0,-1
7,guard,1,8.340283569641368e-05,0.7369655941662062,6.146502036415398e-05,5,0.0001439961196835,12.761682444192845,NNP,NN,0,guard,0,0,0,1,0,0,1,0,0,1,1
7,guardian,1,8.340283569641368e-05,2.321928094887362,0.0001936553873967,8,3.0314972564949827e-05,15.009609957636428,JJ,JJ,0,guardian,0,0,0,0,0,0,1,0,0,1,1
7,guide,1,8.340283569641368e-05,1.0,8.340283569641368e-05,5,5.30512019886622e-05,14.202255035578824,NNP,NN,0,guid,0,0,0,0,0,0,1,0,0,1,1
7,gun,2,0.0001668056713928,0.5145731728297582,8.583372357460521e-05,3,0.0001061024039773,13.202255035578824,NN,NN,0,gun,1,0,0,1,0,1,0,0,0,0,-1
7,hanging,1,8.340283569641368e-05,1.3219280948873624,0.0001102525517003,7,3.0314972564949827e-05,15.009609957636428,VBG,VB,0,hang,1,0,1,1,0,1,0,1,0,0,-1
7,happy,2,0.0001668056713928,0.3219280948873623,5.369943200790031e-05,5,0.0001667323491072,12.550178338999132,JJ,JJ,0,happi,0,1,0,0,1,0,1,0,0,1,1
7,harass,1,8.340283569641368e-05,3.321928094887362,0.0002770582230931,6,7.578743141237457e-06,17.009609957636428,NN,NN,0,harass,1,0,1,0,0,1,0,0,0,0,-1
7,harry,3,0.0002502085070892,0.3219280948873623,8.054914801185046e-05,5,0.0001212598902597,13.009609957636428,NNP,NN,0,harri,1,0,0,0,0,1,0,1,0,0,-1
7,hearing,1,8.340283569641368e-05,0.3219280948873623,2.6849716003950154e-05,7,0.0001212598902597,13.009609957636428,NN,NN,0,hear,0,0,0,1,0,1,0,0,0,0,-1
7,helper,1,8.340283569641368e-05,1.7369655941662063,0.0001448678560605,6,2.2736229423712372e-05,15.424647456915272,NN,NN,0,helper,0,0,0,0,0,0,1,0,0,1,1
7,hire,2,0.0001668056713928,1.3219280948873624,0.0002205051034007,4,6.820868827113711e-05,13.839684956194116,VB,VB,0,hire,0,1,0,0,1,0,1,0,0,1,1
7,hit,1,8.340283569641368e-05,0.0,0.0,3,0.0004547245884742,11.10271936202791,VBD,VB,0,hit,1,0,0,0,0,1,0,0,0,0,-1
7,holiday,1,8.340283569641368e-05,1.0,8.340283569641368e-05,7,5.30512019886622e-05,14.202255035578824,NNP,NN,0,holiday,0,1,0,0,1,0,1,0,0,0,1
7,hood,1,8.340283569641368e-05,3.321928094887362,0.0002770582230931,4,7.578743141237457e-06,17.009609957636428,NNP,NN,0,hood,1,0,1,1,0,1,0,0,0,0,-1
7,hope,2,0.0001668056713928,0.0,0.0,4,0.0001212598902597,13.009609957636428,VBP,VB,0,hope,0,1,0,0,1,0,1,0,1,1,1
7,hospital,16,0.0013344453711426,0.0,0.0,8,0.0008563979749598,10.18943099522124,NNP,NN,0,hospit,0,0,0,1,0,0,0,1,0,1,0
7,hostilities,1,8.340283569641368e-05,3.321928094887362,0.0002770582230931,11,7.578743141237457e-06,17.009609957636428,NNS,NN,0,hostil,1,0,0,1,0,1,0,0,0,0,-1
7,hut,1,8.340283569641368e-05,1.7369655941662063,0.0001448678560605,3,3.0314972564949827e-05,15.009609957636428,NN,NN,0,hut,0,0,0,0,0,0,1,1,0,0,1
7,illegitimate,1,8.340283569641368e-05,2.321928094887362,0.0001936553873967,12,1.5157486282474914e-05,16.009609957636428,JJ,JJ,0,illegitim,1,0,1,1,0,1,0,1,1,0,-1
7,illiterate,1,8.340283569641368e-05,3.321928094887362,0.0002770582230931,10,7.578743141237457e-06,17.009609957636428,NN,NN,0,illiter,0,0,1,0,0,1,0,0,0,0,-1
7,illness,1,8.340283569641368e-05,0.5145731728297582,4.2916861787302605e-05,7,9.094491769484948e-05,13.424647456915272,NN,NN,0,ill,0,0,0,1,0,1,0,1,0,0,-1
7,importance,1,8.340283569641368e-05,1.7369655941662063,0.0001448678560605,10,2.2736229423712372e-05,15.424647456915272,NN,NN,0,import,0,1,0,0,0,0,1,0,0,0,1
7,important,1,8.340283569641368e-05,0.15200309344505,1.2677489027944124e-05,9,0.0001818898353896,12.424647456915272,JJ,JJ,0,import,0,0,0,0,0,0,1,0,0,1,1
7,incite,1,8.340283569641368e-05,3.321928094887362,0.0002770582230931,6,7.578743141237457e-06,17.009609957636428,VB,VB,0,incit,1,1,0,1,0,1,0,0,0,0,-1
7,income,2,0.0001668056713928,0.7369655941662062,0.0001229300407283,6,0.0001212598902597,13.009609957636428,NN,NN,0,incom,0,1,0,0,1,1,1,1,0,1,0
7,incompetent,1,8.340283569641368e-05,3.321928094887362,0.0002770582230931,11,7.578743141237457e-06,17.009609957636428,NN,NN,0,incompet,1,0,0,0,0,1,0,1,0,0,-1
7,independence,2,0.0001668056713928,1.7369655941662063,0.0002897357121211,12,3.7893715706187286e-05,14.687681862749066,NN,NN,0,independ,0,1,0,0,1,0,1,0,1,1,1
7,infant,2,0.0001668056713928,1.0,0.0001668056713928,6,5.30512019886622e-05,14.202255035578824,NN,NN,0,infant,0,1,0,1,1,0,1,0,1,0,1
7,infection,1,8.340283569641368e-05,3.321928094887362,0.0002770582230931,9,7.578743141237457e-06,17.009609957636428,NN,NN,0,infect,0,0,0,1,0,1,0,0,0,0,-1
7,injured,1,8.340283569641368e-05,0.7369655941662062,6.146502036415398e-05,7,6.820868827113711e-05,13.839684956194116,JJ,JJ,0,injur,0,0,0,1,0,1,0,1,0,0,-1
7,insane,5,0.000417014178482,2.321928094887362,0.0009682769369838,6,5.30512019886622e-05,14.202255035578824,NN,NN,0,insan,1,0,0,1,0,1,0,0,0,0,-1
7,inspired,1,8.340283569641368e-05,1.0,8.340283569641368e-05,8,3.7893715706187286e-05,14.687681862749066,VBN,VB,0,inspir,0,0,0,0,1,0,1,0,1,1,1
7,instruct,1,8.340283569641368e-05,3.321928094887362,0.0002770582230931,8,7.578743141237457e-06,17.009609957636428,NN,NN,0,instruct,0,0,0,0,0,0,1,0,0,1,1
7,instructor,2,0.0001668056713928,1.0,0.0001668056713928,10,5.30512019886622e-05,14.202255035578824,NN,NN,0,instructor,0,1,0,0,0,0,1,0,0,1,1
7,intended,1,8.340283569641368e-05,1.7369655941662063,0.0001448678560605,8,2.2736229423712372e-05,15.424647456915272,VBN,VB,0,intend,0,1,0,0,0,0,1,0,0,0,1
7,interior,2,0.0001668056713928,1.7369655941662063,0.0002897357121211,8,6.0629945129899655e-05,14.009609957636428,JJ,JJ,0,interior,0,0,1,0,0,0,1,0,0,1,1
7,interrupted,1,8.340283569641368e-05,3.321928094887362,0.0002770582230931,11,7.578743141237457e-06,17.009609957636428,VBD,VB,0,interrupt,0,0,0,0,0,1,0,1,0,0,-1
7,irate,1,8.340283569641368e-05,1.3219280948873624,0.0001102525517003,5,3.0314972564949827e-05,15.009609957636428,NN,NN,0,irat,1,0,0,0,0,1,0,0,0,0,-1
7,jail,6,0.0005004170141784,0.15200309344505,7.606493416766474e-05,4,0.000257677266802,11.922147116386087,NN,NN,0,jail,0,0,0,1,0,1,0,1,0,0,-1
7,jealousy,1,8.340283569641368e-05,3.321928094887362,0.0002770582230931,8,7.578743141237457e-06,17.009609957636428,NN,NN,0,jealousi,1,0,1,1,0,1,0,1,0,0,-1
7,john,9,0.0007506255212677,0.0,0.0,4,0.0008412404886773,10.215194091286325,NNP,NN,0,john,0,0,1,0,0,1,0,0,0,0,-1
7,justice,2,0.0001668056713928,0.0,0.0,7,0.0002349410373783,12.055413647249551,NNP,NN,0,justic,0,0,0,0,0,0,1,0,0,1,1
7,kill,1,8.340283569641368e-05,1.7369655941662063,0.0001448678560605,4,4.5472458847424745e-05,14.424647456915272,VB,VB,0,kill,0,0,0,1,0,1,0,1,0,0,-1
7,killing,1,8.340283569641368e-05,1.3219280948873624,0.0001102525517003,7,3.7893715706187286e-05,14.687681862749066,VBG,VB,0,kill,1,0,0,1,0,1,0,1,0,0,-1
7,kind,1,8.340283569641368e-05,0.0,0.0,4,0.0002046260648134,12.25472245547296,NN,NN,0,kind,0,0,0,0,1,0,1,0,0,1,1
7,labor,2,0.0001668056713928,0.15200309344505,2.535497805588825e-05,5,0.0002804134962257,11.80015659200748,NN,NN,0,labor,0,1,0,0,1,0,1,0,1,1,1
7,late,5,0.000417014178482,0.0,0.0,4,0.0003031497256494,11.687681862749066,JJ,JJ,0,late,0,0,0,0,0,1,0,1,0,0,-1
7,lawsuit,1,8.340283569641368e-05,3.321928094887362,0.0002770582230931,7,7.578743141237457e-06,17.009609957636428,NN,NN,0,lawsuit,1,0,1,1,0,1,0,1,1,0,-1
7,lawyer,3,0.0002502085070892,0.3219280948873623,8.054914801185046e-05,6,0.0001894685785309,12.365753767861705,NN,NN,0,lawyer,1,0,1,1,0,1,0,0,0,0,-1
7,leader,3,0.0002502085070892,0.0,0.0,6,0.0003107284687907,11.652057953018344,NN,NN,0,leader,0,0,0,0,0,0,1,0,0,1,1
7,leave,3,0.0002502085070892,0.3219280948873623,8.054914801185046e-05,5,0.0002046260648134,12.25472245547296,VB,VB,0,leav,0,0,0,0,0,1,0,1,1,0,-1
7,legal,4,0.0003336113427856,0.15200309344505,5.07099561117765e-05,5,0.0002728347530845,11.839684956194116,JJ,JJ,0,legal,0,0,0,0,0,0,1,0,0,1,1
7,liberal,1,8.340283569641368e-05,1.3219280948873624,0.0001102525517003,7,6.820868827113711e-05,13.839684956194116,JJ,JJ,0,liber,0,0,0,0,0,1,1,0,0,0,0
7,lost,6,0.0005004170141784,0.15200309344505,7.606493416766474e-05,4,0.0002046260648134,12.25472245547296,VBD,VB,0,lost,0,0,0,0,0,1,0,1,0,0,-1
7,love,6,0.0005004170141784,0.0,0.0,4,0.0005380907630278,10.859862838131749,NNP,NN,0,love,0,0,0,0,1,0,1,0,0,0,1
7,lovely,2,0.0001668056713928,0.7369655941662062,0.0001229300407283,6,6.0629945129899655e-05,14.009609957636428,JJ,JJ,0,love,0,1,0,0,1,0,1,1,1,1,1
7,lower,2,0.0001668056713928,0.15200309344505,2.535497805588825e-05,5,0.0001061024039773,13.202255035578824,JJR,JJ,0,lower,0,0,0,0,0,1,0,1,0,0,-1
7,management,1,8.340283569641368e-05,0.7369655941662062,6.146502036415398e-05,10,9.852366083608696e-05,13.309170239495336,NN,NN,0,manag,0,0,0,0,0,0,1,0,0,1,1
7,marriage,7,0.0005838198498748,0.0,0.0,8,0.0003789371570618,11.365753767861705,NN,NN,0,marriag,0,1,0,0,1,0,1,0,0,1,1
7,matron,1,8.340283569641368e-05,1.7369655941662063,0.0001448678560605,6,3.0314972564949827e-05,15.009609957636428,NN,NN,0,matron,0,0,0,0,0,0,1,0,0,1,1
7,mess,1,8.340283569641368e-05,1.3219280948873624,0.0001102525517003,4,3.0314972564949827e-05,15.009609957636428,NN,NN,0,mess,0,0,1,0,0,1,0,0,0,0,-1
7,mistake,2,0.0001668056713928,2.321928094887362,0.0003873107747935,7,3.0314972564949827e-05,15.009609957636428,NN,NN,0,mistak,0,0,0,0,0,1,0,1,0,0,-1
7,mob,1,8.340283569641368e-05,1.7369655941662063,0.0001448678560605,3,3.7893715706187286e-05,14.687681862749066,NN,NN,0,mob,1,0,0,1,0,1,0,0,0,0,-1
7,money,6,0.0005004170141784,0.15200309344505,7.606493416766474e-05,5,0.0004395671021917,11.151628962508855,NN,NN,0,money,1,1,0,0,1,0,1,0,1,1,1
7,mother,7,0.0005838198498748,0.0,0.0,6,0.0004623033316154,11.07887262007354,NN,NN,0,mother,0,1,0,0,1,1,1,1,0,1,0
7,murder,2,0.0001668056713928,0.15200309344505,2.535497805588825e-05,6,0.0002046260648134,12.25472245547296,NN,NN,0,murder,1,0,1,1,0,1,0,1,1,0,-1
7,music,6,0.0005004170141784,0.0,0.0,5,0.0005684057355928,10.780791267140549,NN,NN,0,music,0,0,0,0,1,0,1,1,0,0,1
7,musical,2,0.0001668056713928,0.5145731728297582,8.583372357460521e-05,7,0.0001439961196835,12.761682444192845,JJ,JJ,0,music,1,1,0,0,1,0,1,1,1,1,1
7,nab,2,0.0001668056713928,1.7369655941662063,0.0002897357121211,3,3.0314972564949827e-05,15.009609957636428,NNP,NN,0,nab,0,0,0,0,0,1,0,0,1,0,-1
7,negro,39,0.0032527105921601,0.0,0.0,5,0.0029557098250826,8.402279643886818,NNP,NN,0,negro,0,0,0,0,0,1,0,1,0,0,-1
7,nervous,2,0.0001668056713928,1.3219280948873624,0.0002205051034007,7,3.7893715706187286e-05,14.687681862749066,JJ,JJ,0,nervou,0,1,0,1,0,1,0,0,0,0,-1
7,nurse,1,8.340283569641368e-05,1.0,8.340283569641368e-05,5,5.30512019886622e-05,14.202255035578824,NN,NN,0,nurs,0,0,0,0,0,0,1,0,0,1,1
7,officer,5,0.000417014178482,0.0,0.0,7,0.0002122048079546,12.202255035578824,NN,NN,0,offic,0,0,0,0,0,0,1,0,0,1,1
7,opera,2,0.0001668056713928,0.7369655941662062,0.0001229300407283,5,8.336617455361203e-05,13.550178338999132,NNP,NN,0,opera,1,1,0,1,1,0,1,1,1,1,1
7,opposition,1,8.340283569641368e-05,1.3219280948873624,0.0001102525517003,10,6.820868827113711e-05,13.839684956194116,NN,NN,0,opposit,1,0,0,0,0,1,0,0,0,0,-1
7,orchestra,3,0.0002502085070892,1.0,0.0002502085070892,9,9.852366083608696e-05,13.309170239495336,NNP,NN,0,orchestra,1,0,0,0,1,0,1,1,0,1,1
7,ordeal,1,8.340283569641368e-05,1.7369655941662063,0.0001448678560605,6,3.7893715706187286e-05,14.687681862749066,NN,NN,0,ordeal,1,0,0,0,0,1,0,0,1,0,-1
7,organization,1,8.340283569641368e-05,0.5145731728297582,4.2916861787302605e-05,12,0.0002197835510958,12.151628962508855,NN,NN,0,organ,0,1,0,0,1,0,1,0,1,1,1
7,paralysis,1,8.340283569641368e-05,3.321928094887362,0.0002770582230931,9,7.578743141237457e-06,17.009609957636428,NN,NN,0,paralysi,1,1,0,1,0,1,0,1,0,0,-1
7,paralyzed,2,0.0001668056713928,2.321928094887362,0.0003873107747935,9,2.2736229423712372e-05,15.424647456915272,VBN,VB,0,paralyz,1,0,0,1,0,1,0,1,1,0,-1
7,pastor,3,0.0002502085070892,0.3219280948873623,8.054914801185046e-05,6,0.0001591536059659,12.617292534857668,NN,NN,0,pastor,0,0,0,0,1,0,1,0,0,1,1
7,pay,4,0.0003336113427856,0.0,0.0,3,0.0003031497256494,11.687681862749066,VB,VB,0,pay,0,1,0,0,1,0,1,0,0,1,1
7,penalty,1,8.340283569641368e-05,2.321928094887362,0.0001936553873967,7,1.5157486282474914e-05,16.009609957636428,NN,NN,0,penalti,1,0,0,1,0,1,0,1,0,0,-1
7,physician,3,0.0002502085070892,0.3219280948873623,8.054914801185046e-05,9,0.000128838633401,12.922147116386087,NN,NN,0,physician,0,0,0,0,0,0,1,0,0,1,1
7,pine,3,0.0002502085070892,2.321928094887362,0.0005809661621903,4,3.0314972564949827e-05,15.009609957636428,NNP,NN,0,pine,0,0,0,0,0,1,0,1,0,0,-1
7,planning,3,0.0002502085070892,0.3219280948873623,8.054914801185046e-05,8,8.336617455361203e-05,13.550178338999132,VBG,VB,0,plan,0,1,0,0,0,0,1,0,0,1,1
7,pleasant,1,8.340283569641368e-05,1.3219280948873624,0.0001102525517003,8,3.7893715706187286e-05,14.687681862749066,NNP,NN,0,pleasant,0,1,0,0,1,0,1,0,1,1,1
7,poison,1,8.340283569641368e-05,1.7369655941662063,0.0001448678560605,6,6.0629945129899655e-05,14.009609957636428,NN,NN,0,poison,1,0,1,1,0,1,0,1,0,0,-1
7,poisoning,2,0.0001668056713928,2.321928094887362,0.0003873107747935,9,2.2736229423712372e-05,15.424647456915272,NN,NN,0,poison,0,0,1,0,0,1,0,0,0,0,-1
7,police,20,0.0016680567139282,0.0,0.0,6,0.0011368114711856,9.780791267140549,NN,NN,0,polic,0,0,0,1,0,0,1,0,0,1,1
7,policeman,1,8.340283569641368e-05,0.7369655941662062,6.146502036415398e-05,9,8.336617455361203e-05,13.550178338999132,NN,NN,0,policeman,0,0,0,1,0,0,1,0,0,1,1
7,pound,1,8.340283569641368e-05,0.15200309344505,1.2677489027944124e-05,5,0.0001136811471185,13.10271936202791,NN,NN,0,pound,1,0,0,0,0,1,0,0,0,0,-1
7,prejudice,1,8.340283569641368e-05,0.7369655941662062,6.146502036415398e-05,9,6.0629945129899655e-05,14.009609957636428,NN,NN,0,prejudic,1,0,0,0,0,1,0,0,0,0,-1
7,prepare,1,8.340283569641368e-05,1.3219280948873624,0.0001102525517003,7,3.0314972564949827e-05,15.009609957636428,NN,NN,0,prepar,0,1,0,0,0,0,1,0,0,0,1
7,present,1,8.340283569641368e-05,0.15200309344505,1.2677489027944124e-05,7,0.0001591536059659,12.617292534857668,JJ,JJ,0,present,0,1,0,0,1,0,1,0,1,1,1
7,president,11,0.0009174311926605,0.0,0.0,9,0.0017961621244732,9.12086670873817,NNP,NN,0,presid,0,0,0,0,0,0,1,0,0,1,1
7,pretty,1,8.340283569641368e-05,0.3219280948873623,2.6849716003950154e-05,6,0.0001136811471185,13.10271936202791,RB,RB,0,pretti,0,1,0,0,1,0,1,0,0,1,1
7,pride,2,0.0001668056713928,1.0,0.0001668056713928,5,6.820868827113711e-05,13.839684956194116,NN,NN,0,pride,0,0,0,0,1,0,1,0,0,0,1
7,principal,2,0.0001668056713928,0.5145731728297582,8.583372357460521e-05,9,8.336617455361203e-05,13.550178338999132,NN,NN,0,princip,0,0,0,0,0,0,1,0,0,1,1
7,prison,3,0.0002502085070892,0.3219280948873623,8.054914801185046e-05,6,0.0002046260648134,12.25472245547296,NN,NN,0,prison,1,0,0,1,0,1,0,1,0,0,-1
7,problem,2,0.0001668056713928,0.15200309344505,2.535497805588825e-05,7,0.0002273622942371,12.10271936202791,NN,NN,0,problem,0,0,0,1,0,1,0,1,0,0,-1
7,proctor,1,8.340283569641368e-05,2.321928094887362,0.0001936553873967,7,1.5157486282474914e-05,16.009609957636428,NNP,NN,0,proctor,0,0,0,0,0,0,1,0,0,1,1
7,production,2,0.0001668056713928,0.5145731728297582,8.583372357460521e-05,10,0.0001212598902597,13.009609957636428,NNP,NN,0,product,0,1,0,0,0,0,1,0,0,0,1
7,professional,2,0.0001668056713928,0.0,0.0,12,0.0001439961196835,12.761682444192845,JJ,JJ,0,profession,0,0,0,0,0,0,1,0,0,1,1
7,professor,4,0.0003336113427856,0.15200309344505,5.07099561117765e-05,9,0.0001818898353896,12.424647456915272,NN,NN,0,professor,0,0,0,0,0,0,1,0,0,1,1
7,prohibited,1,8.340283569641368e-05,2.321928094887362,0.0001936553873967,10,1.5157486282474914e-05,16.009609957636428,VBD,VB,0,prohibit,1,0,1,1,0,1,0,0,0,0,-1
7,promise,1,8.340283569641368e-05,1.3219280948873624,0.0001102525517003,7,3.0314972564949827e-05,15.009609957636428,NN,NN,0,promis,0,0,0,0,1,0,1,0,0,1,1
7,prosecution,1,8.340283569641368e-05,2.321928094887362,0.0001936553873967,11,1.5157486282474914e-05,16.009609957636428,NN,NN,0,prosecut,0,0,1,0,0,1,0,0,0,0,-1
7,public,7,0.0005838198498748,0.0,0.0,6,0.0005835632218752,10.742823416941526,JJ,JJ,0,public,0,1,0,0,0,0,1,0,0,0,1
7,qualified,1,8.340283569641368e-05,1.0,8.340283569641368e-05,9,3.7893715706187286e-05,14.687681862749066,JJ,JJ,0,qualifi,0,0,0,0,0,0,1,0,0,1,1
7,quarrel,2,0.0001668056713928,3.321928094887362,0.0005541164461863,7,1.5157486282474914e-05,16.009609957636428,NN,NN,0,quarrel,1,0,0,0,0,1,0,0,0,0,-1
7,radiant,1,8.340283569641368e-05,2.321928094887362,0.0001936553873967,7,1.5157486282474914e-05,16.009609957636428,JJ,JJ,0,radiant,0,0,0,0,1,0,1,0,0,0,1
7,real,6,0.0005004170141784,0.0,0.0,4,0.0003107284687907,11.652057953018344,JJ,JJ,0,real,0,0,0,0,0,0,1,0,0,1,1
7,receiving,3,0.0002502085070892,1.0,0.0002502085070892,9,9.094491769484948e-05,13.424647456915272,VBG,VB,0,receiv,0,1,0,0,1,0,1,0,1,0,1
7,recreation,1,8.340283569641368e-05,0.5145731728297582,4.2916861787302605e-05,10,5.30512019886622e-05,14.202255035578824,NN,NN,0,recreat,0,1,0,0,1,0,1,0,0,0,1
7,recreational,2,0.0001668056713928,3.321928094887362,0.0005541164461863,12,1.5157486282474914e-05,16.009609957636428,JJ,JJ,0,recreat,0,1,0,0,1,0,1,0,0,0,1
7,refused,4,0.0003336113427856,0.0,0.0,7,0.0002500985236608,11.965215838277976,VBD,VB,0,refus,0,0,0,0,0,1,0,1,0,0,-1
7,reporter,2,0.0001668056713928,1.3219280948873624,0.0002205051034007,8,3.7893715706187286e-05,14.687681862749066,NN,NN,0,report,0,0,0,0,0,0,1,0,0,1,1
7,resign,1,8.340283569641368e-05,1.3219280948873624,0.0001102525517003,6,3.0314972564949827e-05,15.009609957636428,VB,VB,0,resign,1,0,1,1,0,1,0,1,0,0,-1
7,resigned,1,8.340283569641368e-05,0.5145731728297582,4.2916861787302605e-05,8,6.820868827113711e-05,13.839684956194116,VBD,VB,0,resign,0,0,0,0,0,1,0,1,0,0,-1
7,resistance,1,8.340283569641368e-05,2.321928094887362,0.0001936553873967,10,1.5157486282474914e-05,16.009609957636428,NN,NN,0,resist,1,0,0,0,0,1,0,0,0,0,-1
7,responsible,1,8.340283569641368e-05,0.5145731728297582,4.2916861787302605e-05,11,9.094491769484948e-05,13.424647456915272,JJ,JJ,0,respons,0,0,0,0,0,0,1,0,0,1,1
7,retirement,1,8.340283569641368e-05,1.3219280948873624,0.0001102525517003,10,3.7893715706187286e-05,14.687681862749066,NN,NN,0,retir,0,1,0,1,1,1,1,1,0,1,0
7,reunion,1,8.340283569641368e-05,2.321928094887362,0.0001936553873967,7,1.5157486282474914e-05,16.009609957636428,NN,NN,0,reunion,0,1,0,0,0,0,1,0,0,1,1
7,revel,2,0.0001668056713928,3.321928094887362,0.0005541164461863,5,1.5157486282474914e-05,16.009609957636428,NNP,NN,0,revel,0,0,0,0,1,0,1,0,0,0,1
7,reward,1,8.340283569641368e-05,2.321928094887362,0.0001936553873967,6,1.5157486282474914e-05,16.009609957636428,NN,NN,0,reward,0,1,0,0,1,0,1,0,1,1,1
7,riot,3,0.0002502085070892,1.7369655941662063,0.0004346035681817,4,6.820868827113711e-05,13.839684956194116,NN,NN,0,riot,1,0,0,1,0,1,0,0,0,0,-1
7,rising,1,8.340283569641368e-05,2.321928094887362,0.0001936553873967,6,2.2736229423712372e-05,15.424647456915272,VBG,VB,0,rise,0,1,0,0,1,0,1,0,0,0,1
7,romance,2,0.0001668056713928,0.7369655941662062,0.0001229300407283,7,6.820868827113711e-05,13.839684956194116,NN,NN,0,romanc,0,1,0,1,1,0,1,1,1,1,1
7,routine,1,8.340283569641368e-05,1.0,8.340283569641368e-05,7,3.7893715706187286e-05,14.687681862749066,NN,NN,0,routin,0,0,0,0,0,0,1,0,0,1,1
7,salary,1,8.340283569641368e-05,1.0,8.340283569641368e-05,6,4.5472458847424745e-05,14.424647456915272,JJ,JJ,0,salari,0,1,0,0,1,0,1,0,0,1,1
7,salute,1,8.340283569641368e-05,2.321928094887362,0.0001936553873967,6,1.5157486282474914e-05,16.009609957636428,NN,NN,0,salut,0,0,0,0,1,0,1,0,0,0,1
7,satisfied,4,0.0003336113427856,2.321928094887362,0.0007746215495871,9,3.7893715706187286e-05,14.687681862749066,NNP,NN,0,satisfi,0,0,0,0,1,0,1,0,0,0,1
7,savage,1,8.340283569641368e-05,2.321928094887362,0.0001936553873967,6,1.5157486282474914e-05,16.009609957636428,NN,NN,0,savag,1,0,0,1,0,1,0,0,0,0,-1
7,scandal,1,8.340283569641368e-05,2.321928094887362,0.0001936553873967,7,1.5157486282474914e-05,16.009609957636428,NN,NN,0,scandal,0,0,0,1,0,1,0,0,0,0,-1
7,scientific,1,8.340283569641368e-05,3.321928094887362,0.0002770582230931,10,7.578743141237457e-06,17.009609957636428,JJ,JJ,0,scientif,0,0,0,0,0,0,1,0,0,1,1
7,sentence,2,0.0001668056713928,0.0,0.0,8,0.0001591536059659,12.617292534857668,NN,NN,0,sentenc,1,1,1,1,0,1,0,1,0,0,-1
7,sex,1,8.340283569641368e-05,0.3219280948873623,2.6849716003950154e-05,3,0.0001970473216721,12.309170239495336,NN,NN,0,sex,0,1,0,0,1,0,1,0,0,1,1
7,share,1,8.340283569641368e-05,0.3219280948873623,2.6849716003950154e-05,5,0.0001743110922484,12.486048001579416,NN,NN,0,share,0,1,0,0,1,0,1,0,0,1,1
7,shock,1,8.340283569641368e-05,1.3219280948873624,0.0001102525517003,5,3.0314972564949827e-05,15.009609957636428,NN,NN,0,shock,1,0,0,1,0,1,0,0,1,0,-1
7,shoot,2,0.0001668056713928,1.7369655941662063,0.0002897357121211,5,3.0314972564949827e-05,15.009609957636428,VB,VB,0,shoot,1,0,0,1,0,1,0,0,0,0,-1
7,shooting,2,0.0001668056713928,0.7369655941662062,0.0001229300407283,8,8.336617455361203e-05,13.550178338999132,NN,NN,0,shoot,1,0,0,1,0,1,0,0,0,0,-1
7,shot,6,0.0005004170141784,0.7369655941662062,0.0003687901221849,4,0.0001818898353896,12.424647456915272,VBD,VB,0,shot,1,0,0,1,0,1,0,1,1,0,-1
7,shoulder,1,8.340283569641368e-05,1.7369655941662063,0.0001448678560605,8,2.2736229423712372e-05,15.424647456915272,NN,NN,0,shoulder,0,0,0,0,0,0,1,0,0,1,1
7,sing,4,0.0003336113427856,0.5145731728297582,0.0001716674471492,4,0.0001212598902597,13.009609957636428,VBG,VB,0,sing,0,1,0,0,1,0,1,1,0,1,1
7,sir,2,0.0001668056713928,1.3219280948873624,0.0002205051034007,3,3.7893715706187286e-05,14.687681862749066,NNP,NN,0,sir,0,0,0,0,0,0,1,0,0,1,1
7,slave,2,0.0001668056713928,1.0,0.0001668056713928,5,5.30512019886622e-05,14.202255035578824,NN,NN,0,slave,1,0,0,1,0,1,0,1,0,0,-1
7,slum,1,8.340283569641368e-05,2.321928094887362,0.0001936553873967,4,3.0314972564949827e-05,15.009609957636428,NN,NN,0,slum,0,0,1,0,0,1,0,0,0,0,-1
7,smiling,1,8.340283569641368e-05,1.7369655941662063,0.0001448678560605,7,3.7893715706187286e-05,14.687681862749066,VBG,VB,0,smile,0,0,0,0,1,0,1,0,0,0,1
7,snare,1,8.340283569641368e-05,3.321928094887362,0.0002770582230931,5,7.578743141237457e-06,17.009609957636428,VB,VB,0,snare,0,0,0,1,0,1,0,0,0,0,-1
7,sneak,1,8.340283569641368e-05,3.321928094887362,0.0002770582230931,5,7.578743141237457e-06,17.009609957636428,JJ,JJ,0,sneak,1,0,0,1,0,1,0,0,1,0,-1
7,special,3,0.0002502085070892,0.15200309344505,3.803246708383237e-05,7,0.0003562009276381,11.45502110595879,JJ,JJ,0,special,0,0,0,0,1,0,1,0,0,0,1
7,spirits,2,0.0001668056713928,1.7369655941662063,0.0002897357121211,7,3.0314972564949827e-05,15.009609957636428,NNS,NN,0,spirit,0,1,0,0,1,0,1,0,1,0,1
7,star,10,0.0008340283569641,0.15200309344505,0.0001267748902794,4,0.0005229332767453,10.90108550085826,NN,NN,0,star,0,1,0,0,1,0,1,0,0,1,1
7,statement,1,8.340283569641368e-05,0.5145731728297582,4.2916861787302605e-05,9,7.578743141237457e-05,13.687681862749066,NN,NN,0,statement,0,0,0,0,0,0,1,0,0,1,1
7,stolen,1,8.340283569641368e-05,1.3219280948873624,0.0001102525517003,6,3.0314972564949827e-05,15.009609957636428,VBN,VB,0,stolen,1,0,0,0,0,1,0,0,0,0,-1
7,store,1,8.340283569641368e-05,0.15200309344505,1.2677489027944124e-05,5,0.0002273622942371,12.10271936202791,NN,NN,0,store,0,1,0,0,0,0,1,0,0,0,1
7,stranger,1,8.340283569641368e-05,3.321928094887362,0.0002770582230931,8,7.578743141237457e-06,17.009609957636428,NN,NN,0,stranger,0,0,0,1,0,1,0,0,0,0,-1
7,struggle,1,8.340283569641368e-05,1.7369655941662063,0.0001448678560605,8,3.0314972564949827e-05,15.009609957636428,NN,NN,0,struggl,1,0,0,1,0,1,0,1,0,0,-1
7,successful,2,0.0001668056713928,1.0,0.0001668056713928,10,9.094491769484948e-05,13.424647456915272,JJ,JJ,0,success,0,1,0,0,1,0,1,0,0,1,1
7,suffering,1,8.340283569641368e-05,0.7369655941662062,6.146502036415398e-05,9,5.30512019886622e-05,14.202255035578824,VBG,VB,0,suffer,0,0,1,1,0,1,0,1,0,0,-1
7,sun,1,8.340283569641368e-05,0.7369655941662062,6.146502036415398e-05,3,8.336617455361203e-05,13.550178338999132,NNP,NN,0,sun,0,1,0,0,1,0,1,0,1,1,1
7,sunshine,2,0.0001668056713928,1.3219280948873624,0.0002205051034007,8,3.7893715706187286e-05,14.687681862749066,NNP,NN,0,sunshin,0,0,0,0,1,0,1,0,0,0,1
7,surgery,2,0.0001668056713928,0.7369655941662062,0.0001229300407283,7,7.578743141237457e-05,13.687681862749066,NN,NN,0,surgeri,0,0,0,1,0,0,0,1,0,0,0
7,surprise,2,0.0001668056713928,0.5145731728297582,8.583372357460521e-05,8,0.0001136811471185,13.10271936202791,NN,NN,0,surpris,0,0,0,1,1,0,1,0,1,0,1
7,suspension,1,8.340283569641368e-05,1.7369655941662063,0.0001448678560605,10,3.0314972564949827e-05,15.009609957636428,NN,NN,0,suspens,0,0,0,1,0,1,0,0,0,0,-1
7,swim,3,0.0002502085070892,1.7369655941662063,0.0004346035681817,4,3.7893715706187286e-05,14.687681862749066,NN,NN,0,swim,0,1,0,1,1,0,1,0,0,0,1
7,tax,2,0.0001668056713928,0.5145731728297582,8.583372357460521e-05,3,0.0002046260648134,12.25472245547296,NN,NN,0,tax,0,0,0,0,0,1,0,1,0,0,-1
7,teacher,3,0.0002502085070892,0.15200309344505,3.803246708383237e-05,7,0.0001894685785309,12.365753767861705,NN,NN,0,teacher,0,0,0,0,0,0,1,0,0,1,1
7,tearful,2,0.0001668056713928,3.321928094887362,0.0005541164461863,7,1.5157486282474914e-05,16.009609957636428,JJ,JJ,0,tear,0,0,1,1,0,0,0,1,0,0,0
7,terrible,1,8.340283569641368e-05,1.7369655941662063,0.0001448678560605,8,2.2736229423712372e-05,15.424647456915272,JJ,JJ,0,terribl,1,0,1,1,0,1,0,1,0,0,-1
7,terror,2,0.0001668056713928,1.7369655941662063,0.0002897357121211,6,3.0314972564949827e-05,15.009609957636428,NN,NN,0,terror,0,0,0,1,0,1,0,0,0,0,-1
7,theft,1,8.340283569641368e-05,2.321928094887362,0.0001936553873967,5,1.5157486282474914e-05,16.009609957636428,NN,NN,0,theft,1,0,1,1,0,1,0,1,0,0,-1
7,threatening,1,8.340283569641368e-05,1.0,8.340283569641368e-05,11,4.5472458847424745e-05,14.424647456915272,VBG,VB,0,threaten,1,0,1,1,0,1,0,0,0,0,-1
7,thriving,1,8.340283569641368e-05,3.321928094887362,0.0002770582230931,8,7.578743141237457e-06,17.009609957636428,VBG,VB,0,thrive,0,1,0,0,1,0,1,0,0,0,1
7,title,5,0.000417014178482,0.0,0.0,5,0.000287992239367,11.761682444192845,NN,NN,0,titl,0,0,0,0,0,0,1,0,0,1,1
7,toothache,1,8.340283569641368e-05,2.321928094887362,0.0001936553873967,9,1.5157486282474914e-05,16.009609957636428,NN,NN,0,toothach,0,0,0,1,0,1,0,0,0,0,-1
7,top,2,0.0001668056713928,0.0,0.0,3,0.0005684057355928,10.780791267140549,JJ,JJ,0,top,0,1,0,0,0,0,1,0,0,1,1
7,trash,1,8.340283569641368e-05,2.321928094887362,0.0001936553873967,5,1.5157486282474914e-05,16.009609957636428,NN,NN,0,trash,0,0,1,0,0,1,0,1,0,0,-1
7,treat,2,0.0001668056713928,1.7369655941662063,0.0002897357121211,5,3.0314972564949827e-05,15.009609957636428,NN,NN,0,treat,1,1,1,1,1,1,1,1,1,1,0
7,trophy,1,8.340283569641368e-05,1.7369655941662063,0.0001448678560605,6,2.2736229423712372e-05,15.424647456915272,NNP,NN,0,trophi,0,1,0,0,1,0,1,0,1,1,1
7,truth,2,0.0001668056713928,1.0,0.0001668056713928,5,6.820868827113711e-05,13.839684956194116,NN,NN,0,truth,0,0,0,0,0,0,1,0,0,1,1
7,ultimate,1,8.340283569641368e-05,2.321928094887362,0.0001936553873967,8,1.5157486282474914e-05,16.009609957636428,JJ,JJ,0,ultim,0,1,0,0,0,0,0,1,0,0,0
7,umpire,2,0.0001668056713928,2.321928094887362,0.0003873107747935,6,3.0314972564949827e-05,15.009609957636428,NN,NN,0,umpir,0,0,0,0,0,0,1,0,0,1,1
7,unable,1,8.340283569641368e-05,1.0,8.340283569641368e-05,6,6.0629945129899655e-05,14.009609957636428,JJ,JJ,0,unabl,0,0,0,0,0,1,0,1,0,0,-1
7,unemployed,1,8.340283569641368e-05,2.321928094887362,0.0001936553873967,10,1.5157486282474914e-05,16.009609957636428,JJ,JJ,0,unemploy,0,0,0,1,0,1,0,1,0,0,-1
7,unfair,1,8.340283569641368e-05,3.321928094887362,0.0002770582230931,6,7.578743141237457e-06,17.009609957636428,JJ,JJ,0,unfair,1,0,1,0,0,1,0,1,0,0,-1
7,unfortunate,1,8.340283569641368e-05,2.321928094887362,0.0001936553873967,11,1.5157486282474914e-05,16.009609957636428,JJ,JJ,0,unfortun,0,0,0,0,0,1,0,1,0,0,-1
7,unhappy,1,8.340283569641368e-05,1.7369655941662063,0.0001448678560605,7,2.2736229423712372e-05,15.424647456915272,JJ,JJ,0,unhappi,1,0,1,0,0,1,0,1,0,0,-1
7,unique,3,0.0002502085070892,1.0,0.0002502085070892,6,6.0629945129899655e-05,14.009609957636428,JJ,JJ,0,uniqu,0,0,0,0,0,0,1,0,1,0,1
7,united,4,0.0003336113427856,0.0,0.0,6,0.0003334646982144,11.550178338999132,NNP,NN,0,unit,0,0,0,0,0,0,1,0,0,1,1
7,university,5,0.000417014178482,0.0,0.0,10,0.0010761815260557,9.859862838131749,NNP,NN,0,univers,0,1,0,0,0,0,1,0,0,0,1
7,uprising,1,8.340283569641368e-05,3.321928094887362,0.0002770582230931,8,7.578743141237457e-06,17.009609957636428,NN,NN,0,upris,1,1,0,1,0,1,0,0,0,0,-1
7,upset,1,8.340283569641368e-05,0.7369655941662062,6.146502036415398e-05,5,6.0629945129899655e-05,14.009609957636428,JJ,JJ,0,upset,1,0,0,0,0,1,0,1,0,0,-1
7,usual,1,8.340283569641368e-05,1.0,8.340283569641368e-05,5,4.5472458847424745e-05,14.424647456915272,JJ,JJ,0,usual,0,0,0,0,0,0,1,0,0,1,1
7,vanished,1,8.340283569641368e-05,3.321928094887362,0.0002770582230931,8,7.578743141237457e-06,17.009609957636428,VBD,VB,0,vanish,0,0,0,1,0,1,0,1,1,0,-1
7,vengeance,1,8.340283569641368e-05,3.321928094887362,0.0002770582230931,9,7.578743141237457e-06,17.009609957636428,NN,NN,0,vengeanc,1,0,0,0,0,1,0,0,0,0,-1
7,veteran,1,8.340283569641368e-05,0.15200309344505,1.2677489027944124e-05,7,0.0001136811471185,13.10271936202791,NN,NN,0,veteran,0,0,0,0,0,0,1,0,0,1,1
7,victim,2,0.0001668056713928,0.7369655941662062,0.0001229300407283,6,9.094491769484948e-05,13.424647456915272,NN,NN,0,victim,1,0,0,1,0,1,0,1,0,0,-1
7,victor,1,8.340283569641368e-05,1.0,8.340283569641368e-05,6,4.5472458847424745e-05,14.424647456915272,NNP,NN,0,victor,0,0,0,0,1,0,1,0,0,0,1
7,violence,2,0.0001668056713928,1.0,0.0001668056713928,8,9.094491769484948e-05,13.424647456915272,NN,NN,0,violenc,1,0,0,1,0,1,0,1,0,0,-1
7,virgin,1,8.340283569641368e-05,2.321928094887362,0.0001936553873967,6,1.5157486282474914e-05,16.009609957636428,NNP,NN,0,virgin,0,0,0,0,0,0,1,0,0,1,1
7,watch,1,8.340283569641368e-05,0.15200309344505,1.2677489027944124e-05,5,0.0001364173765422,12.839684956194116,NN,NN,0,watch,0,1,0,1,0,0,0,0,0,0,0
7,wealth,1,8.340283569641368e-05,2.321928094887362,0.0001936553873967,6,1.5157486282474914e-05,16.009609957636428,NN,NN,0,wealth,0,0,0,0,1,0,1,0,0,1,1
7,weigh,1,8.340283569641368e-05,3.321928094887362,0.0002770582230931,5,7.578743141237457e-06,17.009609957636428,JJ,JJ,0,weigh,0,1,0,0,0,0,0,0,0,1,0
7,white,28,0.0023352793994995,0.0,0.0,5,0.0022054142541001,8.824734614728145,JJ,JJ,0,white,0,1,0,0,1,0,1,0,0,1,1
7,wild,3,0.0002502085070892,2.321928094887362,0.0005809661621903,4,3.0314972564949827e-05,15.009609957636428,JJ,JJ,0,wild,0,0,0,0,0,1,0,0,1,0,-1
7,winner,1,8.340283569641368e-05,0.5145731728297582,4.2916861787302605e-05,6,0.0001136811471185,13.10271936202791,NN,NN,0,winner,0,1,0,0,1,0,1,0,1,0,1
7,wizard,1,8.340283569641368e-05,2.321928094887362,0.0001936553873967,6,1.5157486282474914e-05,16.009609957636428,NN,NN,0,wizard,0,1,0,0,0,0,1,0,1,0,1
7,word,3,0.0002502085070892,0.3219280948873623,8.054914801185046e-05,4,0.0001061024039773,13.202255035578824,NN,NN,0,word,0,0,0,0,0,0,1,0,0,1,1
7,words,2,0.0001668056713928,0.0,0.0,5,0.0001970473216721,12.309170239495336,NNS,NN,0,word,1,0,0,0,0,1,0,0,0,0,-1
7,worsening,1,8.340283569641368e-05,3.321928094887362,0.0002770582230931,9,7.578743141237457e-06,17.009609957636428,VBG,VB,0,worsen,0,0,1,0,0,1,0,1,0,0,-1
7,worship,1,8.340283569641368e-05,3.321928094887362,0.0002770582230931,7,7.578743141237457e-06,17.009609957636428,NN,NN,0,worship,0,1,0,1,1,0,1,0,0,1,1
7,wound,1,8.340283569641368e-05,1.7369655941662063,0.0001448678560605,5,3.0314972564949827e-05,15.009609957636428,NN,NN,0,wound,1,0,0,1,0,1,0,1,0,0,-1
7,young,8,0.0006672226855713,0.0,0.0,5,0.0006441931670051,10.600219021498727,JJ,JJ,0,young,0,1,0,0,1,0,1,0,1,0,1
7,youth,3,0.0002502085070892,0.15200309344505,3.803246708383237e-05,5,0.0002122048079546,12.202255035578824,NN,NN,0,youth,1,1,0,1,1,0,1,0,1,0,1
8,abandoned,1,8.080155138978668e-05,2.321928094887362,0.0001876153922824,9,1.5157486282474914e-05,16.009609957636428,VBN,VB,0,abandon,1,0,0,1,0,1,0,1,0,0,-1
8,abortion,1,8.080155138978668e-05,1.3219280948873624,0.0001068138408926,8,3.7893715706187286e-05,14.687681862749066,NN,NN,0,abort,0,0,1,1,0,1,0,1,0,0,-1
8,absence,1,8.080155138978668e-05,1.0,8.080155138978668e-05,7,4.5472458847424745e-05,14.424647456915272,NN,NN,0,absenc,0,0,0,1,0,1,0,1,0,0,-1
8,accident,2,0.0001616031027795,0.7369655941662062,0.000119095926659,8,9.852366083608696e-05,13.309170239495336,NN,NN,0,accid,0,0,0,1,0,1,0,1,1,0,-1
8,accurate,1,8.080155138978668e-05,0.0,0.0,8,0.0001818898353896,12.424647456915272,JJ,JJ,0,accur,0,0,0,0,0,0,1,0,0,1,1
8,accused,8,0.0006464124111182,0.15200309344505,9.825668613125408e-05,7,0.0001818898353896,12.424647456915272,VBN,VB,0,accus,1,0,0,1,0,1,0,0,0,0,-1
8,adventure,1,8.080155138978668e-05,3.321928094887362,0.0002684169436722,9,7.578743141237457e-06,17.009609957636428,NN,NN,0,adventur,0,1,0,0,0,0,1,0,0,0,1
8,affection,1,8.080155138978668e-05,1.7369655941662063,0.0001403495147193,9,3.0314972564949827e-05,15.009609957636428,NN,NN,0,affect,0,0,0,0,1,0,1,0,0,1,1
8,aggressive,1,8.080155138978668e-05,1.7369655941662063,0.0001403495147193,10,2.2736229423712372e-05,15.424647456915272,JJ,JJ,0,aggress,1,0,0,1,0,1,0,0,0,0,-1
8,agreed,1,8.080155138978668e-05,0.5145731728297582,4.157831066820929e-05,6,9.094491769484948e-05,13.424647456915272,VBD,VB,0,agre,0,0,0,0,0,0,1,0,0,1,1
8,agreement,1,8.080155138978668e-05,0.3219280948873623,2.6012289502857333e-05,9,7.578743141237457e-05,13.687681862749066,NN,NN,0,agreement,0,0,0,0,0,0,1,0,0,1,1
8,alarm,1,8.080155138978668e-05,1.7369655941662063,0.0001403495147193,5,3.7893715706187286e-05,14.687681862749066,NN,NN,0,alarm,0,0,0,1,0,1,0,0,1,0,-1
8,alive,1,8.080155138978668e-05,1.0,8.080155138978668e-05,5,6.0629945129899655e-05,14.009609957636428,JJ,JJ,0,aliv,0,1,0,0,1,0,1,0,0,1,1
8,allegiance,1,8.080155138978668e-05,3.321928094887362,0.0002684169436722,10,7.578743141237457e-06,17.009609957636428,NN,NN,0,allegi,0,0,0,0,0,0,1,0,0,1,1
8,aloha,1,8.080155138978668e-05,3.321928094887362,0.0002684169436722,5,7.578743141237457e-06,17.009609957636428,NNP,NN,0,aloha,0,1,0,0,1,0,1,0,0,0,1
8,ambassador,1,8.080155138978668e-05,0.7369655941662062,5.954796332952539e-05,10,0.0001061024039773,13.202255035578824,NN,NN,0,ambassador,0,0,0,0,0,0,1,0,0,1,1
8,anger,1,8.080155138978668e-05,2.321928094887362,0.0001876153922824,5,1.5157486282474914e-05,16.009609957636428,NN,NN,0,anger,1,0,0,0,0,1,0,0,0,0,-1
8,angry,1,8.080155138978668e-05,1.3219280948873624,0.0001068138408926,5,3.0314972564949827e-05,15.009609957636428,JJ,JJ,0,angri,1,0,1,0,0,1,0,0,0,0,-1
8,antiseptic,1,8.080155138978668e-05,1.7369655941662063,0.0001403495147193,10,2.2736229423712372e-05,15.424647456915272,JJ,JJ,0,antisept,0,0,0,0,0,0,1,0,0,1,1
8,apostle,1,8.080155138978668e-05,3.321928094887362,0.0002684169436722,7,7.578743141237457e-06,17.009609957636428,NN,NN,0,apostl,0,0,0,0,0,0,1,0,0,1,1
8,applause,1,8.080155138978668e-05,2.321928094887362,0.0001876153922824,8,1.5157486282474914e-05,16.009609957636428,NN,NN,0,applaus,0,0,0,0,1,0,1,0,1,1,1
8,ardent,1,8.080155138978668e-05,2.321928094887362,0.0001876153922824,6,1.5157486282474914e-05,16.009609957636428,JJ,JJ,0,ardent,0,1,0,0,1,0,1,0,0,0,1
8,argue,1,8.080155138978668e-05,2.321928094887362,0.0001876153922824,5,1.5157486282474914e-05,16.009609957636428,NNP,NN,0,argu,1,0,0,0,0,1,0,0,0,0,-1
8,argument,1,8.080155138978668e-05,1.0,8.080155138978668e-05,8,5.30512019886622e-05,14.202255035578824,NN,NN,0,argument,1,0,0,0,0,1,0,0,0,0,-1
8,armed,1,8.080155138978668e-05,0.7369655941662062,5.954796332952539e-05,5,7.578743141237457e-05,13.687681862749066,VBN,VB,0,arm,1,0,0,1,0,1,1,0,0,0,0
8,arsenic,1,8.080155138978668e-05,3.321928094887362,0.0002684169436722,7,7.578743141237457e-06,17.009609957636428,VB,VB,0,arsen,0,0,1,1,0,1,0,1,0,0,-1
8,art,1,8.080155138978668e-05,0.0,0.0,3,0.0002804134962257,11.80015659200748,NNP,NN,0,art,0,1,0,0,1,0,1,1,1,0,1
8,associate,1,8.080155138978668e-05,0.15200309344505,1.228208576640676e-05,9,0.0001894685785309,12.365753767861705,NNP,NN,0,associ,0,0,0,0,0,0,1,0,0,1,1
8,astonishment,1,8.080155138978668e-05,3.321928094887362,0.0002684169436722,12,7.578743141237457e-06,17.009609957636428,NN,NN,0,astonish,0,0,0,0,1,0,1,0,1,0,1
8,attack,6,0.0004848093083387,0.15200309344505,7.369251459844056e-05,6,0.0002046260648134,12.25472245547296,NN,NN,0,attack,1,0,0,1,0,1,0,0,0,0,-1
8,attorney,3,0.0002424046541693,0.0,0.0,8,0.0002500985236608,11.965215838277976,NN,NN,0,attorney,1,0,0,1,0,0,1,0,0,1,1
8,author,2,0.0001616031027795,0.3219280948873623,5.2024579005714666e-05,6,0.0001061024039773,13.202255035578824,NN,NN,0,author,0,0,0,0,0,0,1,0,0,1,1
8,autopsy,2,0.0001616031027795,1.7369655941662063,0.0002806990294386,7,3.0314972564949827e-05,15.009609957636428,NN,NN,0,autopsi,0,0,1,1,0,1,0,1,0,0,-1
8,award,1,8.080155138978668e-05,0.0,0.0,5,0.0002273622942371,12.10271936202791,NN,NN,0,award,0,1,0,0,1,0,1,0,1,1,1
8,bad,2,0.0001616031027795,0.0,0.0,3,0.0001743110922484,12.486048001579416,JJ,JJ,0,bad,1,0,1,1,0,1,0,1,0,0,-1
8,badly,1,8.080155138978668e-05,1.3219280948873624,0.0001068138408926,5,3.0314972564949827e-05,15.009609957636428,RB,RB,0,badli,0,0,0,0,0,1,0,1,0,0,-1
8,bankrupt,1,8.080155138978668e-05,3.321928094887362,0.0002684169436722,8,7.578743141237457e-06,17.009609957636428,NNP,NN,0,bankrupt,0,0,0,1,0,1,0,1,0,0,-1
8,bankruptcy,1,8.080155138978668e-05,2.321928094887362,0.0001876153922824,10,1.5157486282474914e-05,16.009609957636428,NN,NN,0,bankruptci,1,0,1,1,0,1,0,1,0,0,-1
8,banquet,1,8.080155138978668e-05,0.7369655941662062,5.954796332952539e-05,7,5.30512019886622e-05,14.202255035578824,NN,NN,0,banquet,0,1,0,0,1,0,1,0,0,0,1
8,baptismal,1,8.080155138978668e-05,3.321928094887362,0.0002684169436722,9,7.578743141237457e-06,17.009609957636428,JJ,JJ,0,baptism,0,0,0,0,1,0,1,0,0,0,1
8,basketball,1,8.080155138978668e-05,0.5145731728297582,4.157831066820929e-05,10,7.578743141237457e-05,13.687681862749066,NN,NN,0,basketbal,0,1,0,0,1,0,1,0,0,0,1
8,battle,1,8.080155138978668e-05,0.0,0.0,6,0.0001743110922484,12.486048001579416,NN,NN,0,battl,1,0,0,0,0,1,0,0,0,0,-1
8,beauty,6,0.0004848093083387,0.15200309344505,7.369251459844056e-05,6,0.0001591536059659,12.617292534857668,NN,NN,0,beauti,0,0,0,0,1,0,1,0,0,0,1
8,beer,1,8.080155138978668e-05,1.0,8.080155138978668e-05,4,4.5472458847424745e-05,14.424647456915272,NN,NN,0,beer,0,0,0,0,1,0,1,0,0,0,1
8,bias,3,0.0002424046541693,0.5145731728297582,0.0001247349320046,4,0.0001667323491072,12.550178338999132,NNP,NN,0,bia,1,0,0,0,0,1,0,0,0,0,-1
8,birth,1,8.080155138978668e-05,0.15200309344505,1.228208576640676e-05,5,0.0002197835510958,12.151628962508855,NN,NN,0,birth,0,1,0,1,1,0,1,0,0,1,1
8,bitterness,1,8.080155138978668e-05,3.321928094887362,0.0002684169436722,10,7.578743141237457e-06,17.009609957636428,NN,NN,0,bitter,1,0,1,0,0,1,0,1,0,0,-1
8,black,2,0.0001616031027795,0.0,0.0,5,0.0027586625034104,8.501815317437732,NNP,NN,0,black,0,0,0,0,0,1,0,1,0,0,-1
8,blast,2,0.0001616031027795,2.321928094887362,0.0003752307845648,5,3.0314972564949827e-05,15.009609957636428,NN,NN,0,blast,1,0,0,1,0,1,0,0,1,0,-1
8,bless,1,8.080155138978668e-05,2.321928094887362,0.0001876153922824,5,1.5157486282474914e-05,16.009609957636428,NN,NN,0,bless,0,1,0,0,1,0,1,0,0,1,1
8,bliss,1,8.080155138978668e-05,2.321928094887362,0.0001876153922824,5,1.5157486282474914e-05,16.009609957636428,NN,NN,0,bliss,0,0,0,0,1,0,1,0,0,0,1
8,bloody,1,8.080155138978668e-05,3.321928094887362,0.0002684169436722,6,7.578743141237457e-06,17.009609957636428,NNP,NN,0,bloodi,1,0,1,1,0,1,0,1,0,0,-1
8,blues,3,0.0002424046541693,0.3219280948873623,7.8036868508572e-05,5,0.0001439961196835,12.761682444192845,NNS,NN,0,blue,0,0,0,1,0,1,0,1,0,0,-1
8,bombed,3,0.0002424046541693,3.321928094887362,0.0008052508310166,6,2.2736229423712372e-05,15.424647456915272,VBN,VB,0,bomb,0,0,1,0,0,1,0,0,0,0,-1
8,bonus,1,8.080155138978668e-05,2.321928094887362,0.0001876153922824,5,2.2736229423712372e-05,15.424647456915272,IN,NN,0,bonu,0,1,0,0,1,0,1,0,1,0,1
8,bout,2,0.0001616031027795,0.7369655941662062,0.000119095926659,4,0.0001212598902597,13.009609957636428,NN,NN,0,bout,1,0,0,0,0,1,0,0,0,0,-1
8,boy,10,0.0008080155138978,0.3219280948873623,0.0002601228950285,3,0.0003031497256494,11.687681862749066,NN,NN,0,boy,0,0,1,0,0,1,0,0,0,0,-1
8,bride,8,0.0006464124111182,0.5145731728297582,0.0003326264853456,5,0.0002122048079546,12.202255035578824,NN,NN,0,bride,0,1,0,0,1,0,1,0,0,1,1
8,brilliant,1,8.080155138978668e-05,1.0,8.080155138978668e-05,9,7.578743141237457e-05,13.687681862749066,JJ,JJ,0,brilliant,0,1,0,0,1,0,1,0,0,1,1
8,broken,1,8.080155138978668e-05,1.0,8.080155138978668e-05,6,7.578743141237457e-05,13.687681862749066,JJ,JJ,0,broken,1,0,0,1,0,1,0,1,0,0,-1
8,brother,3,0.0002424046541693,0.0,0.0,7,0.0002122048079546,12.202255035578824,NN,NN,0,brother,0,0,0,0,0,0,1,0,0,1,1
8,brutal,1,8.080155138978668e-05,2.321928094887362,0.0001876153922824,6,1.5157486282474914e-05,16.009609957636428,JJ,JJ,0,brutal,1,0,0,1,0,1,0,0,0,0,-1
8,buddy,2,0.0001616031027795,1.3219280948873624,0.0002136276817852,5,5.30512019886622e-05,14.202255035578824,NNP,NN,0,buddi,0,1,0,0,1,0,1,0,0,1,1
8,bug,2,0.0001616031027795,3.321928094887362,0.0005368338873444,3,1.5157486282474914e-05,16.009609957636428,NNP,NN,0,bug,0,0,1,1,0,1,0,0,0,0,-1
8,burke,1,8.080155138978668e-05,1.0,8.080155138978668e-05,5,6.820868827113711e-05,13.839684956194116,NNP,NN,0,burk,1,0,1,1,0,1,0,1,0,0,-1
8,butcher,1,8.080155138978668e-05,2.321928094887362,0.0001876153922824,7,1.5157486282474914e-05,16.009609957636428,NN,NN,0,butcher,1,0,1,1,0,1,0,0,0,0,-1
8,butler,1,8.080155138978668e-05,0.5145731728297582,4.157831066820929e-05,6,9.852366083608696e-05,13.309170239495336,NNP,NN,0,butler,0,0,0,0,0,0,1,0,0,1,1
8,campaigning,1,8.080155138978668e-05,2.321928094887362,0.0001876153922824,11,1.5157486282474914e-05,16.009609957636428,NN,NN,0,campaign,1,0,0,1,0,1,0,0,0,0,-1
8,cane,1,8.080155138978668e-05,2.321928094887362,0.0001876153922824,4,1.5157486282474914e-05,16.009609957636428,NN,NN,0,cane,1,0,0,1,0,0,0,0,0,0,0
8,career,2,0.0001616031027795,0.0,0.0,6,0.0003334646982144,11.550178338999132,NN,NN,0,career,0,1,0,0,0,0,1,0,0,0,1
8,carol,1,8.080155138978668e-05,1.0,8.080155138978668e-05,5,3.7893715706187286e-05,14.687681862749066,NNP,NN,0,carol,0,0,0,0,1,0,1,0,0,1,1
8,case,5,0.0004040077569489,0.0,0.0,4,0.0003562009276381,11.45502110595879,NN,NN,0,case,0,0,0,1,0,1,0,1,0,0,-1
8,cash,1,8.080155138978668e-05,0.15200309344505,1.228208576640676e-05,4,0.0001743110922484,12.486048001579416,NN,NN,0,cash,1,1,0,1,1,0,1,0,0,1,1
8,caution,1,8.080155138978668e-05,2.321928094887362,0.0001876153922824,7,1.5157486282474914e-05,16.009609957636428,NNP,NN,0,caution,1,1,0,1,0,1,0,0,0,0,-1
8,celebration,1,8.080155138978668e-05,0.3219280948873623,2.6012289502857333e-05,11,9.852366083608696e-05,13.309170239495336,NN,NN,0,celebr,0,1,0,0,1,0,1,0,1,1,1
8,cemetery,1,8.080155138978668e-05,2.321928094887362,0.0001876153922824,8,1.5157486282474914e-05,16.009609957636428,NN,NN,0,cemeteri,0,0,0,1,0,1,0,1,0,0,-1
8,center,1,8.080155138978668e-05,0.0,0.0,6,0.0003183072119319,11.617292534857668,NNP,NN,0,center,0,0,0,0,0,0,1,0,0,1,1
8,ceremony,3,0.0002424046541693,1.0,0.0002424046541693,8,0.000128838633401,12.922147116386087,NN,NN,0,ceremoni,0,0,0,0,1,0,1,0,1,0,1
8,chairman,1,8.080155138978668e-05,0.0,0.0,8,0.0003713584139206,11.39490011352122,NN,NN,0,chairman,0,0,0,0,0,0,1,0,0,1,1
8,champion,2,0.0001616031027795,0.0,0.0,8,0.0002500985236608,11.965215838277976,NN,NN,0,champion,0,1,0,0,1,0,1,0,0,1,1
8,charity,1,8.080155138978668e-05,1.3219280948873624,0.0001068138408926,7,5.30512019886622e-05,14.202255035578824,NN,NN,0,chariti,0,0,0,0,1,0,1,0,0,0,1
8,child,2,0.0001616031027795,0.0,0.0,5,0.0002955709825082,11.72420773877418,NN,NN,0,child,0,1,0,0,1,0,1,0,0,0,1
8,chocolate,1,8.080155138978668e-05,1.3219280948873624,0.0001068138408926,9,4.5472458847424745e-05,14.424647456915272,NN,NN,0,chocol,0,1,0,0,1,0,1,0,0,1,1
8,chronicle,1,8.080155138978668e-05,3.321928094887362,0.0002684169436722,9,7.578743141237457e-06,17.009609957636428,NNP,NN,0,chronicl,0,0,0,0,0,0,1,0,0,1,1
8,church,15,0.0012120232708468,0.0,0.0,6,0.0007351380847,10.4096971154493,NNP,NN,0,church,0,1,0,0,1,0,1,0,0,1,1
8,classics,1,8.080155138978668e-05,2.321928094887362,0.0001876153922824,8,1.5157486282474914e-05,16.009609957636428,NN,NN,0,classic,0,0,0,0,1,0,1,0,0,0,1
8,clown,1,8.080155138978668e-05,1.7369655941662063,0.0001403495147193,5,2.2736229423712372e-05,15.424647456915272,NNP,NN,0,clown,0,1,0,0,1,0,1,0,1,0,1
8,colonel,1,8.080155138978668e-05,1.3219280948873624,0.0001068138408926,7,3.0314972564949827e-05,15.009609957636428,NN,NN,0,colonel,0,0,0,0,0,0,1,0,0,1,1
8,committed,3,0.0002424046541693,1.0,0.0002424046541693,9,6.820868827113711e-05,13.839684956194116,VBN,VB,0,commit,0,0,0,0,0,0,1,0,0,1,1
8,communion,1,8.080155138978668e-05,3.321928094887362,0.0002684169436722,9,7.578743141237457e-06,17.009609957636428,NN,NN,0,communion,0,0,0,0,1,0,1,0,0,1,1
8,communism,2,0.0001616031027795,2.321928094887362,0.0003752307845648,9,2.2736229423712372e-05,15.424647456915272,NNP,NN,0,commun,1,0,0,1,0,1,0,1,0,0,-1
8,competition,1,8.080155138978668e-05,1.7369655941662063,0.0001403495147193,11,2.2736229423712372e-05,15.424647456915272,NN,NN,0,competit,0,1,0,0,0,1,0,0,0,0,-1
8,complaint,3,0.0002424046541693,0.7369655941662062,0.0001786438899885,9,7.578743141237457e-05,13.687681862749066,NN,NN,0,complaint,1,0,0,0,0,1,0,0,0,0,-1
8,compliance,1,8.080155138978668e-05,1.3219280948873624,0.0001068138408926,10,4.5472458847424745e-05,14.424647456915272,NN,NN,0,complianc,0,0,0,0,0,0,1,0,0,1,1
8,concealment,1,8.080155138978668e-05,2.321928094887362,0.0001876153922824,11,1.5157486282474914e-05,16.009609957636428,NN,NN,0,conceal,1,1,0,1,0,1,0,0,0,0,-1
8,concussion,1,8.080155138978668e-05,3.321928094887362,0.0002684169436722,10,7.578743141237457e-06,17.009609957636428,NN,NN,0,concuss,1,0,0,0,0,1,0,1,0,0,-1
8,condemn,1,8.080155138978668e-05,2.321928094887362,0.0001876153922824,7,1.5157486282474914e-05,16.009609957636428,VB,VB,0,condemn,1,0,0,0,0,1,0,0,0,0,-1
8,confident,1,8.080155138978668e-05,1.3219280948873624,0.0001068138408926,9,3.0314972564949827e-05,15.009609957636428,JJ,JJ,0,confid,0,0,0,0,1,0,1,0,0,1,1
8,confined,2,0.0001616031027795,1.0,0.0001616031027795,8,4.5472458847424745e-05,14.424647456915272,VBN,VB,0,confin,1,0,1,1,0,1,0,1,0,0,-1
8,congregation,3,0.0002424046541693,1.3219280948873624,0.0003204415226779,12,5.30512019886622e-05,14.202255035578824,NN,NN,0,congreg,0,0,0,0,0,0,1,0,0,1,1
8,congress,2,0.0001616031027795,0.5145731728297582,8.315662133641858e-05,8,0.0002197835510958,12.151628962508855,NNP,NN,0,congress,0,0,1,0,0,0,0,0,0,1,0
8,content,1,8.080155138978668e-05,2.321928094887362,0.0001876153922824,7,1.5157486282474914e-05,16.009609957636428,JJ,JJ,0,content,0,0,0,0,1,0,1,0,0,1,1
8,convince,1,8.080155138978668e-05,3.321928094887362,0.0002684169436722,8,7.578743141237457e-06,17.009609957636428,VB,VB,0,convinc,0,1,0,0,0,0,1,0,0,1,1
8,cooperation,1,8.080155138978668e-05,1.7369655941662063,0.0001403495147193,11,3.0314972564949827e-05,15.009609957636428,NN,NN,0,cooper,0,0,0,0,0,0,1,0,0,1,1
8,cop,3,0.0002424046541693,0.3219280948873623,7.8036868508572e-05,3,0.0002273622942371,12.10271936202791,NNP,NN,0,cop,0,0,0,1,0,0,0,0,0,1,0
8,cosmopolitan,1,8.080155138978668e-05,1.7369655941662063,0.0001403495147193,12,2.2736229423712372e-05,15.424647456915272,JJ,NN,0,cosmopolitan,0,0,0,0,0,0,1,0,0,1,1
8,council,1,8.080155138978668e-05,0.15200309344505,1.228208576640676e-05,7,0.0002349410373783,12.055413647249551,NNP,NN,0,council,0,1,0,0,0,0,1,0,0,1,1
8,counsel,1,8.080155138978668e-05,1.0,8.080155138978668e-05,7,4.5472458847424745e-05,14.424647456915272,NN,NN,0,counsel,0,0,0,0,0,0,1,0,0,1,1
8,count,2,0.0001616031027795,0.5145731728297582,8.315662133641858e-05,5,0.0001364173765422,12.839684956194116,NNP,NN,0,count,0,0,0,0,0,0,1,0,0,1,1
8,court,11,0.0008888170652876,0.0,0.0,5,0.0010003940946433,9.965215838277976,NNP,NN,0,court,1,1,0,1,0,0,0,0,0,0,0
8,crime,7,0.0005656108597285,0.15200309344505,8.597460036484733e-05,5,0.0002197835510958,12.151628962508855,NN,NN,0,crime,1,0,0,0,0,1,0,0,0,0,-1
8,criminal,3,0.0002424046541693,1.0,0.0002424046541693,8,7.578743141237457e-05,13.687681862749066,JJ,JJ,0,crimin,1,0,1,1,0,1,0,0,0,0,-1
8,cry,1,8.080155138978668e-05,1.3219280948873624,0.0001068138408926,3,3.0314972564949827e-05,15.009609957636428,NN,NN,0,cri,0,0,0,0,0,1,0,1,0,0,-1
8,cult,1,8.080155138978668e-05,3.321928094887362,0.0002684169436722,4,7.578743141237457e-06,17.009609957636428,NN,NN,0,cult,0,0,0,1,0,1,0,0,0,0,-1
8,damage,5,0.0004040077569489,0.5145731728297582,0.000207891553341,6,0.000128838633401,12.922147116386087,NN,NN,0,damag,1,0,1,0,0,1,0,1,0,0,-1
8,dame,1,8.080155138978668e-05,3.321928094887362,0.0002684169436722,4,7.578743141237457e-06,17.009609957636428,NNP,NN,0,dame,1,0,1,0,0,0,1,0,0,1,1
8,dance,4,0.0003232062055591,0.0,0.0,5,0.0002349410373783,12.055413647249551,NN,NN,0,danc,0,0,0,0,1,0,1,0,0,1,1
8,dangerous,1,8.080155138978668e-05,0.7369655941662062,5.954796332952539e-05,9,8.336617455361203e-05,13.550178338999132,JJ,JJ,0,danger,0,0,0,1,0,1,0,0,0,0,-1
8,daughter,10,0.0008080155138978,0.15200309344505,0.000122820857664,8,0.0003865159002031,11.337184615664931,NN,NN,0,daughter,0,0,0,0,1,0,1,0,0,0,1
8,deal,1,8.080155138978668e-05,0.3219280948873623,2.6012289502857333e-05,4,9.852366083608696e-05,13.309170239495336,NN,NN,0,deal,0,1,0,0,1,0,1,0,1,1,1
8,death,10,0.0008080155138978,0.0,0.0,5,0.0005229332767453,10.90108550085826,NN,NN,0,death,1,1,1,1,0,1,0,1,1,0,-1
8,debt,1,8.080155138978668e-05,1.7369655941662063,0.0001403495147193,4,3.7893715706187286e-05,14.687681862749066,NN,NN,0,debt,0,0,0,0,0,1,0,1,0,0,-1
8,defect,1,8.080155138978668e-05,3.321928094887362,0.0002684169436722,6,7.578743141237457e-06,17.009609957636428,NN,NN,0,defect,1,0,0,0,0,1,0,0,0,0,-1
8,defend,2,0.0001616031027795,2.321928094887362,0.0003752307845648,6,2.2736229423712372e-05,15.424647456915272,VB,VB,0,defend,0,0,0,1,0,0,1,0,0,0,1
8,defense,4,0.0003232062055591,0.15200309344505,4.9128343065627035e-05,7,0.0002955709825082,11.72420773877418,NN,NN,0,defens,1,1,0,1,0,0,1,0,0,0,1
8,denied,5,0.0004040077569489,0.15200309344505,6.141042883203379e-05,6,0.0001667323491072,12.550178338999132,VBD,VB,0,deni,0,0,0,0,0,1,0,1,0,0,-1
8,denying,1,8.080155138978668e-05,2.321928094887362,0.0001876153922824,7,1.5157486282474914e-05,16.009609957636428,VBG,VB,0,deni,0,1,0,0,0,1,0,0,0,0,-1
8,descent,1,8.080155138978668e-05,1.7369655941662063,0.0001403495147193,7,2.2736229423712372e-05,15.424647456915272,NN,NN,0,descent,0,0,0,1,0,0,0,1,0,0,0
8,deserted,1,8.080155138978668e-05,1.7369655941662063,0.0001403495147193,8,2.2736229423712372e-05,15.424647456915272,VBD,VB,0,desert,1,0,1,1,0,1,0,1,0,0,-1
8,deserve,1,8.080155138978668e-05,1.7369655941662063,0.0001403495147193,7,2.2736229423712372e-05,15.424647456915272,VBP,VB,0,deserv,1,1,0,0,0,0,1,0,0,1,1
8,destroyed,1,8.080155138978668e-05,1.3219280948873624,0.0001068138408926,9,3.0314972564949827e-05,15.009609957636428,VBN,VB,0,destroy,1,0,0,1,0,1,0,1,0,0,-1
8,devil,2,0.0001616031027795,2.321928094887362,0.0003752307845648,5,2.2736229423712372e-05,15.424647456915272,NN,NN,0,devil,1,1,1,1,0,1,0,1,0,0,-1
8,diamond,1,8.080155138978668e-05,1.3219280948873624,0.0001068138408926,7,3.0314972564949827e-05,15.009609957636428,NN,NN,0,diamond,0,0,0,0,1,0,1,0,0,0,1
8,difficulties,1,8.080155138978668e-05,2.321928094887362,0.0001876153922824,12,1.5157486282474914e-05,16.009609957636428,NNS,NN,0,difficulti,0,0,0,0,0,1,0,1,0,0,-1
8,diplomatic,1,8.080155138978668e-05,1.0,8.080155138978668e-05,10,4.5472458847424745e-05,14.424647456915272,JJ,JJ,0,diplomat,0,0,0,0,0,0,1,0,0,1,1
8,director,8,0.0006464124111182,0.0,0.0,8,0.0006593506532876,10.5666664617877,NN,NN,0,director,0,0,0,0,0,0,1,0,0,1,1
8,disagree,1,8.080155138978668e-05,3.321928094887362,0.0002684169436722,8,7.578743141237457e-06,17.009609957636428,VB,VB,0,disagre,1,0,0,0,0,1,0,0,0,0,-1
8,disappointed,1,8.080155138978668e-05,1.3219280948873624,0.0001068138408926,12,3.7893715706187286e-05,14.687681862749066,JJ,JJ,0,disappoint,1,0,1,0,0,1,0,1,0,0,-1
8,disapproved,1,8.080155138978668e-05,3.321928094887362,0.0002684169436722,11,7.578743141237457e-06,17.009609957636428,VBN,VB,0,disapprov,1,0,0,0,0,1,0,1,0,0,-1
8,discrimination,5,0.0004040077569489,0.15200309344505,6.141042883203379e-05,14,0.000287992239367,11.761682444192845,NN,NN,0,discrimin,1,0,1,1,0,1,0,1,0,0,-1
8,disdain,1,8.080155138978668e-05,3.321928094887362,0.0002684169436722,7,7.578743141237457e-06,17.009609957636428,NN,NN,0,disdain,1,0,1,0,0,1,0,0,0,0,-1
8,disgust,1,8.080155138978668e-05,1.7369655941662063,0.0001403495147193,7,2.2736229423712372e-05,15.424647456915272,NN,NN,0,disgust,1,0,1,1,0,1,0,1,0,0,-1
8,dismay,1,8.080155138978668e-05,3.321928094887362,0.0002684169436722,6,7.578743141237457e-06,17.009609957636428,NN,NN,0,dismay,1,1,0,1,0,1,0,1,1,0,-1
8,dismissal,2,0.0001616031027795,1.7369655941662063,0.0002806990294386,9,3.0314972564949827e-05,15.009609957636428,NN,NN,0,dismiss,1,0,1,1,0,1,0,1,1,0,-1
8,divorce,3,0.0002424046541693,0.7369655941662062,0.0001786438899885,7,0.0001743110922484,12.486048001579416,NN,NN,0,divorc,1,0,1,1,0,1,0,1,1,1,-1
8,doctor,1,8.080155138978668e-05,0.0,0.0,6,0.0002425197805195,12.009609957636428,NN,NN,0,doctor,0,0,0,0,0,0,1,0,0,1,1
8,don,14,0.001131221719457,0.0,0.0,3,0.0009397641495134,10.055413647249551,NNP,NN,1,don,0,0,0,0,0,0,1,0,0,1,1
8,doubt,2,0.0001616031027795,1.3219280948873624,0.0002136276817852,5,6.0629945129899655e-05,14.009609957636428,NN,NN,0,doubt,0,0,0,1,0,1,0,1,0,1,-1
8,dull,1,8.080155138978668e-05,1.7369655941662063,0.0001403495147193,4,2.2736229423712372e-05,15.424647456915272,JJ,JJ,0,dull,0,0,0,0,0,1,0,1,0,0,-1
8,dwarfed,1,8.080155138978668e-05,2.321928094887362,0.0001876153922824,7,1.5157486282474914e-05,16.009609957636428,VBN,VB,0,dwarf,0,0,0,1,0,1,0,1,0,0,-1
8,dying,1,8.080155138978668e-05,2.321928094887362,0.0001876153922824,5,2.2736229423712372e-05,15.424647456915272,VBG,VB,0,die,1,0,1,1,0,1,0,1,0,0,-1
8,educational,1,8.080155138978668e-05,0.7369655941662062,5.954796332952539e-05,11,7.578743141237457e-05,13.687681862749066,JJ,JJ,0,educ,0,0,0,0,0,0,1,0,0,1,1
8,effective,1,8.080155138978668e-05,0.7369655941662062,5.954796332952539e-05,9,6.820868827113711e-05,13.839684956194116,JJ,JJ,0,effect,0,0,0,0,0,0,1,0,0,1,1
8,electric,1,8.080155138978668e-05,1.0,8.080155138978668e-05,8,4.5472458847424745e-05,14.424647456915272,JJ,JJ,0,electr,0,0,0,0,1,0,1,0,1,0,1
8,elite,1,8.080155138978668e-05,1.0,8.080155138978668e-05,5,3.7893715706187286e-05,14.687681862749066,JJ,JJ,0,elit,0,1,0,0,1,0,1,0,0,1,1
8,embarrassment,1,8.080155138978668e-05,3.321928094887362,0.0002684169436722,13,7.578743141237457e-06,17.009609957636428,NN,NN,0,embarrass,0,0,0,1,0,1,0,1,1,0,-1
8,emergency,2,0.0001616031027795,1.3219280948873624,0.0002136276817852,9,3.7893715706187286e-05,14.687681862749066,NN,NN,0,emerg,0,0,0,1,0,1,0,1,1,0,-1
8,enjoy,1,8.080155138978668e-05,0.7369655941662062,5.954796332952539e-05,5,6.0629945129899655e-05,14.009609957636428,VB,VB,0,enjoy,0,1,0,0,1,0,1,0,0,1,1
8,entertained,1,8.080155138978668e-05,1.0,8.080155138978668e-05,11,4.5472458847424745e-05,14.424647456915272,VBD,VB,0,entertain,0,0,0,0,1,0,1,0,0,0,1
8,entertainment,3,0.0002424046541693,0.0,0.0,13,0.0001743110922484,12.486048001579416,NNP,NN,0,entertain,0,1,0,0,1,0,1,0,1,1,1
8,enthusiasm,2,0.0001616031027795,1.7369655941662063,0.0002806990294386,10,3.0314972564949827e-05,15.009609957636428,NN,NN,0,enthusiasm,0,1,0,0,1,0,1,0,1,0,1
8,error,2,0.0001616031027795,1.3219280948873624,0.0002136276817852,5,3.7893715706187286e-05,14.687681862749066,NN,NN,0,error,0,0,0,0,0,1,0,1,0,0,-1
8,escape,1,8.080155138978668e-05,0.7369655941662062,5.954796332952539e-05,6,6.0629945129899655e-05,14.009609957636428,NN,NN,0,escap,0,1,0,1,0,1,1,0,0,0,0
8,established,1,8.080155138978668e-05,1.0,8.080155138978668e-05,11,9.094491769484948e-05,13.424647456915272,VBN,VB,0,establish,0,0,0,0,1,0,1,0,0,0,1
8,evident,1,8.080155138978668e-05,3.321928094887362,0.0002684169436722,7,7.578743141237457e-06,17.009609957636428,JJ,JJ,0,evid,0,0,0,0,0,0,1,0,0,1,1
8,evil,1,8.080155138978668e-05,1.7369655941662063,0.0001403495147193,4,3.0314972564949827e-05,15.009609957636428,JJ,JJ,0,evil,1,0,1,1,0,1,0,1,0,0,-1
8,excited,1,8.080155138978668e-05,1.3219280948873624,0.0001068138408926,7,3.7893715706187286e-05,14.687681862749066,JJ,JJ,0,excit,0,1,0,0,1,0,1,0,1,1,1
8,exciting,1,8.080155138978668e-05,0.7369655941662062,5.954796332952539e-05,8,4.5472458847424745e-05,14.424647456915272,JJ,JJ,0,excit,0,1,0,0,1,0,1,0,1,0,1
8,exclusion,1,8.080155138978668e-05,3.321928094887362,0.0002684169436722,9,7.578743141237457e-06,17.009609957636428,NN,NN,0,exclus,0,0,1,1,0,1,0,1,0,0,-1
8,expect,3,0.0002424046541693,1.0,0.0002424046541693,6,6.820868827113711e-05,13.839684956194116,VBP,VB,0,expect,0,1,0,0,0,0,1,0,1,1,1
8,experienced,1,8.080155138978668e-05,1.7369655941662063,0.0001403495147193,11,2.2736229423712372e-05,15.424647456915272,VBN,VB,0,experienc,0,0,0,0,0,0,1,0,0,1,1
8,experiment,1,8.080155138978668e-05,2.321928094887362,0.0001876153922824,10,2.2736229423712372e-05,15.424647456915272,NN,NN,0,experi,0,1,0,0,0,0,0,0,1,0,0
8,explosion,2,0.0001616031027795,2.321928094887362,0.0003752307845648,9,2.2736229423712372e-05,15.424647456915272,NN,NN,0,explos,0,0,0,1,0,1,0,0,1,0,-1
8,facts,1,8.080155138978668e-05,1.0,8.080155138978668e-05,5,5.30512019886622e-05,14.202255035578824,NNS,NN,0,fact,0,0,0,0,0,0,1,0,0,1,1
8,failure,1,8.080155138978668e-05,1.3219280948873624,0.0001068138408926,7,5.30512019886622e-05,14.202255035578824,NN,NN,0,failur,0,0,1,1,0,1,0,1,0,0,-1
8,fall,4,0.0003232062055591,0.3219280948873623,0.0001040491580114,4,0.0001364173765422,12.839684956194116,NN,NN,0,fall,0,0,0,0,0,1,0,1,0,0,-1
8,favorite,2,0.0001616031027795,0.7369655941662062,0.000119095926659,8,9.852366083608696e-05,13.309170239495336,JJ,JJ,0,favorit,0,0,0,0,1,0,1,0,0,1,1
8,feeling,3,0.0002424046541693,0.3219280948873623,7.8036868508572e-05,7,0.0001591536059659,12.617292534857668,NN,NN,0,feel,1,1,1,1,1,1,1,1,1,1,0
8,festival,1,8.080155138978668e-05,1.3219280948873624,0.0001068138408926,8,7.578743141237457e-05,13.687681862749066,NNP,NN,0,festiv,0,1,0,0,1,0,1,0,1,0,1
8,fiend,1,8.080155138978668e-05,3.321928094887362,0.0002684169436722,5,7.578743141237457e-06,17.009609957636428,NN,NN,0,fiend,1,0,1,1,0,1,0,0,0,0,-1
8,fight,3,0.0002424046541693,0.0,0.0,5,0.000416830872768,11.228250244111768,NN,NN,0,fight,1,0,0,1,0,1,0,0,0,0,-1
8,fighting,1,8.080155138978668e-05,0.5145731728297582,4.157831066820929e-05,8,9.094491769484948e-05,13.424647456915272,VBG,VB,0,fight,1,0,0,0,0,1,0,0,0,0,-1
8,flee,1,8.080155138978668e-05,1.7369655941662063,0.0001403495147193,4,2.2736229423712372e-05,15.424647456915272,VB,VB,0,flee,0,0,0,1,0,1,0,0,0,0,-1
8,football,1,8.080155138978668e-05,0.15200309344505,1.228208576640676e-05,8,0.0002046260648134,12.25472245547296,NN,NN,0,footbal,0,1,0,0,1,0,1,0,0,0,1
8,force,4,0.0003232062055591,0.15200309344505,4.9128343065627035e-05,5,0.0002500985236608,11.965215838277976,NNP,NN,0,forc,1,0,0,1,0,1,0,0,0,0,-1
8,forced,2,0.0001616031027795,0.15200309344505,2.4564171532813517e-05,6,0.0001515748628247,12.687681862749066,VBN,VB,0,forc,0,0,0,1,0,1,0,0,0,0,-1
8,formula,1,8.080155138978668e-05,2.321928094887362,0.0001876153922824,7,1.5157486282474914e-05,16.009609957636428,NN,NN,0,formula,0,0,0,0,0,0,1,0,0,1,1
8,found,10,0.0008080155138978,0.0,0.0,5,0.0004698820747567,11.055413647249551,VBD,VB,0,found,0,0,0,0,1,0,1,0,0,1,1
8,frank,4,0.0003232062055591,0.0,0.0,5,0.000257677266802,11.922147116386087,NNP,NN,0,frank,0,0,0,0,0,0,1,0,0,1,1
8,freedom,4,0.0003232062055591,0.7369655941662062,0.0002381918533181,7,0.0001061024039773,13.202255035578824,NN,NN,0,freedom,0,0,0,0,1,0,1,0,0,1,1
8,friend,1,8.080155138978668e-05,0.15200309344505,1.228208576640676e-05,6,0.0002122048079546,12.202255035578824,NN,NN,0,friend,0,0,0,0,1,0,1,0,0,1,1
8,friendly,2,0.0001616031027795,1.3219280948873624,0.0002136276817852,8,4.5472458847424745e-05,14.424647456915272,JJ,JJ,0,friendli,0,1,0,0,1,0,1,0,0,1,1
8,frightened,2,0.0001616031027795,1.7369655941662063,0.0002806990294386,10,3.0314972564949827e-05,15.009609957636428,JJ,JJ,0,frighten,0,0,0,1,0,1,0,0,1,0,-1
8,fury,1,8.080155138978668e-05,3.321928094887362,0.0002684169436722,4,7.578743141237457e-06,17.009609957636428,NN,NN,0,furi,1,0,0,1,0,1,0,1,0,0,-1
8,gain,1,8.080155138978668e-05,1.3219280948873624,0.0001068138408926,4,3.7893715706187286e-05,14.687681862749066,VB,VB,0,gain,0,1,0,0,1,0,1,0,0,0,1
8,gang,1,8.080155138978668e-05,1.3219280948873624,0.0001068138408926,4,4.5472458847424745e-05,14.424647456915272,NN,NN,0,gang,1,0,0,1,0,1,0,0,0,0,-1
8,general,3,0.0002424046541693,0.15200309344505,3.684625729922028e-05,7,0.0004319883590505,11.176719943471689,NNP,NN,0,gener,0,0,0,0,0,0,1,0,0,1,1
8,gent,1,8.080155138978668e-05,3.321928094887362,0.0002684169436722,4,7.578743141237457e-06,17.009609957636428,NN,NN,0,gent,1,0,1,1,0,1,0,0,0,0,-1
8,god,1,8.080155138978668e-05,0.15200309344505,1.228208576640676e-05,3,0.0001439961196835,12.761682444192845,NNP,NN,0,god,0,1,0,1,1,0,1,0,0,1,1
8,good,5,0.0004040077569489,0.0,0.0,4,0.0007502955709825,10.38025333755682,JJ,JJ,0,good,0,1,0,0,1,0,1,0,1,1,1
8,government,3,0.0002424046541693,0.0,0.0,10,0.0004016733864855,11.28168950307323,NN,NN,0,govern,0,0,0,1,0,1,0,0,0,0,-1
8,grave,2,0.0001616031027795,1.7369655941662063,0.0002806990294386,5,3.0314972564949827e-05,15.009609957636428,NN,NN,0,grave,0,0,0,1,0,1,0,1,0,0,-1
8,guilt,4,0.0003232062055591,1.7369655941662063,0.0005613980588772,5,5.30512019886622e-05,14.202255035578824,NN,NN,0,guilt,0,0,1,0,0,1,0,1,0,0,-1
8,guilty,1,8.080155138978668e-05,0.5145731728297582,4.157831066820929e-05,6,9.852366083608696e-05,13.309170239495336,JJ,JJ,0,guilti,1,0,0,0,0,1,0,1,0,0,-1
8,gun,4,0.0003232062055591,0.5145731728297582,0.0001663132426728,3,0.0001061024039773,13.202255035578824,NN,NN,0,gun,1,0,0,1,0,1,0,0,0,0,-1
8,happy,3,0.0002424046541693,0.3219280948873623,7.8036868508572e-05,5,0.0001667323491072,12.550178338999132,JJ,JJ,0,happi,0,1,0,0,1,0,1,0,0,1,1
8,harm,1,8.080155138978668e-05,1.7369655941662063,0.0001403495147193,4,3.0314972564949827e-05,15.009609957636428,NN,NN,0,harm,0,0,0,1,0,1,0,0,0,0,-1
8,harry,1,8.080155138978668e-05,0.3219280948873623,2.6012289502857333e-05,5,0.0001212598902597,13.009609957636428,NNP,NN,0,harri,1,0,0,0,0,1,0,1,0,0,-1
8,haven,1,8.080155138978668e-05,1.3219280948873624,0.0001068138408926,5,6.820868827113711e-05,13.839684956194116,NN,VB,1,haven,0,0,0,0,0,0,1,0,0,1,1
8,hearing,1,8.080155138978668e-05,0.3219280948873623,2.6012289502857333e-05,7,0.0001212598902597,13.009609957636428,NN,NN,0,hear,0,0,0,1,0,1,0,0,0,0,-1
8,hearse,1,8.080155138978668e-05,3.321928094887362,0.0002684169436722,6,7.578743141237457e-06,17.009609957636428,NN,NN,0,hears,0,0,0,1,0,1,0,1,0,0,-1
8,hero,1,8.080155138978668e-05,1.0,8.080155138978668e-05,4,6.820868827113711e-05,13.839684956194116,NN,NN,0,hero,0,1,0,0,1,0,1,0,1,1,1
8,highest,1,8.080155138978668e-05,0.3219280948873623,2.6012289502857333e-05,7,0.000128838633401,12.922147116386087,JJS,JJ,0,highest,0,1,0,1,1,1,1,0,1,0,0
8,hit,5,0.0004040077569489,0.0,0.0,3,0.0004547245884742,11.10271936202791,VBD,VB,0,hit,1,0,0,0,0,1,0,0,0,0,-1
8,hog,1,8.080155138978668e-05,1.7369655941662063,0.0001403495147193,3,2.2736229423712372e-05,15.424647456915272,NN,NN,0,hog,0,0,1,0,0,1,0,0,0,0,-1
8,homeless,1,8.080155138978668e-05,3.321928094887362,0.0002684169436722,8,7.578743141237457e-06,17.009609957636428,JJ,JJ,0,homeless,1,1,1,1,0,1,0,1,0,0,-1
8,homicide,1,8.080155138978668e-05,2.321928094887362,0.0001876153922824,8,1.5157486282474914e-05,16.009609957636428,NN,NN,0,homicid,1,0,1,1,0,1,0,1,0,0,-1
8,honeymoon,2,0.0001616031027795,1.7369655941662063,0.0002806990294386,9,4.5472458847424745e-05,14.424647456915272,NN,NN,0,honeymoon,0,1,0,0,1,0,1,0,1,1,1
8,honor,2,0.0001616031027795,0.3219280948873623,5.2024579005714666e-05,5,0.0001818898353896,12.424647456915272,NN,NN,0,honor,0,0,0,0,0,0,1,0,0,1,1
8,hope,2,0.0001616031027795,0.0,0.0,4,0.0001212598902597,13.009609957636428,VBP,VB,0,hope,0,1,0,0,1,0,1,0,1,1,1
8,horrible,1,8.080155138978668e-05,3.321928094887362,0.0002684169436722,8,7.578743141237457e-06,17.009609957636428,JJ,JJ,0,horribl,1,0,1,1,0,1,0,0,0,0,-1
8,hospital,19,0.0015352294764059,0.0,0.0,8,0.0008563979749598,10.18943099522124,NNP,NN,0,hospit,0,0,0,1,0,0,0,1,0,1,0
8,hostility,1,8.080155138978668e-05,3.321928094887362,0.0002684169436722,9,7.578743141237457e-06,17.009609957636428,NN,NN,0,hostil,1,0,1,0,0,1,0,0,0,0,-1
8,hunter,4,0.0003232062055591,0.7369655941662062,0.0002381918533181,6,7.578743141237457e-05,13.687681862749066,NNP,NN,0,hunter,0,1,0,1,0,1,0,1,0,0,-1
8,hurried,1,8.080155138978668e-05,2.321928094887362,0.0001876153922824,7,1.5157486282474914e-05,16.009609957636428,NNP,NN,0,hurri,0,1,0,0,0,1,0,0,0,0,-1
8,hurt,1,8.080155138978668e-05,1.3219280948873624,0.0001068138408926,4,0.0001136811471185,13.10271936202791,NNP,VB,0,hurt,1,0,0,1,0,1,0,1,0,0,-1
8,hurting,1,8.080155138978668e-05,3.321928094887362,0.0002684169436722,7,7.578743141237457e-06,17.009609957636428,VBG,VB,0,hurt,1,0,0,1,0,1,0,1,0,0,-1
8,hysteria,2,0.0001616031027795,3.321928094887362,0.0005368338873444,8,1.5157486282474914e-05,16.009609957636428,NN,NN,0,hysteria,0,0,0,1,0,1,0,0,0,0,-1
8,ill,4,0.0003232062055591,1.7369655941662063,0.0005613980588772,3,6.0629945129899655e-05,14.009609957636428,NNP,NN,0,ill,1,0,1,1,0,1,0,1,0,0,-1
8,illegal,1,8.080155138978668e-05,0.5145731728297582,4.157831066820929e-05,7,6.820868827113711e-05,13.839684956194116,JJ,JJ,0,illeg,1,0,1,1,0,1,0,1,0,0,-1
8,impartial,1,8.080155138978668e-05,2.321928094887362,0.0001876153922824,9,1.5157486282474914e-05,16.009609957636428,JJ,JJ,0,imparti,0,0,0,0,0,0,1,0,0,1,1
8,important,1,8.080155138978668e-05,0.15200309344505,1.228208576640676e-05,9,0.0001818898353896,12.424647456915272,JJ,JJ,0,import,0,0,0,0,0,0,1,0,0,1,1
8,improve,1,8.080155138978668e-05,1.0,8.080155138978668e-05,7,4.5472458847424745e-05,14.424647456915272,VB,VB,0,improv,0,1,0,0,1,0,1,0,0,1,1
8,income,2,0.0001616031027795,0.7369655941662062,0.000119095926659,6,0.0001212598902597,13.009609957636428,NN,NN,0,incom,0,1,0,0,1,1,1,1,0,1,0
8,indict,1,8.080155138978668e-05,3.321928094887362,0.0002684169436722,6,7.578743141237457e-06,17.009609957636428,NNP,NN,0,indict,1,0,0,1,0,1,0,0,0,0,-1
8,injury,1,8.080155138978668e-05,2.321928094887362,0.0001876153922824,6,3.0314972564949827e-05,15.009609957636428,NN,NN,0,injuri,1,0,0,1,0,1,0,1,0,0,-1
8,intact,1,8.080155138978668e-05,2.321928094887362,0.0001876153922824,6,1.5157486282474914e-05,16.009609957636428,JJ,JJ,0,intact,0,0,0,0,0,0,1,0,0,1,1
8,intended,1,8.080155138978668e-05,1.7369655941662063,0.0001403495147193,8,2.2736229423712372e-05,15.424647456915272,VBN,VB,0,intend,0,1,0,0,0,0,1,0,0,0,1
8,interested,1,8.080155138978668e-05,1.0,8.080155138978668e-05,10,6.820868827113711e-05,13.839684956194116,JJ,JJ,0,interest,0,0,1,0,0,0,1,1,0,0,1
8,intimate,1,8.080155138978668e-05,1.3219280948873624,0.0001068138408926,8,3.7893715706187286e-05,14.687681862749066,JJ,JJ,0,intim,0,1,0,0,1,0,1,0,0,1,1
8,irate,1,8.080155138978668e-05,1.3219280948873624,0.0001068138408926,5,3.0314972564949827e-05,15.009609957636428,NN,NN,0,irat,1,0,0,0,0,1,0,0,0,0,-1
8,jail,1,8.080155138978668e-05,0.15200309344505,1.228208576640676e-05,4,0.000257677266802,11.922147116386087,NN,NN,0,jail,0,0,0,1,0,1,0,1,0,0,-1
8,john,20,0.0016160310277957,0.0,0.0,4,0.0008412404886773,10.215194091286325,NNP,NN,0,john,0,0,1,0,0,1,0,0,0,0,-1
8,jubilant,1,8.080155138978668e-05,3.321928094887362,0.0002684169436722,8,7.578743141237457e-06,17.009609957636428,NN,NN,0,jubil,0,0,0,0,1,0,1,0,1,1,1
8,justice,1,8.080155138978668e-05,0.0,0.0,7,0.0002349410373783,12.055413647249551,NNP,NN,0,justic,0,0,0,0,0,0,1,0,0,1,1
8,kick,1,8.080155138978668e-05,2.321928094887362,0.0001876153922824,4,1.5157486282474914e-05,16.009609957636428,NN,NN,0,kick,1,0,0,0,0,1,0,0,0,0,-1
8,kind,2,0.0001616031027795,0.0,0.0,4,0.0002046260648134,12.25472245547296,NN,NN,0,kind,0,0,0,0,1,0,1,0,0,1,1
8,labor,3,0.0002424046541693,0.15200309344505,3.684625729922028e-05,5,0.0002804134962257,11.80015659200748,NN,NN,0,labor,0,1,0,0,1,0,1,0,1,1,1
8,labored,1,8.080155138978668e-05,3.321928094887362,0.0002684169436722,7,7.578743141237457e-06,17.009609957636428,VBN,VB,0,labor,0,0,0,0,0,1,0,1,0,0,-1
8,larceny,1,8.080155138978668e-05,3.321928094887362,0.0002684169436722,7,7.578743141237457e-06,17.009609957636428,NNP,NN,0,larceni,0,0,1,0,0,1,0,0,0,0,-1
8,late,2,0.0001616031027795,0.0,0.0,4,0.0003031497256494,11.687681862749066,JJ,JJ,0,late,0,0,0,0,0,1,0,1,0,0,-1
8,lawyer,5,0.0004040077569489,0.3219280948873623,0.0001300614475142,6,0.0001894685785309,12.365753767861705,NN,NN,0,lawyer,1,0,1,1,0,1,0,0,0,0,-1
8,leader,12,0.0009696186166774,0.0,0.0,6,0.0003107284687907,11.652057953018344,NN,NN,0,leader,0,0,0,0,0,0,1,0,0,1,1
8,leave,5,0.0004040077569489,0.3219280948873623,0.0001300614475142,5,0.0002046260648134,12.25472245547296,VB,VB,0,leav,0,0,0,0,0,1,0,1,1,0,-1
8,legal,1,8.080155138978668e-05,0.15200309344505,1.228208576640676e-05,5,0.0002728347530845,11.839684956194116,JJ,JJ,0,legal,0,0,0,0,0,0,1,0,0,1,1
8,liberal,4,0.0003232062055591,1.3219280948873624,0.0004272553635705,7,6.820868827113711e-05,13.839684956194116,JJ,JJ,0,liber,0,0,0,0,0,1,1,0,0,0,0
8,lie,2,0.0001616031027795,2.321928094887362,0.0003752307845648,3,2.2736229423712372e-05,15.424647456915272,NN,NN,0,lie,1,0,1,0,0,1,0,1,0,0,-1
8,liquor,4,0.0003232062055591,0.7369655941662062,0.0002381918533181,6,0.000128838633401,12.922147116386087,NN,NN,0,liquor,1,0,0,0,1,1,0,1,0,0,-1
8,losing,2,0.0001616031027795,1.0,0.0001616031027795,6,5.30512019886622e-05,14.202255035578824,VBG,VB,0,lose,1,0,0,0,0,1,0,1,0,0,-1
8,loss,1,8.080155138978668e-05,0.5145731728297582,4.157831066820929e-05,4,0.0001061024039773,13.202255035578824,NN,NN,0,loss,1,0,0,1,0,1,0,1,0,0,-1
8,lost,3,0.0002424046541693,0.15200309344505,3.684625729922028e-05,4,0.0002046260648134,12.25472245547296,VBD,VB,0,lost,0,0,0,0,0,1,0,1,0,0,-1
8,love,3,0.0002424046541693,0.0,0.0,4,0.0005380907630278,10.859862838131749,NNP,NN,0,love,0,0,0,0,1,0,1,0,0,0,1
8,luxury,2,0.0001616031027795,2.321928094887362,0.0003752307845648,6,2.2736229423712372e-05,15.424647456915272,NN,NN,0,luxuri,0,0,0,0,1,0,1,0,0,0,1
8,lying,1,8.080155138978668e-05,1.7369655941662063,0.0001403495147193,5,2.2736229423712372e-05,15.424647456915272,VBG,VB,0,lie,1,0,1,0,0,1,0,0,0,0,-1
8,majority,3,0.0002424046541693,1.3219280948873624,0.0003204415226779,8,6.820868827113711e-05,13.839684956194116,NN,NN,0,major,0,0,0,0,1,0,1,0,0,1,1
8,management,2,0.0001616031027795,0.7369655941662062,0.000119095926659,10,9.852366083608696e-05,13.309170239495336,NN,NN,0,manag,0,0,0,0,0,0,1,0,0,1,1
8,margin,1,8.080155138978668e-05,2.321928094887362,0.0001876153922824,6,2.2736229423712372e-05,15.424647456915272,NN,NN,0,margin,0,0,0,0,0,1,0,1,0,0,-1
8,marriage,11,0.0008888170652876,0.0,0.0,8,0.0003789371570618,11.365753767861705,NN,NN,0,marriag,0,1,0,0,1,0,1,0,0,1,1
8,mate,5,0.0004040077569489,0.5145731728297582,0.000207891553341,4,9.852366083608696e-05,13.309170239495336,NN,NN,0,mate,0,0,0,0,0,0,1,0,0,1,1
8,matron,2,0.0001616031027795,1.7369655941662063,0.0002806990294386,6,3.0314972564949827e-05,15.009609957636428,NN,NN,0,matron,0,0,0,0,0,0,1,0,0,1,1
8,medical,4,0.0003232062055591,0.15200309344505,4.9128343065627035e-05,7,0.0003258859550732,11.58334520293433,JJ,JJ,0,medic,0,1,0,1,0,0,1,0,0,1,1
8,mob,2,0.0001616031027795,1.7369655941662063,0.0002806990294386,3,3.7893715706187286e-05,14.687681862749066,NN,NN,0,mob,1,0,0,1,0,1,0,0,0,0,-1
8,money,5,0.0004040077569489,0.15200309344505,6.141042883203379e-05,5,0.0004395671021917,11.151628962508855,NN,NN,0,money,1,1,0,0,1,0,1,0,1,1,1
8,morals,1,8.080155138978668e-05,2.321928094887362,0.0001876153922824,6,1.5157486282474914e-05,16.009609957636428,NNS,NN,0,moral,1,1,1,0,1,0,1,0,1,1,1
8,mother,11,0.0008888170652876,0.0,0.0,6,0.0004623033316154,11.07887262007354,NN,NN,0,mother,0,1,0,0,1,1,1,1,0,1,0
8,murder,8,0.0006464124111182,0.15200309344505,9.825668613125408e-05,6,0.0002046260648134,12.25472245547296,NN,NN,0,murder,1,0,1,1,0,1,0,1,1,0,-1
8,murderer,2,0.0001616031027795,2.321928094887362,0.0003752307845648,8,2.2736229423712372e-05,15.424647456915272,NN,NN,0,murder,1,0,1,1,0,1,0,1,0,0,-1
8,music,2,0.0001616031027795,0.0,0.0,5,0.0005684057355928,10.780791267140549,NN,NN,0,music,0,0,0,0,1,0,1,1,0,0,1
8,musical,1,8.080155138978668e-05,0.5145731728297582,4.157831066820929e-05,7,0.0001439961196835,12.761682444192845,JJ,JJ,0,music,1,1,0,0,1,0,1,1,1,1,1
8,nab,1,8.080155138978668e-05,1.7369655941662063,0.0001403495147193,3,3.0314972564949827e-05,15.009609957636428,NNP,NN,0,nab,0,0,0,0,0,1,0,0,1,0,-1
8,negro,67,0.0054137039431157,0.0,0.0,5,0.0029557098250826,8.402279643886818,NNP,NN,0,negro,0,0,0,0,0,1,0,1,0,0,-1
8,neighbor,1,8.080155138978668e-05,1.3219280948873624,0.0001068138408926,8,3.0314972564949827e-05,15.009609957636428,NN,NN,0,neighbor,0,1,0,0,0,0,1,0,0,1,1
8,nervous,1,8.080155138978668e-05,1.3219280948873624,0.0001068138408926,7,3.7893715706187286e-05,14.687681862749066,JJ,JJ,0,nervou,0,1,0,1,0,1,0,0,0,0,-1
8,noble,1,8.080155138978668e-05,1.3219280948873624,0.0001068138408926,5,6.0629945129899655e-05,14.009609957636428,NNP,NN,0,nobl,0,0,0,0,0,0,1,0,0,1,1
8,nuisance,1,8.080155138978668e-05,3.321928094887362,0.0002684169436722,8,7.578743141237457e-06,17.009609957636428,NN,NN,0,nuisanc,1,0,0,0,0,1,0,0,0,0,-1
8,nurse,2,0.0001616031027795,1.0,0.0001616031027795,5,5.30512019886622e-05,14.202255035578824,NN,NN,0,nurs,0,0,0,0,0,0,1,0,0,1,1
8,objective,1,8.080155138978668e-05,1.7369655941662063,0.0001403495147193,9,2.2736229423712372e-05,15.424647456915272,JJ,JJ,0,object,0,1,0,0,0,0,1,0,0,1,1
8,obtainable,1,8.080155138978668e-05,3.321928094887362,0.0002684169436722,10,7.578743141237457e-06,17.009609957636428,NN,NN,0,obtain,0,0,0,0,1,0,1,0,0,0,1
8,officer,4,0.0003232062055591,0.0,0.0,7,0.0002122048079546,12.202255035578824,NN,NN,0,offic,0,0,0,0,0,0,1,0,0,1,1
8,operation,2,0.0001616031027795,0.15200309344505,2.4564171532813517e-05,9,0.0001667323491072,12.550178338999132,NN,NN,0,oper,0,0,0,1,0,0,0,0,0,1,0
8,opponent,1,8.080155138978668e-05,1.3219280948873624,0.0001068138408926,8,3.0314972564949827e-05,15.009609957636428,NN,NN,0,oppon,1,1,1,1,0,1,0,0,0,0,-1
8,opportunity,1,8.080155138978668e-05,0.5145731728297582,4.157831066820929e-05,11,0.0001212598902597,13.009609957636428,NN,NN,0,opportun,0,1,0,0,0,0,1,0,0,0,1
8,opposed,1,8.080155138978668e-05,1.3219280948873624,0.0001068138408926,7,4.5472458847424745e-05,14.424647456915272,VBD,VB,0,oppos,1,0,0,1,0,1,0,0,0,0,-1
8,opposition,4,0.0003232062055591,1.3219280948873624,0.0004272553635705,10,6.820868827113711e-05,13.839684956194116,NN,NN,0,opposit,1,0,0,0,0,1,0,0,0,0,-1
8,organ,1,8.080155138978668e-05,2.321928094887362,0.0001876153922824,5,1.5157486282474914e-05,16.009609957636428,NN,NN,0,organ,0,1,0,0,1,0,0,0,0,0,0
8,outstanding,1,8.080155138978668e-05,0.5145731728297582,4.157831066820929e-05,11,6.0629945129899655e-05,14.009609957636428,JJ,JJ,0,outstand,0,0,0,0,1,1,1,0,0,0,0
8,pain,1,8.080155138978668e-05,1.7369655941662063,0.0001403495147193,4,2.2736229423712372e-05,15.424647456915272,NN,NN,0,pain,0,0,0,1,0,1,0,1,0,0,-1
8,parade,1,8.080155138978668e-05,1.7369655941662063,0.0001403495147193,6,3.0314972564949827e-05,15.009609957636428,NN,NN,0,parad,0,1,0,1,1,1,1,0,1,0,0
8,pastor,1,8.080155138978668e-05,0.3219280948873623,2.6012289502857333e-05,6,0.0001591536059659,12.617292534857668,NN,NN,0,pastor,0,0,0,0,1,0,1,0,0,1,1
8,patient,1,8.080155138978668e-05,1.3219280948873624,0.0001068138408926,7,4.5472458847424745e-05,14.424647456915272,NN,NN,0,patient,0,1,0,0,0,0,1,0,0,0,1
8,pay,2,0.0001616031027795,0.0,0.0,3,0.0003031497256494,11.687681862749066,VB,VB,0,pay,0,1,0,0,1,0,1,0,0,1,1
8,peaceful,1,8.080155138978668e-05,2.321928094887362,0.0001876153922824,8,1.5157486282474914e-05,16.009609957636428,JJ,JJ,0,peac,0,1,0,0,1,0,1,0,1,1,1
8,penalty,1,8.080155138978668e-05,2.321928094887362,0.0001876153922824,7,1.5157486282474914e-05,16.009609957636428,NN,NN,0,penalti,1,0,0,1,0,1,0,1,0,0,-1
8,penitentiary,1,8.080155138978668e-05,1.7369655941662063,0.0001403495147193,12,2.2736229423712372e-05,15.424647456915272,NNP,NN,0,penitentiari,1,0,0,0,0,1,0,0,0,0,-1
8,petroleum,1,8.080155138978668e-05,3.321928094887362,0.0002684169436722,9,7.578743141237457e-06,17.009609957636428,NNP,NN,0,petroleum,0,0,1,0,0,1,1,0,0,0,0
8,physician,1,8.080155138978668e-05,0.3219280948873623,2.6012289502857333e-05,9,0.000128838633401,12.922147116386087,NN,NN,0,physician,0,0,0,0,0,0,1,0,0,1,1
8,picket,1,8.080155138978668e-05,1.0,8.080155138978668e-05,6,3.7893715706187286e-05,14.687681862749066,NN,NN,0,picket,1,1,0,1,0,1,0,0,0,0,-1
8,picketing,1,8.080155138978668e-05,1.3219280948873624,0.0001068138408926,9,3.0314972564949827e-05,15.009609957636428,VBG,NN,0,picket,1,0,0,0,0,1,0,0,0,0,-1
8,picnic,1,8.080155138978668e-05,2.321928094887362,0.0001876153922824,6,1.5157486282474914e-05,16.009609957636428,JJ,JJ,0,picnic,0,1,0,0,1,0,1,0,1,1,1
8,planning,1,8.080155138978668e-05,0.3219280948873623,2.6012289502857333e-05,8,8.336617455361203e-05,13.550178338999132,VBG,VB,0,plan,0,1,0,0,0,0,1,0,0,1,1
8,plea,1,8.080155138978668e-05,2.321928094887362,0.0001876153922824,4,1.5157486282474914e-05,16.009609957636428,NN,NN,0,plea,0,1,0,1,0,1,0,1,0,0,-1
8,pneumonia,1,8.080155138978668e-05,1.7369655941662063,0.0001403495147193,9,2.2736229423712372e-05,15.424647456915272,NN,NN,0,pneumonia,0,0,0,1,0,1,0,0,0,0,-1
8,poison,4,0.0003232062055591,1.7369655941662063,0.0005613980588772,6,6.0629945129899655e-05,14.009609957636428,NN,NN,0,poison,1,0,1,1,0,1,0,1,0,0,-1
8,poisoning,1,8.080155138978668e-05,2.321928094887362,0.0001876153922824,9,2.2736229423712372e-05,15.424647456915272,NN,NN,0,poison,0,0,1,0,0,1,0,0,0,0,-1
8,police,23,0.001858435681965,0.0,0.0,6,0.0011368114711856,9.780791267140549,NN,NN,0,polic,0,0,0,1,0,0,1,0,0,1,1
8,policeman,1,8.080155138978668e-05,0.7369655941662062,5.954796332952539e-05,9,8.336617455361203e-05,13.550178338999132,NN,NN,0,policeman,0,0,0,1,0,0,1,0,0,1,1
8,pound,3,0.0002424046541693,0.15200309344505,3.684625729922028e-05,5,0.0001136811471185,13.10271936202791,NN,NN,0,pound,1,0,0,0,0,1,0,0,0,0,-1
8,powerful,1,8.080155138978668e-05,0.5145731728297582,4.157831066820929e-05,8,8.336617455361203e-05,13.550178338999132,JJ,JJ,0,power,1,1,1,1,1,0,1,0,0,1,1
8,powerless,1,8.080155138978668e-05,2.321928094887362,0.0001876153922824,9,1.5157486282474914e-05,16.009609957636428,NN,NN,0,powerless,1,0,1,1,0,1,0,1,0,0,-1
8,praise,3,0.0002424046541693,0.7369655941662062,0.0001786438899885,6,6.820868827113711e-05,13.839684956194116,NN,NN,0,prais,0,0,0,0,1,0,1,0,0,1,1
8,predominant,1,8.080155138978668e-05,3.321928094887362,0.0002684169436722,11,7.578743141237457e-06,17.009609957636428,JJ,JJ,0,predomin,0,0,0,0,0,0,1,0,0,1,1
8,prefer,3,0.0002424046541693,3.321928094887362,0.0008052508310166,6,2.2736229423712372e-05,15.424647456915272,NNP,VB,0,prefer,0,0,0,0,0,0,1,0,0,1,1
8,prejudice,1,8.080155138978668e-05,0.7369655941662062,5.954796332952539e-05,9,6.0629945129899655e-05,14.009609957636428,NN,NN,0,prejudic,1,0,0,0,0,1,0,0,0,0,-1
8,prepared,2,0.0001616031027795,0.5145731728297582,8.315662133641858e-05,8,6.820868827113711e-05,13.839684956194116,VBN,VB,0,prepar,0,1,0,0,0,0,1,0,0,1,1
8,present,1,8.080155138978668e-05,0.15200309344505,1.228208576640676e-05,7,0.0001591536059659,12.617292534857668,JJ,JJ,0,present,0,1,0,0,1,0,1,0,1,1,1
8,president,16,0.0012928248222365,0.0,0.0,9,0.0017961621244732,9.12086670873817,NNP,NN,0,presid,0,0,0,0,0,0,1,0,0,1,1
8,pretty,1,8.080155138978668e-05,0.3219280948873623,2.6012289502857333e-05,6,0.0001136811471185,13.10271936202791,RB,RB,0,pretti,0,1,0,0,1,0,1,0,0,1,1
8,pride,1,8.080155138978668e-05,1.0,8.080155138978668e-05,5,6.820868827113711e-05,13.839684956194116,NN,NN,0,pride,0,0,0,0,1,0,1,0,0,0,1
8,priest,1,8.080155138978668e-05,1.7369655941662063,0.0001403495147193,6,2.2736229423712372e-05,15.424647456915272,NN,NN,0,priest,0,0,0,0,0,0,1,0,0,1,1
8,principal,4,0.0003232062055591,0.5145731728297582,0.0001663132426728,9,8.336617455361203e-05,13.550178338999132,NN,NN,0,princip,0,0,0,0,0,0,1,0,0,1,1
8,prison,1,8.080155138978668e-05,0.3219280948873623,2.6012289502857333e-05,6,0.0002046260648134,12.25472245547296,NN,NN,0,prison,1,0,0,1,0,1,0,1,0,0,-1
8,problem,5,0.0004040077569489,0.15200309344505,6.141042883203379e-05,7,0.0002273622942371,12.10271936202791,NN,NN,0,problem,0,0,0,1,0,1,0,1,0,0,-1
8,production,2,0.0001616031027795,0.5145731728297582,8.315662133641858e-05,10,0.0001212598902597,13.009609957636428,NNP,NN,0,product,0,1,0,0,0,0,1,0,0,0,1
8,professional,2,0.0001616031027795,0.0,0.0,12,0.0001439961196835,12.761682444192845,JJ,JJ,0,profession,0,0,0,0,0,0,1,0,0,1,1
8,professor,3,0.0002424046541693,0.15200309344505,3.684625729922028e-05,9,0.0001818898353896,12.424647456915272,NN,NN,0,professor,0,0,0,0,0,0,1,0,0,1,1
8,promise,1,8.080155138978668e-05,1.3219280948873624,0.0001068138408926,7,3.0314972564949827e-05,15.009609957636428,NN,NN,0,promis,0,0,0,0,1,0,1,0,0,1,1
8,prophet,1,8.080155138978668e-05,3.321928094887362,0.0002684169436722,7,7.578743141237457e-06,17.009609957636428,NNP,NN,0,prophet,0,1,0,0,0,0,1,0,0,1,1
8,proud,1,8.080155138978668e-05,0.5145731728297582,4.157831066820929e-05,5,9.852366083608696e-05,13.309170239495336,JJ,JJ,0,proud,0,1,0,0,1,0,1,0,0,1,1
8,providing,1,8.080155138978668e-05,2.321928094887362,0.0001876153922824,9,2.2736229423712372e-05,15.424647456915272,VBG,VB,0,provid,0,1,0,0,1,0,1,0,0,1,1
8,public,4,0.0003232062055591,0.0,0.0,6,0.0005835632218752,10.742823416941526,JJ,JJ,0,public,0,1,0,0,0,0,1,0,0,0,1
8,qualified,1,8.080155138978668e-05,1.0,8.080155138978668e-05,9,3.7893715706187286e-05,14.687681862749066,JJ,JJ,0,qualifi,0,0,0,0,0,0,1,0,0,1,1
8,radiant,1,8.080155138978668e-05,2.321928094887362,0.0001876153922824,7,1.5157486282474914e-05,16.009609957636428,JJ,JJ,0,radiant,0,0,0,0,1,0,1,0,0,0,1
8,raid,2,0.0001616031027795,1.3219280948873624,0.0002136276817852,4,5.30512019886622e-05,14.202255035578824,NN,NN,0,raid,1,0,0,1,0,1,0,0,1,0,-1
8,rape,5,0.0004040077569489,1.7369655941662063,0.0007017475735965,4,6.820868827113711e-05,13.839684956194116,NNP,NN,0,rape,1,0,1,1,0,1,0,1,0,0,-1
8,rating,1,8.080155138978668e-05,2.321928094887362,0.0001876153922824,6,1.5157486282474914e-05,16.009609957636428,NN,NN,0,rate,1,0,0,1,0,1,0,1,0,0,-1
8,rave,1,8.080155138978668e-05,2.321928094887362,0.0001876153922824,4,3.0314972564949827e-05,15.009609957636428,JJ,JJ,0,rave,1,0,1,0,1,1,1,0,1,1,0
8,real,2,0.0001616031027795,0.0,0.0,4,0.0003107284687907,11.652057953018344,JJ,JJ,0,real,0,0,0,0,0,0,1,0,0,1,1
8,receiving,2,0.0001616031027795,1.0,0.0001616031027795,9,9.094491769484948e-05,13.424647456915272,VBG,VB,0,receiv,0,1,0,0,1,0,1,0,1,0,1
8,recreation,1,8.080155138978668e-05,0.5145731728297582,4.157831066820929e-05,10,5.30512019886622e-05,14.202255035578824,NN,NN,0,recreat,0,1,0,0,1,0,1,0,0,0,1
8,refused,3,0.0002424046541693,0.0,0.0,7,0.0002500985236608,11.965215838277976,VBD,VB,0,refus,0,0,0,0,0,1,0,1,0,0,-1
8,regal,1,8.080155138978668e-05,1.7369655941662063,0.0001403495147193,5,2.2736229423712372e-05,15.424647456915272,NNP,NN,0,regal,0,0,0,0,0,0,1,0,0,1,1
8,reliable,1,8.080155138978668e-05,1.7369655941662063,0.0001403495147193,8,3.0314972564949827e-05,15.009609957636428,JJ,JJ,0,reliabl,0,0,0,0,0,0,1,0,0,1,1
8,reluctant,1,8.080155138978668e-05,2.321928094887362,0.0001876153922824,9,1.5157486282474914e-05,16.009609957636428,JJ,JJ,0,reluct,0,0,0,1,0,1,0,0,0,0,-1
8,remove,1,8.080155138978668e-05,1.7369655941662063,0.0001403495147193,6,2.2736229423712372e-05,15.424647456915272,VB,VB,0,remov,1,0,0,1,0,1,0,1,0,0,-1
8,resent,3,0.0002424046541693,2.321928094887362,0.0005628461768472,6,3.0314972564949827e-05,15.009609957636428,VBP,VB,0,resent,1,0,0,0,0,1,0,0,0,0,-1
8,resigned,1,8.080155138978668e-05,0.5145731728297582,4.157831066820929e-05,8,6.820868827113711e-05,13.839684956194116,VBD,VB,0,resign,0,0,0,0,0,1,0,1,0,0,-1
8,resistance,1,8.080155138978668e-05,2.321928094887362,0.0001876153922824,10,1.5157486282474914e-05,16.009609957636428,NN,NN,0,resist,1,0,0,0,0,1,0,0,0,0,-1
8,revolver,1,8.080155138978668e-05,2.321928094887362,0.0001876153922824,8,1.5157486282474914e-05,16.009609957636428,NN,NN,0,revolv,1,0,0,1,0,1,0,1,0,0,-1
8,reward,1,8.080155138978668e-05,2.321928094887362,0.0001876153922824,6,1.5157486282474914e-05,16.009609957636428,NN,NN,0,reward,0,1,0,0,1,0,1,0,1,1,1
8,routine,1,8.080155138978668e-05,1.0,8.080155138978668e-05,7,3.7893715706187286e-05,14.687681862749066,NN,NN,0,routin,0,0,0,0,0,0,1,0,0,1,1
8,row,2,0.0001616031027795,1.7369655941662063,0.0002806990294386,3,3.0314972564949827e-05,15.009609957636428,NNP,NN,0,row,1,0,0,0,0,1,0,0,0,0,-1
8,sadly,2,0.0001616031027795,2.321928094887362,0.0003752307845648,5,2.2736229423712372e-05,15.424647456915272,RB,RB,0,sadli,0,0,0,0,0,1,0,1,0,0,-1
8,save,4,0.0003232062055591,0.5145731728297582,0.0001663132426728,4,8.336617455361203e-05,13.550178338999132,VB,VB,0,save,0,0,0,0,1,0,1,0,0,1,1
8,scapegoat,1,8.080155138978668e-05,2.321928094887362,0.0001876153922824,9,2.2736229423712372e-05,15.424647456915272,NN,NN,0,scapegoat,1,0,0,1,0,1,0,0,0,0,-1
8,scarcely,1,8.080155138978668e-05,3.321928094887362,0.0002684169436722,8,7.578743141237457e-06,17.009609957636428,RB,RB,0,scarc,0,0,0,0,0,1,0,1,0,0,-1
8,score,1,8.080155138978668e-05,1.3219280948873624,0.0001068138408926,5,6.0629945129899655e-05,14.009609957636428,VB,VB,0,score,0,1,0,0,1,0,1,0,1,0,1
8,sensational,1,8.080155138978668e-05,1.7369655941662063,0.0001403495147193,11,3.0314972564949827e-05,15.009609957636428,JJ,JJ,0,sensat,0,0,0,0,1,0,1,0,0,0,1
8,sentence,1,8.080155138978668e-05,0.0,0.0,8,0.0001591536059659,12.617292534857668,NN,NN,0,sentenc,1,1,1,1,0,1,0,1,0,0,-1
8,sex,3,0.0002424046541693,0.3219280948873623,7.8036868508572e-05,3,0.0001970473216721,12.309170239495336,NN,NN,0,sex,0,1,0,0,1,0,1,0,0,1,1
8,shack,1,8.080155138978668e-05,2.321928094887362,0.0001876153922824,5,2.2736229423712372e-05,15.424647456915272,NN,NN,0,shack,0,0,1,0,0,1,0,1,0,0,-1
8,shaky,1,8.080155138978668e-05,3.321928094887362,0.0002684169436722,5,7.578743141237457e-06,17.009609957636428,JJ,JJ,0,shaki,1,1,0,1,0,1,0,0,0,0,-1
8,share,4,0.0003232062055591,0.3219280948873623,0.0001040491580114,5,0.0001743110922484,12.486048001579416,NN,NN,0,share,0,1,0,0,1,0,1,0,0,1,1
8,shattered,1,8.080155138978668e-05,2.321928094887362,0.0001876153922824,9,2.2736229423712372e-05,15.424647456915272,VBN,VB,0,shatter,0,0,0,0,0,1,0,1,0,0,-1
8,shooting,1,8.080155138978668e-05,0.7369655941662062,5.954796332952539e-05,8,8.336617455361203e-05,13.550178338999132,NN,NN,0,shoot,1,0,0,1,0,1,0,0,0,0,-1
8,shoplifting,3,0.0002424046541693,3.321928094887362,0.0008052508310166,11,2.2736229423712372e-05,15.424647456915272,VBG,VB,0,shoplift,1,0,1,0,0,1,0,0,0,0,-1
8,sickness,1,8.080155138978668e-05,3.321928094887362,0.0002684169436722,8,7.578743141237457e-06,17.009609957636428,NN,NN,0,sick,0,0,1,1,0,1,0,1,0,0,-1
8,sincere,1,8.080155138978668e-05,2.321928094887362,0.0001876153922824,7,1.5157486282474914e-05,16.009609957636428,JJ,JJ,0,sincer,0,0,0,0,0,0,1,0,0,1,1
8,sing,1,8.080155138978668e-05,0.5145731728297582,4.157831066820929e-05,4,0.0001212598902597,13.009609957636428,VBG,VB,0,sing,0,1,0,0,1,0,1,1,0,1,1
8,slave,2,0.0001616031027795,1.0,0.0001616031027795,5,5.30512019886622e-05,14.202255035578824,NN,NN,0,slave,1,0,0,1,0,1,0,1,0,0,-1
8,slip,1,8.080155138978668e-05,1.0,8.080155138978668e-05,4,6.0629945129899655e-05,14.009609957636428,NN,NN,0,slip,0,0,0,0,0,1,0,0,1,0,-1
8,sloppy,1,8.080155138978668e-05,2.321928094887362,0.0001876153922824,6,1.5157486282474914e-05,16.009609957636428,JJ,JJ,0,sloppi,0,0,1,0,0,1,0,0,0,0,-1
8,sorrow,2,0.0001616031027795,3.321928094887362,0.0005368338873444,6,1.5157486282474914e-05,16.009609957636428,NN,NN,0,sorrow,0,0,0,1,0,1,0,1,0,0,-1
8,sponsor,1,8.080155138978668e-05,2.321928094887362,0.0001876153922824,7,1.5157486282474914e-05,16.009609957636428,NN,NN,0,sponsor,0,0,0,0,0,0,1,0,0,1,1
8,star,2,0.0001616031027795,0.15200309344505,2.4564171532813517e-05,4,0.0005229332767453,10.90108550085826,NN,NN,0,star,0,1,0,0,1,0,1,0,0,1,1
8,statement,2,0.0001616031027795,0.5145731728297582,8.315662133641858e-05,9,7.578743141237457e-05,13.687681862749066,NN,NN,0,statement,0,0,0,0,0,0,1,0,0,1,1
8,store,3,0.0002424046541693,0.15200309344505,3.684625729922028e-05,5,0.0002273622942371,12.10271936202791,NN,NN,0,store,0,1,0,0,0,0,1,0,0,0,1
8,strength,1,8.080155138978668e-05,0.5145731728297582,4.157831066820929e-05,8,6.820868827113711e-05,13.839684956194116,NN,NN,0,strength,0,0,0,0,0,0,1,0,0,1,1
8,success,1,8.080155138978668e-05,0.3219280948873623,2.6012289502857333e-05,7,0.000128838633401,12.922147116386087,NN,NN,0,success,0,1,0,0,1,0,1,0,0,0,1
8,suffering,1,8.080155138978668e-05,0.7369655941662062,5.954796332952539e-05,9,5.30512019886622e-05,14.202255035578824,VBG,VB,0,suffer,0,0,1,1,0,1,0,1,0,0,-1
8,suffocating,1,8.080155138978668e-05,3.321928094887362,0.0002684169436722,11,7.578743141237457e-06,17.009609957636428,NN,NN,0,suffoc,0,0,1,1,0,1,0,1,0,0,-1
8,sun,2,0.0001616031027795,0.7369655941662062,0.000119095926659,3,8.336617455361203e-05,13.550178338999132,NNP,NN,0,sun,0,1,0,0,1,0,1,0,1,1,1
8,supporting,1,8.080155138978668e-05,1.3219280948873624,0.0001068138408926,10,3.0314972564949827e-05,15.009609957636428,VBG,VB,0,support,0,0,0,0,0,0,1,0,0,1,1
8,supremacy,1,8.080155138978668e-05,2.321928094887362,0.0001876153922824,9,1.5157486282474914e-05,16.009609957636428,NN,NN,0,supremaci,1,1,0,1,1,1,1,0,1,1,0
8,surgery,1,8.080155138978668e-05,0.7369655941662062,5.954796332952539e-05,7,7.578743141237457e-05,13.687681862749066,NN,NN,0,surgeri,0,0,0,1,0,0,0,1,0,0,0
8,surprise,2,0.0001616031027795,0.5145731728297582,8.315662133641858e-05,8,0.0001136811471185,13.10271936202791,NN,NN,0,surpris,0,0,0,1,1,0,1,0,1,0,1
8,suspect,1,8.080155138978668e-05,1.3219280948873624,0.0001068138408926,7,3.0314972564949827e-05,15.009609957636428,NN,NN,0,suspect,0,0,0,1,0,1,0,0,0,0,-1
8,suspicion,1,8.080155138978668e-05,2.321928094887362,0.0001876153922824,9,1.5157486282474914e-05,16.009609957636428,NN,NN,0,suspicion,0,0,0,1,0,1,0,0,0,0,-1
8,swim,1,8.080155138978668e-05,1.7369655941662063,0.0001403495147193,4,3.7893715706187286e-05,14.687681862749066,NN,NN,0,swim,0,1,0,1,1,0,1,0,0,0,1
8,sympathy,1,8.080155138978668e-05,1.7369655941662063,0.0001403495147193,8,2.2736229423712372e-05,15.424647456915272,NN,NN,0,sympathi,0,0,0,0,0,0,1,1,0,0,1
8,tax,1,8.080155138978668e-05,0.5145731728297582,4.157831066820929e-05,3,0.0002046260648134,12.25472245547296,NN,NN,0,tax,0,0,0,0,0,1,0,1,0,0,-1
8,teacher,2,0.0001616031027795,0.15200309344505,2.4564171532813517e-05,7,0.0001894685785309,12.365753767861705,NN,NN,0,teacher,0,0,0,0,0,0,1,0,0,1,1
8,terminal,1,8.080155138978668e-05,2.321928094887362,0.0001876153922824,8,1.5157486282474914e-05,16.009609957636428,NN,NN,0,termin,0,0,0,1,0,1,0,1,0,0,-1
8,threat,1,8.080155138978668e-05,1.0,8.080155138978668e-05,6,6.820868827113711e-05,13.839684956194116,NN,NN,0,threat,1,0,0,1,0,1,0,0,0,0,-1
8,threatening,1,8.080155138978668e-05,1.0,8.080155138978668e-05,11,4.5472458847424745e-05,14.424647456915272,VBG,VB,0,threaten,1,0,1,1,0,1,0,0,0,0,-1
8,thrill,1,8.080155138978668e-05,3.321928094887362,0.0002684169436722,6,7.578743141237457e-06,17.009609957636428,NN,NN,0,thrill,0,1,0,1,1,0,1,0,1,0,1
8,tirade,1,8.080155138978668e-05,3.321928094887362,0.0002684169436722,6,7.578743141237457e-06,17.009609957636428,NN,NN,0,tirad,1,0,1,0,0,1,0,0,0,0,-1
8,title,2,0.0001616031027795,0.0,0.0,5,0.000287992239367,11.761682444192845,NN,NN,0,titl,0,0,0,0,0,0,1,0,0,1,1
8,top,11,0.0008888170652876,0.0,0.0,3,0.0005684057355928,10.780791267140549,JJ,JJ,0,top,0,1,0,0,0,0,1,0,0,1,1
8,tragedy,1,8.080155138978668e-05,1.7369655941662063,0.0001403495147193,7,2.2736229423712372e-05,15.424647456915272,NN,NN,0,tragedi,0,0,0,1,0,1,0,1,0,0,-1
8,tree,1,8.080155138978668e-05,1.3219280948873624,0.0001068138408926,4,5.30512019886622e-05,14.202255035578824,NN,NN,0,tree,1,1,1,0,1,0,1,0,1,1,1
8,trick,1,8.080155138978668e-05,3.321928094887362,0.0002684169436722,5,7.578743141237457e-06,17.009609957636428,JJ,JJ,0,trick,0,0,0,0,0,1,0,0,1,0,-1
8,true,2,0.0001616031027795,0.3219280948873623,5.2024579005714666e-05,4,0.0001136811471185,13.10271936202791,JJ,JJ,0,true,0,0,0,0,1,0,1,0,0,1,1
8,ulcer,1,8.080155138978668e-05,3.321928094887362,0.0002684169436722,5,7.578743141237457e-06,17.009609957636428,JJ,JJ,0,ulcer,1,0,1,1,0,1,0,1,0,0,-1
8,unable,3,0.0002424046541693,1.0,0.0002424046541693,6,6.0629945129899655e-05,14.009609957636428,JJ,JJ,0,unabl,0,0,0,0,0,1,0,1,0,0,-1
8,understanding,1,8.080155138978668e-05,1.3219280948873624,0.0001068138408926,13,3.7893715706187286e-05,14.687681862749066,NN,NN,0,understand,0,0,0,0,0,0,1,0,0,1,1
8,unhappy,1,8.080155138978668e-05,1.7369655941662063,0.0001403495147193,7,2.2736229423712372e-05,15.424647456915272,JJ,JJ,0,unhappi,1,0,1,0,0,1,0,1,0,0,-1
8,unique,1,8.080155138978668e-05,1.0,8.080155138978668e-05,6,6.0629945129899655e-05,14.009609957636428,JJ,JJ,0,uniqu,0,0,0,0,0,0,1,0,1,0,1
8,united,2,0.0001616031027795,0.0,0.0,6,0.0003334646982144,11.550178338999132,NNP,NN,0,unit,0,0,0,0,0,0,1,0,0,1,1
8,university,12,0.0009696186166774,0.0,0.0,10,0.0010761815260557,9.859862838131749,NNP,NN,0,univers,0,1,0,0,0,0,1,0,0,0,1
8,unknown,1,8.080155138978668e-05,1.3219280948873624,0.0001068138408926,7,4.5472458847424745e-05,14.424647456915272,JJ,JJ,0,unknown,0,1,0,1,0,1,0,0,0,0,-1
8,usher,1,8.080155138978668e-05,2.321928094887362,0.0001876153922824,5,1.5157486282474914e-05,16.009609957636428,NNP,NN,0,usher,0,0,0,0,0,0,1,0,0,1,1
8,usual,1,8.080155138978668e-05,1.0,8.080155138978668e-05,5,4.5472458847424745e-05,14.424647456915272,JJ,JJ,0,usual,0,0,0,0,0,0,1,0,0,1,1
8,vacation,3,0.0002424046541693,1.0,0.0002424046541693,8,6.0629945129899655e-05,14.009609957636428,NN,NN,0,vacat,0,1,0,0,1,0,1,0,0,0,1
8,veteran,1,8.080155138978668e-05,0.15200309344505,1.228208576640676e-05,7,0.0001136811471185,13.10271936202791,NN,NN,0,veteran,0,0,0,0,0,0,1,0,0,1,1
8,vicious,2,0.0001616031027795,2.321928094887362,0.0003752307845648,7,2.2736229423712372e-05,15.424647456915272,JJ,JJ,0,viciou,1,0,1,0,0,1,0,0,0,0,-1
8,victim,2,0.0001616031027795,0.7369655941662062,0.000119095926659,6,9.094491769484948e-05,13.424647456915272,NN,NN,0,victim,1,0,0,1,0,1,0,1,0,0,-1
8,victor,1,8.080155138978668e-05,1.0,8.080155138978668e-05,6,4.5472458847424745e-05,14.424647456915272,NNP,NN,0,victor,0,0,0,0,1,0,1,0,0,0,1
8,victory,1,8.080155138978668e-05,0.7369655941662062,5.954796332952539e-05,7,7.578743141237457e-05,13.687681862749066,NN,NN,0,victori,0,1,0,0,1,0,1,0,0,1,1
8,violation,1,8.080155138978668e-05,1.3219280948873624,0.0001068138408926,9,3.7893715706187286e-05,14.687681862749066,NN,NN,0,violat,1,0,0,1,0,1,0,1,1,0,-1
8,violence,5,0.0004040077569489,1.0,0.0004040077569489,8,9.094491769484948e-05,13.424647456915272,NN,NN,0,violenc,1,0,0,1,0,1,0,1,0,0,-1
8,vision,1,8.080155138978668e-05,3.321928094887362,0.0002684169436722,6,7.578743141237457e-06,17.009609957636428,NN,NN,0,vision,0,1,0,0,0,0,1,0,0,0,1
8,vote,2,0.0001616031027795,0.7369655941662062,0.000119095926659,4,0.0001439961196835,12.761682444192845,NN,NN,0,vote,1,1,0,0,1,1,1,1,1,1,0
8,wages,1,8.080155138978668e-05,2.321928094887362,0.0001876153922824,5,1.5157486282474914e-05,16.009609957636428,NNP,NN,0,wage,0,0,0,0,1,0,1,0,0,0,1
8,war,1,8.080155138978668e-05,0.15200309344505,1.228208576640676e-05,3,0.0001591536059659,12.617292534857668,NNP,NN,0,war,0,0,0,1,0,1,0,0,0,0,-1
8,warned,1,8.080155138978668e-05,0.5145731728297582,4.157831066820929e-05,6,8.336617455361203e-05,13.550178338999132,VBD,VB,0,warn,0,1,0,1,0,0,0,0,1,0,0
8,watch,3,0.0002424046541693,0.15200309344505,3.684625729922028e-05,5,0.0001364173765422,12.839684956194116,NN,NN,0,watch,0,1,0,1,0,0,0,0,0,0,0
8,wear,2,0.0001616031027795,0.3219280948873623,5.2024579005714666e-05,4,0.0001136811471185,13.10271936202791,VB,VB,0,wear,0,0,0,0,0,1,0,0,0,1,-1
8,weight,1,8.080155138978668e-05,1.0,8.080155138978668e-05,6,7.578743141237457e-05,13.687681862749066,NN,NN,0,weight,0,1,1,1,1,1,1,1,1,1,0
8,white,33,0.0026664511958629,0.0,0.0,5,0.0022054142541001,8.824734614728145,JJ,JJ,0,white,0,1,0,0,1,0,1,0,0,1,1
8,winning,2,0.0001616031027795,1.0,0.0001616031027795,7,6.820868827113711e-05,13.839684956194116,VBG,NN,0,win,0,1,1,0,1,0,1,1,1,1,1
8,withdraw,1,8.080155138978668e-05,2.321928094887362,0.0001876153922824,8,1.5157486282474914e-05,16.009609957636428,VB,VB,0,withdraw,0,0,0,0,0,1,0,1,0,0,-1
8,wonderful,2,0.0001616031027795,0.7369655941662062,0.000119095926659,9,6.820868827113711e-05,13.839684956194116,JJ,JJ,0,wonder,0,0,0,0,1,0,1,0,1,1,1
8,word,1,8.080155138978668e-05,0.3219280948873623,2.6012289502857333e-05,4,0.0001061024039773,13.202255035578824,NN,NN,0,word,0,0,0,0,0,0,1,0,0,1,1
8,words,1,8.080155138978668e-05,0.0,0.0,5,0.0001970473216721,12.309170239495336,NNS,NN,0,word,1,0,0,0,0,1,0,0,0,0,-1
8,worn,1,8.080155138978668e-05,1.0,8.080155138978668e-05,4,3.7893715706187286e-05,14.687681862749066,VBN,VB,0,worn,0,0,0,0,0,1,0,1,0,0,-1
8,worthless,2,0.0001616031027795,3.321928094887362,0.0005368338873444,9,1.5157486282474914e-05,16.009609957636428,JJ,JJ,0,worthless,1,0,1,0,0,1,0,1,0,0,-1
8,young,7,0.0005656108597285,0.0,0.0,5,0.0006441931670051,10.600219021498727,JJ,JJ,0,young,0,1,0,0,1,0,1,0,1,0,1
8,youth,4,0.0003232062055591,0.15200309344505,4.9128343065627035e-05,5,0.0002122048079546,12.202255035578824,NN,NN,0,youth,1,1,0,1,1,0,1,0,1,0,1
9,absence,1,8.233841086867023e-05,1.0,8.233841086867023e-05,7,4.5472458847424745e-05,14.424647456915272,NN,NN,0,absenc,0,0,0,1,0,1,0,1,0,0,-1
9,accident,2,0.0001646768217373,0.7369655941662062,0.000121361151777,8,9.852366083608696e-05,13.309170239495336,NN,NN,0,accid,0,0,0,1,0,1,0,1,1,0,-1
9,accidental,1,8.233841086867023e-05,2.321928094887362,0.0001911838694843,10,1.5157486282474914e-05,16.009609957636428,JJ,JJ,0,accident,0,0,0,1,0,1,0,0,1,0,-1
9,accurate,2,0.0001646768217373,0.0,0.0,8,0.0001818898353896,12.424647456915272,JJ,JJ,0,accur,0,0,0,0,0,0,1,0,0,1,1
9,accused,1,8.233841086867023e-05,0.15200309344505,1.2515693161387409e-05,7,0.0001818898353896,12.424647456915272,VBN,VB,0,accus,1,0,0,1,0,1,0,0,0,0,-1
9,accusing,3,0.000247015232606,3.321928094887362,0.000820566841059,8,2.2736229423712372e-05,15.424647456915272,VBG,VB,0,accus,1,0,0,1,0,1,0,0,0,0,-1
9,achieve,1,8.233841086867023e-05,1.0,8.233841086867023e-05,7,3.7893715706187286e-05,14.687681862749066,VB,VB,0,achiev,0,0,0,0,1,0,1,0,0,1,1
9,admiral,1,8.233841086867023e-05,2.321928094887362,0.0001911838694843,7,2.2736229423712372e-05,15.424647456915272,JJ,NN,0,admir,0,0,0,0,0,0,1,0,0,1,1
9,admire,1,8.233841086867023e-05,1.7369655941662063,0.0001430189867572,6,2.2736229423712372e-05,15.424647456915272,JJ,JJ,0,admir,0,0,0,0,0,0,1,0,0,1,1
9,advance,2,0.0001646768217373,1.7369655941662063,0.0002860379735144,7,4.5472458847424745e-05,14.424647456915272,NN,NN,0,advanc,0,1,0,1,1,0,1,0,1,0,1
9,afraid,1,8.233841086867023e-05,0.7369655941662062,6.068057588853077e-05,6,6.0629945129899655e-05,14.009609957636428,JJ,JJ,0,afraid,0,0,0,1,0,1,0,0,0,0,-1
9,agreed,1,8.233841086867023e-05,0.5145731728297582,4.2369137326451894e-05,6,9.094491769484948e-05,13.424647456915272,VBD,VB,0,agre,0,0,0,0,0,0,1,0,0,1,1
9,alcoholism,1,8.233841086867023e-05,2.321928094887362,0.0001911838694843,10,1.5157486282474914e-05,16.009609957636428,NN,NN,0,alcohol,1,0,1,1,0,1,0,1,0,0,-1
9,anxious,1,8.233841086867023e-05,1.7369655941662063,0.0001430189867572,7,2.2736229423712372e-05,15.424647456915272,JJ,JJ,0,anxiou,0,1,0,1,0,1,0,0,0,0,-1
9,appreciation,1,8.233841086867023e-05,1.0,8.233841086867023e-05,12,5.30512019886622e-05,14.202255035578824,NN,NN,0,appreci,0,0,0,0,1,0,1,0,0,1,1
9,apprehensive,1,8.233841086867023e-05,3.321928094887362,0.000273522280353,12,7.578743141237457e-06,17.009609957636428,JJ,JJ,0,apprehens,0,1,0,1,0,1,0,0,0,0,-1
9,ardent,1,8.233841086867023e-05,2.321928094887362,0.0001911838694843,6,1.5157486282474914e-05,16.009609957636428,JJ,JJ,0,ardent,0,1,0,0,1,0,1,0,0,0,1
9,argument,3,0.000247015232606,1.0,0.000247015232606,8,5.30512019886622e-05,14.202255035578824,NN,NN,0,argument,1,0,0,0,0,1,0,0,0,0,-1
9,armed,2,0.0001646768217373,0.7369655941662062,0.000121361151777,5,7.578743141237457e-05,13.687681862749066,VBN,VB,0,arm,1,0,0,1,0,1,1,0,0,0,0
9,art,3,0.000247015232606,0.0,0.0,3,0.0002804134962257,11.80015659200748,NNP,NN,0,art,0,1,0,0,1,0,1,1,1,0,1
9,assailant,1,8.233841086867023e-05,3.321928094887362,0.000273522280353,9,7.578743141237457e-06,17.009609957636428,NN,NN,0,assail,1,0,0,1,0,1,0,1,0,0,-1
9,assault,2,0.0001646768217373,1.0,0.0001646768217373,7,4.5472458847424745e-05,14.424647456915272,NN,NN,0,assault,1,0,0,1,0,1,0,0,0,0,-1
9,associate,2,0.0001646768217373,0.15200309344505,2.5031386322774817e-05,9,0.0001894685785309,12.365753767861705,NNP,NN,0,associ,0,0,0,0,0,0,1,0,0,1,1
9,assured,1,8.233841086867023e-05,2.321928094887362,0.0001911838694843,7,1.5157486282474914e-05,16.009609957636428,VBD,VB,0,assur,0,0,0,0,0,0,1,0,0,1,1
9,asylum,2,0.0001646768217373,2.321928094887362,0.0003823677389686,6,3.0314972564949827e-05,15.009609957636428,NNP,NN,0,asylum,0,0,0,1,0,1,0,0,0,0,-1
9,attack,1,8.233841086867023e-05,0.15200309344505,1.2515693161387409e-05,6,0.0002046260648134,12.25472245547296,NN,NN,0,attack,1,0,0,1,0,1,0,0,0,0,-1
9,attendant,2,0.0001646768217373,2.321928094887362,0.0003823677389686,9,2.2736229423712372e-05,15.424647456915272,NN,NN,0,attend,0,0,0,0,0,0,1,0,0,1,1
9,attentive,1,8.233841086867023e-05,2.321928094887362,0.0001911838694843,9,1.5157486282474914e-05,16.009609957636428,JJ,JJ,0,attent,0,0,0,0,0,0,1,0,0,1,1
9,attorney,5,0.0004116920543433,0.0,0.0,8,0.0002500985236608,11.965215838277976,NN,NN,0,attorney,1,0,0,1,0,0,1,0,0,1,1
9,aunt,2,0.0001646768217373,2.321928094887362,0.0003823677389686,4,2.2736229423712372e-05,15.424647456915272,NN,NN,0,aunt,0,0,0,0,0,0,1,0,0,1,1
9,author,1,8.233841086867023e-05,0.3219280948873623,2.6507047747003897e-05,6,0.0001061024039773,13.202255035578824,NN,NN,0,author,0,0,0,0,0,0,1,0,0,1,1
9,authority,1,8.233841086867023e-05,1.7369655941662063,0.0001430189867572,9,4.5472458847424745e-05,14.424647456915272,NNP,NN,0,author,0,0,0,0,0,0,1,0,0,1,1
9,award,3,0.000247015232606,0.0,0.0,5,0.0002273622942371,12.10271936202791,NN,NN,0,award,0,1,0,0,1,0,1,0,1,1,1
9,awful,1,8.233841086867023e-05,2.321928094887362,0.0001911838694843,5,1.5157486282474914e-05,16.009609957636428,JJ,JJ,0,aw,1,0,1,1,0,1,0,1,0,0,-1
9,baby,5,0.0004116920543433,0.3219280948873623,0.000132535238735,4,0.0003637796707793,11.424647456915272,NN,NN,0,babi,0,0,0,0,1,0,1,0,0,0,1
9,bad,3,0.000247015232606,0.0,0.0,3,0.0001743110922484,12.486048001579416,JJ,JJ,0,bad,1,0,1,1,0,1,0,1,0,0,-1
9,badly,1,8.233841086867023e-05,1.3219280948873624,0.0001088454586156,5,3.0314972564949827e-05,15.009609957636428,RB,RB,0,badli,0,0,0,0,0,1,0,1,0,0,-1
9,banish,1,8.233841086867023e-05,2.321928094887362,0.0001911838694843,6,1.5157486282474914e-05,16.009609957636428,VB,VB,0,banish,1,0,1,1,0,1,0,1,0,0,-1
9,banquet,1,8.233841086867023e-05,0.7369655941662062,6.068057588853077e-05,7,5.30512019886622e-05,14.202255035578824,NN,NN,0,banquet,0,1,0,0,1,0,1,0,0,0,1
9,basketball,2,0.0001646768217373,0.5145731728297582,8.473827465290379e-05,10,7.578743141237457e-05,13.687681862749066,NN,NN,0,basketbal,0,1,0,0,1,0,1,0,0,0,1
9,battle,3,0.000247015232606,0.0,0.0,6,0.0001743110922484,12.486048001579416,NN,NN,0,battl,1,0,0,0,0,1,0,0,0,0,-1
9,battled,1,8.233841086867023e-05,3.321928094887362,0.000273522280353,7,7.578743141237457e-06,17.009609957636428,VBD,VB,0,battl,1,0,0,1,0,1,0,1,0,0,-1
9,battlefield,1,8.233841086867023e-05,2.321928094887362,0.0001911838694843,11,1.5157486282474914e-05,16.009609957636428,NN,NN,0,battlefield,0,0,0,1,0,1,0,0,0,0,-1
9,beating,3,0.000247015232606,0.5145731728297582,0.0001271074119793,7,9.852366083608696e-05,13.309170239495336,NN,NN,0,beat,1,0,0,1,0,1,0,1,0,0,-1
9,beauty,3,0.000247015232606,0.15200309344505,3.754707948416222e-05,6,0.0001591536059659,12.617292534857668,NN,NN,0,beauti,0,0,0,0,1,0,1,0,0,0,1
9,beer,1,8.233841086867023e-05,1.0,8.233841086867023e-05,4,4.5472458847424745e-05,14.424647456915272,NN,NN,0,beer,0,0,0,0,1,0,1,0,0,0,1
9,bias,3,0.000247015232606,0.5145731728297582,0.0001271074119793,4,0.0001667323491072,12.550178338999132,NNP,NN,0,bia,1,0,0,0,0,1,0,0,0,0,-1
9,bier,1,8.233841086867023e-05,3.321928094887362,0.000273522280353,4,7.578743141237457e-06,17.009609957636428,NN,NN,0,bier,0,0,0,1,0,1,0,1,0,0,-1
9,birth,4,0.0003293536434746,0.15200309344505,5.006277264554963e-05,5,0.0002197835510958,12.151628962508855,NN,NN,0,birth,0,1,0,1,1,0,1,0,0,1,1
9,birthplace,1,8.233841086867023e-05,2.321928094887362,0.0001911838694843,10,1.5157486282474914e-05,16.009609957636428,NN,NN,0,birthplac,1,0,0,0,0,1,0,0,0,0,-1
9,black,4,0.0003293536434746,0.0,0.0,5,0.0027586625034104,8.501815317437732,NNP,NN,0,black,0,0,0,0,0,1,0,1,0,0,-1
9,blaze,4,0.0003293536434746,3.321928094887362,0.001094089121412,5,3.0314972564949827e-05,15.009609957636428,NN,NN,0,blaze,1,0,0,0,0,1,0,0,0,0,-1
9,blessing,1,8.233841086867023e-05,1.0,8.233841086867023e-05,8,3.7893715706187286e-05,14.687681862749066,VBG,VB,0,bless,0,1,0,0,1,0,1,0,0,1,1
9,bliss,1,8.233841086867023e-05,2.321928094887362,0.0001911838694843,5,1.5157486282474914e-05,16.009609957636428,NN,NN,0,bliss,0,0,0,0,1,0,1,0,0,0,1
9,blues,2,0.0001646768217373,0.3219280948873623,5.301409549400779e-05,5,0.0001439961196835,12.761682444192845,NNS,NN,0,blue,0,0,0,1,0,1,0,1,0,0,-1
9,boast,2,0.0001646768217373,3.321928094887362,0.000547044560706,5,1.5157486282474914e-05,16.009609957636428,VB,VB,0,boast,0,0,0,0,0,1,1,0,0,0,0
9,bonus,2,0.0001646768217373,2.321928094887362,0.0003823677389686,5,2.2736229423712372e-05,15.424647456915272,IN,NN,0,bonu,0,1,0,0,1,0,1,0,1,0,1
9,bottom,1,8.233841086867023e-05,2.321928094887362,0.0001911838694843,6,1.5157486282474914e-05,16.009609957636428,NN,NN,0,bottom,0,0,0,0,0,1,0,1,0,0,-1
9,bouquet,1,8.233841086867023e-05,1.7369655941662063,0.0001430189867572,7,3.7893715706187286e-05,14.687681862749066,NN,NN,0,bouquet,0,0,0,0,1,0,1,0,0,1,1
9,bout,3,0.000247015232606,0.7369655941662062,0.0001820417276655,4,0.0001212598902597,13.009609957636428,NN,NN,0,bout,1,0,0,0,0,1,0,0,0,0,-1
9,bride,1,8.233841086867023e-05,0.5145731728297582,4.2369137326451894e-05,5,0.0002122048079546,12.202255035578824,NN,NN,0,bride,0,1,0,0,1,0,1,0,0,1,1
9,broke,1,8.233841086867023e-05,0.3219280948873623,2.6507047747003897e-05,5,0.0001061024039773,13.202255035578824,VBD,VB,0,broke,0,0,0,1,0,1,0,1,0,0,-1
9,broken,3,0.000247015232606,1.0,0.000247015232606,6,7.578743141237457e-05,13.687681862749066,JJ,JJ,0,broken,1,0,0,1,0,1,0,1,0,0,-1
9,brother,1,8.233841086867023e-05,0.0,0.0,7,0.0002122048079546,12.202255035578824,NN,NN,0,brother,0,0,0,0,0,0,1,0,0,1,1
9,brutal,1,8.233841086867023e-05,2.321928094887362,0.0001911838694843,6,1.5157486282474914e-05,16.009609957636428,JJ,JJ,0,brutal,1,0,0,1,0,1,0,0,0,0,-1
9,brutality,1,8.233841086867023e-05,2.321928094887362,0.0001911838694843,9,1.5157486282474914e-05,16.009609957636428,NN,NN,0,brutal,1,0,0,1,0,1,0,0,0,0,-1
9,buck,1,8.233841086867023e-05,0.7369655941662062,6.068057588853077e-05,4,4.5472458847424745e-05,14.424647456915272,NN,NN,0,buck,0,0,0,1,0,1,1,0,1,0,0
9,burglar,2,0.0001646768217373,2.321928094887362,0.0003823677389686,7,2.2736229423712372e-05,15.424647456915272,NNP,NN,0,burglar,0,0,1,1,0,1,0,0,0,0,-1
9,burial,2,0.0001646768217373,2.321928094887362,0.0003823677389686,6,2.2736229423712372e-05,15.424647456915272,JJ,JJ,0,burial,1,0,0,1,0,1,0,1,0,0,-1
9,butler,1,8.233841086867023e-05,0.5145731728297582,4.2369137326451894e-05,6,9.852366083608696e-05,13.309170239495336,NNP,NN,0,butler,0,0,0,0,0,0,1,0,0,1,1
9,cage,1,8.233841086867023e-05,2.321928094887362,0.0001911838694843,4,2.2736229423712372e-05,15.424647456915272,NN,NN,0,cage,0,0,0,0,0,1,0,1,0,0,-1
9,cancel,1,8.233841086867023e-05,2.321928094887362,0.0001911838694843,6,1.5157486282474914e-05,16.009609957636428,VB,VB,0,cancel,0,0,0,0,0,1,0,1,0,0,-1
9,career,9,0.000741045697818,0.0,0.0,6,0.0003334646982144,11.550178338999132,NN,NN,0,career,0,1,0,0,0,0,1,0,0,0,1
9,carol,1,8.233841086867023e-05,1.0,8.233841086867023e-05,5,3.7893715706187286e-05,14.687681862749066,NNP,NN,0,carol,0,0,0,0,1,0,1,0,0,1,1
9,case,5,0.0004116920543433,0.0,0.0,4,0.0003562009276381,11.45502110595879,NN,NN,0,case,0,0,0,1,0,1,0,1,0,0,-1
9,cash,4,0.0003293536434746,0.15200309344505,5.006277264554963e-05,4,0.0001743110922484,12.486048001579416,NN,NN,0,cash,1,1,0,1,1,0,1,0,0,1,1
9,celebrated,1,8.233841086867023e-05,1.3219280948873624,0.0001088454586156,10,6.0629945129899655e-05,14.009609957636428,JJ,VB,0,celebr,0,1,0,0,1,0,1,0,0,0,1
9,celebration,1,8.233841086867023e-05,0.3219280948873623,2.6507047747003897e-05,11,9.852366083608696e-05,13.309170239495336,NN,NN,0,celebr,0,1,0,0,1,0,1,0,1,1,1
9,cemetery,1,8.233841086867023e-05,2.321928094887362,0.0001911838694843,8,1.5157486282474914e-05,16.009609957636428,NN,NN,0,cemeteri,0,0,0,1,0,1,0,1,0,0,-1
9,center,2,0.0001646768217373,0.0,0.0,6,0.0003183072119319,11.617292534857668,NNP,NN,0,center,0,0,0,0,0,0,1,0,0,1,1
9,ceremony,5,0.0004116920543433,1.0,0.0004116920543433,8,0.000128838633401,12.922147116386087,NN,NN,0,ceremoni,0,0,0,0,1,0,1,0,1,0,1
9,chairman,2,0.0001646768217373,0.0,0.0,8,0.0003713584139206,11.39490011352122,NN,NN,0,chairman,0,0,0,0,0,0,1,0,0,1,1
9,challenge,1,8.233841086867023e-05,1.3219280948873624,0.0001088454586156,9,3.0314972564949827e-05,15.009609957636428,NN,NN,0,challeng,1,0,0,1,0,1,0,0,0,0,-1
9,champion,6,0.000494030465212,0.0,0.0,8,0.0002500985236608,11.965215838277976,NN,NN,0,champion,0,1,0,0,1,0,1,0,0,1,1
9,charity,1,8.233841086867023e-05,1.3219280948873624,0.0001088454586156,7,5.30512019886622e-05,14.202255035578824,NN,NN,0,chariti,0,0,0,0,1,0,1,0,0,0,1
9,child,1,8.233841086867023e-05,0.0,0.0,5,0.0002955709825082,11.72420773877418,NN,NN,0,child,0,1,0,0,1,0,1,0,0,0,1
9,childhood,1,8.233841086867023e-05,1.7369655941662063,0.0001430189867572,9,2.2736229423712372e-05,15.424647456915272,NN,NN,0,childhood,0,0,0,0,1,0,1,0,0,0,1
9,church,17,0.0013997529847673,0.0,0.0,6,0.0007351380847,10.4096971154493,NNP,NN,0,church,0,1,0,0,1,0,1,0,0,1,1
9,colonel,1,8.233841086867023e-05,1.3219280948873624,0.0001088454586156,7,3.0314972564949827e-05,15.009609957636428,NN,NN,0,colonel,0,0,0,0,0,0,1,0,0,1,1
9,coma,1,8.233841086867023e-05,1.7369655941662063,0.0001430189867572,4,2.2736229423712372e-05,15.424647456915272,NN,NN,0,coma,0,0,0,1,0,1,0,1,0,0,-1
9,commemorative,1,8.233841086867023e-05,3.321928094887362,0.000273522280353,13,7.578743141237457e-06,17.009609957636428,JJ,JJ,0,commemor,0,1,0,0,0,0,1,0,0,0,1
9,committed,2,0.0001646768217373,1.0,0.0001646768217373,9,6.820868827113711e-05,13.839684956194116,VBN,VB,0,commit,0,0,0,0,0,0,1,0,0,1,1
9,complaint,1,8.233841086867023e-05,0.7369655941662062,6.068057588853077e-05,9,7.578743141237457e-05,13.687681862749066,NN,NN,0,complaint,1,0,0,0,0,1,0,0,0,0,-1
9,compliment,1,8.233841086867023e-05,2.321928094887362,0.0001911838694843,10,1.5157486282474914e-05,16.009609957636428,NN,NN,0,compliment,0,1,0,0,1,0,1,0,1,1,1
9,compulsion,1,8.233841086867023e-05,3.321928094887362,0.000273522280353,10,7.578743141237457e-06,17.009609957636428,NN,NN,0,compuls,1,0,0,0,0,1,0,0,0,0,-1
9,condemn,1,8.233841086867023e-05,2.321928094887362,0.0001911838694843,7,1.5157486282474914e-05,16.009609957636428,VB,VB,0,condemn,1,0,0,0,0,1,0,0,0,0,-1
9,confined,1,8.233841086867023e-05,1.0,8.233841086867023e-05,8,4.5472458847424745e-05,14.424647456915272,VBN,VB,0,confin,1,0,1,1,0,1,0,1,0,0,-1
9,congress,5,0.0004116920543433,0.5145731728297582,0.0002118456866322,8,0.0002197835510958,12.151628962508855,NNP,NN,0,congress,0,0,1,0,0,0,0,0,0,1,0
9,considerate,1,8.233841086867023e-05,3.321928094887362,0.000273522280353,11,7.578743141237457e-06,17.009609957636428,NNP,NN,0,consider,0,0,0,0,0,0,1,0,0,1,1
9,continue,1,8.233841086867023e-05,0.5145731728297582,4.2369137326451894e-05,8,0.0001136811471185,13.10271936202791,VB,VB,0,continu,0,1,0,0,0,0,1,0,0,1,1
9,convict,1,8.233841086867023e-05,2.321928094887362,0.0001911838694843,7,1.5157486282474914e-05,16.009609957636428,NNP,NN,0,convict,1,0,1,1,0,1,0,1,0,0,-1
9,cop,3,0.000247015232606,0.3219280948873623,7.952114324101169e-05,3,0.0002273622942371,12.10271936202791,NNP,NN,0,cop,0,0,0,1,0,0,0,0,0,1,0
9,council,1,8.233841086867023e-05,0.15200309344505,1.2515693161387409e-05,7,0.0002349410373783,12.055413647249551,NNP,NN,0,council,0,1,0,0,0,0,1,0,0,1,1
9,count,5,0.0004116920543433,0.5145731728297582,0.0002118456866322,5,0.0001364173765422,12.839684956194116,NNP,NN,0,count,0,0,0,0,0,0,1,0,0,1,1
9,court,11,0.0009057225195553,0.0,0.0,5,0.0010003940946433,9.965215838277976,NNP,NN,0,court,1,1,0,1,0,0,0,0,0,0,0
9,crash,1,8.233841086867023e-05,1.3219280948873624,0.0001088454586156,5,3.0314972564949827e-05,15.009609957636428,NN,NN,0,crash,0,0,0,1,0,1,0,1,1,0,-1
9,credit,2,0.0001646768217373,0.7369655941662062,0.000121361151777,6,7.578743141237457e-05,13.687681862749066,NN,NN,0,credit,0,0,0,0,0,0,1,0,0,1,1
9,crime,3,0.000247015232606,0.15200309344505,3.754707948416222e-05,5,0.0002197835510958,12.151628962508855,NN,NN,0,crime,1,0,0,0,0,1,0,0,0,0,-1
9,criminal,1,8.233841086867023e-05,1.0,8.233841086867023e-05,8,7.578743141237457e-05,13.687681862749066,JJ,JJ,0,crimin,1,0,1,1,0,1,0,0,0,0,-1
9,crippled,1,8.233841086867023e-05,2.321928094887362,0.0001911838694843,8,1.5157486282474914e-05,16.009609957636428,VBD,VB,0,crippl,0,0,0,0,0,1,0,1,0,0,-1
9,criticism,1,8.233841086867023e-05,1.7369655941662063,0.0001430189867572,9,2.2736229423712372e-05,15.424647456915272,NN,NN,0,critic,1,0,0,0,0,1,0,1,0,0,-1
9,cruel,1,8.233841086867023e-05,1.3219280948873624,0.0001088454586156,5,3.0314972564949827e-05,15.009609957636428,JJ,JJ,0,cruel,1,0,1,1,0,1,0,1,0,0,-1
9,crying,1,8.233841086867023e-05,2.321928094887362,0.0001911838694843,6,1.5157486282474914e-05,16.009609957636428,NN,NN,0,cri,0,0,0,0,0,1,0,1,0,0,-1
9,damage,4,0.0003293536434746,0.5145731728297582,0.0001694765493058,6,0.000128838633401,12.922147116386087,NN,NN,0,damag,1,0,1,0,0,1,0,1,0,0,-1
9,damages,1,8.233841086867023e-05,1.3219280948873624,0.0001088454586156,7,3.0314972564949827e-05,15.009609957636428,NNS,NN,0,damag,0,0,0,0,0,1,0,1,0,0,-1
9,dance,2,0.0001646768217373,0.0,0.0,5,0.0002349410373783,12.055413647249551,NN,NN,0,danc,0,0,0,0,1,0,1,0,0,1,1
9,daughter,6,0.000494030465212,0.15200309344505,7.509415896832444e-05,8,0.0003865159002031,11.337184615664931,NN,NN,0,daughter,0,0,0,0,1,0,1,0,0,0,1
9,deal,3,0.000247015232606,0.3219280948873623,7.952114324101169e-05,4,9.852366083608696e-05,13.309170239495336,NN,NN,0,deal,0,1,0,0,1,0,1,0,1,1,1
9,death,13,0.0010703993412927,0.0,0.0,5,0.0005229332767453,10.90108550085826,NN,NN,0,death,1,1,1,1,0,1,0,1,1,0,-1
9,debt,3,0.000247015232606,1.7369655941662063,0.0004290569602716,4,3.7893715706187286e-05,14.687681862749066,NN,NN,0,debt,0,0,0,0,0,1,0,1,0,0,-1
9,deceased,1,8.233841086867023e-05,2.321928094887362,0.0001911838694843,8,1.5157486282474914e-05,16.009609957636428,VBD,VB,0,deceas,0,0,0,0,0,1,0,1,0,0,-1
9,defendant,1,8.233841086867023e-05,1.3219280948873624,0.0001088454586156,9,4.5472458847424745e-05,14.424647456915272,NN,NN,0,defend,1,0,0,1,0,0,0,1,0,0,0
9,defense,6,0.000494030465212,0.15200309344505,7.509415896832444e-05,7,0.0002955709825082,11.72420773877418,NN,NN,0,defens,1,1,0,1,0,0,1,0,0,0,1
9,delegate,2,0.0001646768217373,0.7369655941662062,0.000121361151777,8,6.820868827113711e-05,13.839684956194116,NN,NN,0,deleg,0,0,0,0,0,0,1,0,0,1,1
9,delinquent,1,8.233841086867023e-05,2.321928094887362,0.0001911838694843,10,1.5157486282474914e-05,16.009609957636428,NN,NN,0,delinqu,1,0,1,0,0,1,0,0,0,0,-1
9,delivery,1,8.233841086867023e-05,1.3219280948873624,0.0001088454586156,8,5.30512019886622e-05,14.202255035578824,NN,NN,0,deliveri,0,1,0,0,0,0,1,0,0,0,1
9,denied,1,8.233841086867023e-05,0.15200309344505,1.2515693161387409e-05,6,0.0001667323491072,12.550178338999132,VBD,VB,0,deni,0,0,0,0,0,1,0,1,0,0,-1
9,denying,1,8.233841086867023e-05,2.321928094887362,0.0001911838694843,7,1.5157486282474914e-05,16.009609957636428,VBG,VB,0,deni,0,1,0,0,0,1,0,0,0,0,-1
9,descent,1,8.233841086867023e-05,1.7369655941662063,0.0001430189867572,7,2.2736229423712372e-05,15.424647456915272,NN,NN,0,descent,0,0,0,1,0,0,0,1,0,0,0
9,destination,1,8.233841086867023e-05,2.321928094887362,0.0001911838694843,11,1.5157486282474914e-05,16.009609957636428,NN,NN,0,destin,0,1,0,1,1,0,1,1,1,0,1
9,dictator,2,0.0001646768217373,1.7369655941662063,0.0002860379735144,8,3.0314972564949827e-05,15.009609957636428,NN,NN,0,dictat,0,0,0,1,0,1,0,0,0,0,-1
9,die,4,0.0003293536434746,0.7369655941662062,0.0002427223035541,3,9.852366083608696e-05,13.309170239495336,VB,VB,0,die,0,0,0,1,0,1,0,1,0,0,-1
9,director,3,0.000247015232606,0.0,0.0,8,0.0006593506532876,10.5666664617877,NN,NN,0,director,0,0,0,0,0,0,1,0,0,1,1
9,disaster,1,8.233841086867023e-05,3.321928094887362,0.000273522280353,8,7.578743141237457e-06,17.009609957636428,NN,NN,0,disast,1,0,1,1,0,1,0,1,1,0,-1
9,discriminating,1,8.233841086867023e-05,1.7369655941662063,0.0001430189867572,14,2.2736229423712372e-05,15.424647456915272,VBG,VB,0,discrimin,0,0,1,0,0,1,0,0,0,0,-1
9,discrimination,3,0.000247015232606,0.15200309344505,3.754707948416222e-05,14,0.000287992239367,11.761682444192845,NN,NN,0,discrimin,1,0,1,1,0,1,0,1,0,0,-1
9,disease,3,0.000247015232606,1.0,0.000247015232606,7,8.336617455361203e-05,13.550178338999132,NN,NN,0,diseas,1,0,1,1,0,1,0,1,0,0,-1
9,dismissal,1,8.233841086867023e-05,1.7369655941662063,0.0001430189867572,9,3.0314972564949827e-05,15.009609957636428,NN,NN,0,dismiss,1,0,1,1,0,1,0,1,1,0,-1
9,disposed,1,8.233841086867023e-05,3.321928094887362,0.000273522280353,8,7.578743141237457e-06,17.009609957636428,VBD,VB,0,dispos,0,1,0,0,0,0,1,0,0,1,1
9,divorce,4,0.0003293536434746,0.7369655941662062,0.0002427223035541,7,0.0001743110922484,12.486048001579416,NN,NN,0,divorc,1,0,1,1,0,1,0,1,1,1,-1
9,doctor,5,0.0004116920543433,0.0,0.0,6,0.0002425197805195,12.009609957636428,NN,NN,0,doctor,0,0,0,0,0,0,1,0,0,1,1
9,don,11,0.0009057225195553,0.0,0.0,3,0.0009397641495134,10.055413647249551,NNP,NN,1,don,0,0,0,0,0,0,1,0,0,1,1
9,doom,1,8.233841086867023e-05,3.321928094887362,0.000273522280353,4,7.578743141237457e-06,17.009609957636428,NN,NN,0,doom,0,0,0,1,0,1,0,0,0,0,-1
9,doomed,1,8.233841086867023e-05,2.321928094887362,0.0001911838694843,6,1.5157486282474914e-05,16.009609957636428,NNP,NN,0,doom,0,0,0,1,0,1,0,1,0,0,-1
9,elder,1,8.233841086867023e-05,1.0,8.233841086867023e-05,5,3.7893715706187286e-05,14.687681862749066,NN,NN,0,elder,0,0,0,0,0,0,1,0,0,1,1
9,elimination,1,8.233841086867023e-05,3.321928094887362,0.000273522280353,11,7.578743141237457e-06,17.009609957636428,NN,NN,0,elimin,1,0,1,1,0,1,0,1,0,0,-1
9,elite,1,8.233841086867023e-05,1.0,8.233841086867023e-05,5,3.7893715706187286e-05,14.687681862749066,JJ,JJ,0,elit,0,1,0,0,1,0,1,0,0,1,1
9,eminence,1,8.233841086867023e-05,2.321928094887362,0.0001911838694843,8,2.2736229423712372e-05,15.424647456915272,NN,NN,0,emin,0,0,0,0,0,0,1,0,0,1,1
9,enable,1,8.233841086867023e-05,2.321928094887362,0.0001911838694843,6,1.5157486282474914e-05,16.009609957636428,VB,VB,0,enabl,0,0,0,0,0,0,1,0,0,1,1
9,encyclopedia,1,8.233841086867023e-05,3.321928094887362,0.000273522280353,12,7.578743141237457e-06,17.009609957636428,NNP,NN,0,encyclopedia,0,0,0,0,0,0,1,0,0,1,1
9,entertained,1,8.233841086867023e-05,1.0,8.233841086867023e-05,11,4.5472458847424745e-05,14.424647456915272,VBD,VB,0,entertain,0,0,0,0,1,0,1,0,0,0,1
9,entertainment,2,0.0001646768217373,0.0,0.0,13,0.0001743110922484,12.486048001579416,NNP,NN,0,entertain,0,1,0,0,1,0,1,0,1,1,1
9,escape,1,8.233841086867023e-05,0.7369655941662062,6.068057588853077e-05,6,6.0629945129899655e-05,14.009609957636428,NN,NN,0,escap,0,1,0,1,0,1,1,0,0,0,0
9,evergreen,1,8.233841086867023e-05,3.321928094887362,0.000273522280353,9,7.578743141237457e-06,17.009609957636428,JJ,JJ,0,evergreen,0,0,0,0,1,0,1,0,0,1,1
9,excellence,1,8.233841086867023e-05,3.321928094887362,0.000273522280353,10,7.578743141237457e-06,17.009609957636428,NN,NN,0,excel,0,0,1,0,1,0,1,0,0,1,1
9,excited,1,8.233841086867023e-05,1.3219280948873624,0.0001088454586156,7,3.7893715706187286e-05,14.687681862749066,JJ,JJ,0,excit,0,1,0,0,1,0,1,0,1,1,1
9,exile,1,8.233841086867023e-05,3.321928094887362,0.000273522280353,5,7.578743141237457e-06,17.009609957636428,NN,NN,0,exil,1,0,0,1,0,1,0,1,0,0,-1
9,expedition,1,8.233841086867023e-05,3.321928094887362,0.000273522280353,10,7.578743141237457e-06,17.009609957636428,NN,NN,0,expedit,0,1,0,0,0,0,1,0,0,0,1
9,experienced,1,8.233841086867023e-05,1.7369655941662063,0.0001430189867572,11,2.2736229423712372e-05,15.424647456915272,VBN,VB,0,experienc,0,0,0,0,0,0,1,0,0,1,1
9,explain,2,0.0001646768217373,1.3219280948873624,0.0002176909172313,7,3.7893715706187286e-05,14.687681862749066,VB,VB,0,explain,0,0,0,0,0,0,1,0,0,1,1
9,expose,1,8.233841086867023e-05,3.321928094887362,0.000273522280353,6,7.578743141237457e-06,17.009609957636428,VB,VB,0,expos,0,1,0,1,0,0,0,0,0,0,0
9,failure,3,0.000247015232606,1.3219280948873624,0.000326536375847,7,5.30512019886622e-05,14.202255035578824,NN,NN,0,failur,0,0,1,1,0,1,0,1,0,0,-1
9,faith,1,8.233841086867023e-05,1.7369655941662063,0.0001430189867572,5,2.2736229423712372e-05,15.424647456915272,NNP,NN,0,faith,0,1,0,0,1,0,1,0,0,1,1
9,fall,2,0.0001646768217373,0.3219280948873623,5.301409549400779e-05,4,0.0001364173765422,12.839684956194116,NN,NN,0,fall,0,0,0,0,0,1,0,1,0,0,-1
9,famine,2,0.0001646768217373,2.321928094887362,0.0003823677389686,6,2.2736229423712372e-05,15.424647456915272,NN,NN,0,famin,0,0,0,0,0,1,0,1,0,0,-1
9,fancy,1,8.233841086867023e-05,1.3219280948873624,0.0001088454586156,5,6.0629945129899655e-05,14.009609957636428,JJ,JJ,0,fanci,0,1,0,0,1,0,1,0,0,0,1
9,fatal,1,8.233841086867023e-05,1.7369655941662063,0.0001430189867572,5,3.7893715706187286e-05,14.687681862749066,JJ,JJ,0,fatal,1,0,0,1,0,1,0,1,0,0,-1
9,favorite,3,0.000247015232606,0.7369655941662062,0.0001820417276655,8,9.852366083608696e-05,13.309170239495336,JJ,JJ,0,favorit,0,0,0,0,1,0,1,0,0,1,1
9,fee,2,0.0001646768217373,1.7369655941662063,0.0002860379735144,3,3.0314972564949827e-05,15.009609957636428,NN,NN,0,fee,1,0,0,0,0,1,0,0,0,0,-1
9,fell,2,0.0001646768217373,1.3219280948873624,0.0002176909172313,4,6.0629945129899655e-05,14.009609957636428,VBD,VB,0,fell,0,0,0,0,0,1,0,1,0,0,-1
9,fellow,2,0.0001646768217373,0.7369655941662062,0.000121361151777,6,7.578743141237457e-05,13.687681862749066,NN,NN,0,fellow,0,0,0,0,0,0,1,0,0,1,1
9,fete,1,8.233841086867023e-05,1.7369655941662063,0.0001430189867572,4,2.2736229423712372e-05,15.424647456915272,NNP,NN,0,fete,0,1,0,0,1,0,1,0,1,0,1
9,fight,3,0.000247015232606,0.0,0.0,5,0.000416830872768,11.228250244111768,NN,NN,0,fight,1,0,0,1,0,1,0,0,0,0,-1
9,fighting,1,8.233841086867023e-05,0.5145731728297582,4.2369137326451894e-05,8,9.094491769484948e-05,13.424647456915272,VBG,VB,0,fight,1,0,0,0,0,1,0,0,0,0,-1
9,fits,1,8.233841086867023e-05,2.321928094887362,0.0001911838694843,4,1.5157486282474914e-05,16.009609957636428,NNS,NN,0,fit,1,0,0,0,0,1,0,0,0,0,-1
9,flying,1,8.233841086867023e-05,1.0,8.233841086867023e-05,6,5.30512019886622e-05,14.202255035578824,VBG,VB,0,fli,0,0,0,1,0,0,1,0,0,0,1
9,food,1,8.233841086867023e-05,0.3219280948873623,2.6507047747003897e-05,4,0.0001970473216721,12.309170239495336,NN,NN,0,food,0,0,0,0,1,0,1,0,0,1,1
9,football,1,8.233841086867023e-05,0.15200309344505,1.2515693161387409e-05,8,0.0002046260648134,12.25472245547296,NN,NN,0,footbal,0,1,0,0,1,0,1,0,0,0,1
9,forced,1,8.233841086867023e-05,0.15200309344505,1.2515693161387409e-05,6,0.0001515748628247,12.687681862749066,VBN,VB,0,forc,0,0,0,1,0,1,0,0,0,0,-1
9,fortune,2,0.0001646768217373,0.7369655941662062,0.000121361151777,7,6.820868827113711e-05,13.839684956194116,NN,NN,0,fortun,0,1,0,0,1,0,1,0,1,1,1
9,found,3,0.000247015232606,0.0,0.0,5,0.0004698820747567,11.055413647249551,VBD,VB,0,found,0,0,0,0,1,0,1,0,0,1,1
9,frank,10,0.0008233841086867,0.0,0.0,5,0.000257677266802,11.922147116386087,NNP,NN,0,frank,0,0,0,0,0,0,1,0,0,1,1
9,friend,4,0.0003293536434746,0.15200309344505,5.006277264554963e-05,6,0.0002122048079546,12.202255035578824,NN,NN,0,friend,0,0,0,0,1,0,1,0,0,1,1
9,friendly,1,8.233841086867023e-05,1.3219280948873624,0.0001088454586156,8,4.5472458847424745e-05,14.424647456915272,JJ,JJ,0,friendli,0,1,0,0,1,0,1,0,0,1,1
9,gain,1,8.233841086867023e-05,1.3219280948873624,0.0001088454586156,4,3.7893715706187286e-05,14.687681862749066,VB,VB,0,gain,0,1,0,0,1,0,1,0,0,0,1
9,gang,1,8.233841086867023e-05,1.3219280948873624,0.0001088454586156,4,4.5472458847424745e-05,14.424647456915272,NN,NN,0,gang,1,0,0,1,0,1,0,0,0,0,-1
9,garden,1,8.233841086867023e-05,0.7369655941662062,6.068057588853077e-05,6,6.820868827113711e-05,13.839684956194116,NNP,NN,0,garden,0,0,0,0,1,0,1,0,0,0,1
9,gentry,1,8.233841086867023e-05,3.321928094887362,0.000273522280353,6,7.578743141237457e-06,17.009609957636428,NNP,NN,0,gentri,0,0,0,0,0,0,1,0,0,1,1
9,gift,1,8.233841086867023e-05,0.5145731728297582,4.2369137326451894e-05,4,9.094491769484948e-05,13.424647456915272,NN,NN,0,gift,0,1,0,0,1,0,1,0,1,0,1
9,glee,1,8.233841086867023e-05,3.321928094887362,0.000273522280353,4,7.578743141237457e-06,17.009609957636428,NN,NN,0,glee,0,0,0,0,1,0,1,0,0,0,1
9,god,3,0.000247015232606,0.15200309344505,3.754707948416222e-05,3,0.0001439961196835,12.761682444192845,NNP,NN,0,god,0,1,0,1,1,0,1,0,0,1,1
9,good,2,0.0001646768217373,0.0,0.0,4,0.0007502955709825,10.38025333755682,JJ,JJ,0,good,0,1,0,0,1,0,1,0,1,1,1
9,government,3,0.000247015232606,0.0,0.0,10,0.0004016733864855,11.28168950307323,NN,NN,0,govern,0,0,0,1,0,1,0,0,0,0,-1
9,green,3,0.000247015232606,0.7369655941662062,0.0001820417276655,5,0.0001894685785309,12.365753767861705,NNP,NN,0,green,0,0,0,0,1,0,1,0,0,1,1
9,greeting,1,8.233841086867023e-05,2.321928094887362,0.0001911838694843,8,1.5157486282474914e-05,16.009609957636428,NN,NN,0,greet,0,0,0,0,0,0,1,0,1,0,1
9,grief,1,8.233841086867023e-05,1.7369655941662063,0.0001430189867572,5,2.2736229423712372e-05,15.424647456915272,NN,NN,0,grief,0,0,0,0,0,1,0,1,0,0,-1
9,guilty,2,0.0001646768217373,0.5145731728297582,8.473827465290379e-05,6,9.852366083608696e-05,13.309170239495336,JJ,JJ,0,guilti,1,0,0,0,0,1,0,1,0,0,-1
9,gun,2,0.0001646768217373,0.5145731728297582,8.473827465290379e-05,3,0.0001061024039773,13.202255035578824,NN,NN,0,gun,1,0,0,1,0,1,0,0,0,0,-1
9,hag,1,8.233841086867023e-05,3.321928094887362,0.000273522280353,3,7.578743141237457e-06,17.009609957636428,NN,NN,0,hag,0,0,1,1,0,1,0,0,0,0,-1
9,happily,2,0.0001646768217373,2.321928094887362,0.0003823677389686,7,2.2736229423712372e-05,15.424647456915272,RB,RB,0,happili,0,0,0,0,1,0,1,0,0,0,1
9,happy,2,0.0001646768217373,0.3219280948873623,5.301409549400779e-05,5,0.0001667323491072,12.550178338999132,JJ,JJ,0,happi,0,1,0,0,1,0,1,0,0,1,1
9,harry,3,0.000247015232606,0.3219280948873623,7.952114324101169e-05,5,0.0001212598902597,13.009609957636428,NNP,NN,0,harri,1,0,0,0,0,1,0,1,0,0,-1
9,hate,2,0.0001646768217373,1.7369655941662063,0.0002860379735144,4,3.0314972564949827e-05,15.009609957636428,NN,NN,0,hate,1,0,1,1,0,1,0,1,0,0,-1
9,hearing,2,0.0001646768217373,0.3219280948873623,5.301409549400779e-05,7,0.0001212598902597,13.009609957636428,NN,NN,0,hear,0,0,0,1,0,1,0,0,0,0,-1
9,heartless,1,8.233841086867023e-05,3.321928094887362,0.000273522280353,9,7.578743141237457e-06,17.009609957636428,NN,NN,0,heartless,0,0,0,0,0,1,0,1,0,0,-1
9,hell,1,8.233841086867023e-05,1.0,8.233841086867023e-05,4,3.7893715706187286e-05,14.687681862749066,NN,NN,0,hell,1,0,1,1,0,1,0,1,0,0,-1
9,helper,1,8.233841086867023e-05,1.7369655941662063,0.0001430189867572,6,2.2736229423712372e-05,15.424647456915272,NN,NN,0,helper,0,0,0,0,0,0,1,0,0,1,1
9,hemorrhage,1,8.233841086867023e-05,1.7369655941662063,0.0001430189867572,10,2.2736229423712372e-05,15.424647456915272,NN,NN,0,hemorrhag,0,0,1,1,0,1,0,1,0,0,-1
9,highest,1,8.233841086867023e-05,0.3219280948873623,2.6507047747003897e-05,7,0.000128838633401,12.922147116386087,JJS,JJ,0,highest,0,1,0,1,1,1,1,0,1,0,0
9,hit,9,0.000741045697818,0.0,0.0,3,0.0004547245884742,11.10271936202791,VBD,VB,0,hit,1,0,0,0,0,1,0,0,0,0,-1
9,hog,1,8.233841086867023e-05,1.7369655941662063,0.0001430189867572,3,2.2736229423712372e-05,15.424647456915272,NN,NN,0,hog,0,0,1,0,0,1,0,0,0,0,-1
9,holiday,3,0.000247015232606,1.0,0.000247015232606,7,5.30512019886622e-05,14.202255035578824,NNP,NN,0,holiday,0,1,0,0,1,0,1,0,0,0,1
9,honeymoon,2,0.0001646768217373,1.7369655941662063,0.0002860379735144,9,4.5472458847424745e-05,14.424647456915272,NN,NN,0,honeymoon,0,1,0,0,1,0,1,0,1,1,1
9,honor,3,0.000247015232606,0.3219280948873623,7.952114324101169e-05,5,0.0001818898353896,12.424647456915272,NN,NN,0,honor,0,0,0,0,0,0,1,0,0,1,1
9,hope,1,8.233841086867023e-05,0.0,0.0,4,0.0001212598902597,13.009609957636428,VBP,VB,0,hope,0,1,0,0,1,0,1,0,1,1,1
9,hospital,18,0.001482091395636,0.0,0.0,8,0.0008563979749598,10.18943099522124,NNP,NN,0,hospit,0,0,0,1,0,0,0,1,0,1,0
9,humanity,1,8.233841086867023e-05,1.3219280948873624,0.0001088454586156,8,3.7893715706187286e-05,14.687681862749066,NN,NN,0,human,0,0,0,0,1,0,1,0,0,1,1
9,hurt,8,0.0006587072869493,1.3219280948873624,0.0008707636689253,4,0.0001136811471185,13.10271936202791,NNP,VB,0,hurt,1,0,0,1,0,1,0,1,0,0,-1
9,illegal,1,8.233841086867023e-05,0.5145731728297582,4.2369137326451894e-05,7,6.820868827113711e-05,13.839684956194116,JJ,JJ,0,illeg,1,0,1,1,0,1,0,1,0,0,-1
9,illegitimate,1,8.233841086867023e-05,2.321928094887362,0.0001911838694843,12,1.5157486282474914e-05,16.009609957636428,JJ,JJ,0,illegitim,1,0,1,1,0,1,0,1,1,0,-1
9,illicit,1,8.233841086867023e-05,3.321928094887362,0.000273522280353,7,7.578743141237457e-06,17.009609957636428,JJ,JJ,0,illicit,1,0,1,1,0,1,0,0,0,0,-1
9,illness,1,8.233841086867023e-05,0.5145731728297582,4.2369137326451894e-05,7,9.094491769484948e-05,13.424647456915272,NN,NN,0,ill,0,0,0,1,0,1,0,1,0,0,-1
9,important,3,0.000247015232606,0.15200309344505,3.754707948416222e-05,9,0.0001818898353896,12.424647456915272,JJ,JJ,0,import,0,0,0,0,0,0,1,0,0,1,1
9,income,4,0.0003293536434746,0.7369655941662062,0.0002427223035541,6,0.0001212598902597,13.009609957636428,NN,NN,0,incom,0,1,0,0,1,1,1,1,0,1,0
9,influence,1,8.233841086867023e-05,1.0,8.233841086867023e-05,9,9.094491769484948e-05,13.424647456915272,NN,NN,0,influenc,0,0,0,0,0,1,1,0,0,0,0
9,inimitable,1,8.233841086867023e-05,1.7369655941662063,0.0001430189867572,10,2.2736229423712372e-05,15.424647456915272,JJ,JJ,0,inimit,0,0,0,0,0,0,1,0,0,1,1
9,injured,1,8.233841086867023e-05,0.7369655941662062,6.068057588853077e-05,7,6.820868827113711e-05,13.839684956194116,JJ,JJ,0,injur,0,0,0,1,0,1,0,1,0,0,-1
9,insane,2,0.0001646768217373,2.321928094887362,0.0003823677389686,6,5.30512019886622e-05,14.202255035578824,NN,NN,0,insan,1,0,0,1,0,1,0,0,0,0,-1
9,instruction,1,8.233841086867023e-05,2.321928094887362,0.0001911838694843,11,1.5157486282474914e-05,16.009609957636428,NN,NN,0,instruct,0,0,0,0,0,0,1,0,0,1,1
9,instructor,2,0.0001646768217373,1.0,0.0001646768217373,10,5.30512019886622e-05,14.202255035578824,NN,NN,0,instructor,0,1,0,0,0,0,1,0,0,1,1
9,intelligence,1,8.233841086867023e-05,1.7369655941662063,0.0001430189867572,12,3.0314972564949827e-05,15.009609957636428,NN,NN,0,intellig,0,0,0,1,1,0,1,0,0,1,1
9,intimately,1,8.233841086867023e-05,3.321928094887362,0.000273522280353,10,7.578743141237457e-06,17.009609957636428,RB,RB,0,intim,0,1,0,1,1,0,0,0,0,0,0
9,intoxicated,1,8.233841086867023e-05,3.321928094887362,0.000273522280353,11,7.578743141237457e-06,17.009609957636428,JJ,JJ,0,intox,0,0,1,0,0,1,0,0,0,0,-1
9,irate,1,8.233841086867023e-05,1.3219280948873624,0.0001088454586156,5,3.0314972564949827e-05,15.009609957636428,NN,NN,0,irat,1,0,0,0,0,1,0,0,0,0,-1
9,isolated,1,8.233841086867023e-05,3.321928094887362,0.000273522280353,8,7.578743141237457e-06,17.009609957636428,JJ,JJ,0,isol,0,0,0,1,0,1,0,1,0,0,-1
9,jail,6,0.000494030465212,0.15200309344505,7.509415896832444e-05,4,0.000257677266802,11.922147116386087,NN,NN,0,jail,0,0,0,1,0,1,0,1,0,0,-1
9,john,8,0.0006587072869493,0.0,0.0,4,0.0008412404886773,10.215194091286325,NNP,NN,0,john,0,0,1,0,0,1,0,0,0,0,-1
9,jump,2,0.0001646768217373,0.7369655941662062,0.000121361151777,4,8.336617455361203e-05,13.550178338999132,NN,NN,0,jump,0,0,0,0,1,0,1,0,0,0,1
9,justice,1,8.233841086867023e-05,0.0,0.0,7,0.0002349410373783,12.055413647249551,NNP,NN,0,justic,0,0,0,0,0,0,1,0,0,1,1
9,kick,1,8.233841086867023e-05,2.321928094887362,0.0001911838694843,4,1.5157486282474914e-05,16.009609957636428,NN,NN,0,kick,1,0,0,0,0,1,0,0,0,0,-1
9,kind,1,8.233841086867023e-05,0.0,0.0,4,0.0002046260648134,12.25472245547296,NN,NN,0,kind,0,0,0,0,1,0,1,0,0,1,1
9,labor,7,0.0005763688760806,0.15200309344505,8.760985212971185e-05,5,0.0002804134962257,11.80015659200748,NN,NN,0,labor,0,1,0,0,1,0,1,0,1,1,1
9,lace,1,8.233841086867023e-05,2.321928094887362,0.0001911838694843,4,1.5157486282474914e-05,16.009609957636428,NNP,NN,0,lace,1,0,0,1,0,1,1,1,0,1,0
9,late,1,8.233841086867023e-05,0.0,0.0,4,0.0003031497256494,11.687681862749066,JJ,JJ,0,late,0,0,0,0,0,1,0,1,0,0,-1
9,lawyer,1,8.233841086867023e-05,0.3219280948873623,2.6507047747003897e-05,6,0.0001894685785309,12.365753767861705,NN,NN,0,lawyer,1,0,1,1,0,1,0,0,0,0,-1
9,leader,3,0.000247015232606,0.0,0.0,6,0.0003107284687907,11.652057953018344,NN,NN,0,leader,0,0,0,0,0,0,1,0,0,1,1
9,leave,4,0.0003293536434746,0.3219280948873623,0.000106028190988,5,0.0002046260648134,12.25472245547296,VB,VB,0,leav,0,0,0,0,0,1,0,1,1,0,-1
9,legal,4,0.0003293536434746,0.15200309344505,5.006277264554963e-05,5,0.0002728347530845,11.839684956194116,JJ,JJ,0,legal,0,0,0,0,0,0,1,0,0,1,1
9,level,1,8.233841086867023e-05,1.3219280948873624,0.0001088454586156,5,6.0629945129899655e-05,14.009609957636428,NN,NN,0,level,0,0,0,0,0,0,1,0,0,1,1
9,lewd,1,8.233841086867023e-05,3.321928094887362,0.000273522280353,4,7.578743141237457e-06,17.009609957636428,NN,NN,0,lewd,0,0,1,0,0,1,0,0,0,0,-1
9,lie,1,8.233841086867023e-05,2.321928094887362,0.0001911838694843,3,2.2736229423712372e-05,15.424647456915272,NN,NN,0,lie,1,0,1,0,0,1,0,1,0,0,-1
9,liquor,2,0.0001646768217373,0.7369655941662062,0.000121361151777,6,0.000128838633401,12.922147116386087,NN,NN,0,liquor,1,0,0,0,1,1,0,1,0,0,-1
9,lord,2,0.0001646768217373,1.3219280948873624,0.0002176909172313,4,4.5472458847424745e-05,14.424647456915272,NNP,NN,0,lord,0,0,1,0,0,1,1,0,0,1,0
9,lose,2,0.0001646768217373,0.7369655941662062,0.000121361151777,4,0.0001212598902597,13.009609957636428,VB,VB,0,lose,1,0,1,1,0,1,0,1,1,0,-1
9,losing,1,8.233841086867023e-05,1.0,8.233841086867023e-05,6,5.30512019886622e-05,14.202255035578824,VBG,VB,0,lose,1,0,0,0,0,1,0,1,0,0,-1
9,loss,2,0.0001646768217373,0.5145731728297582,8.473827465290379e-05,4,0.0001061024039773,13.202255035578824,NN,NN,0,loss,1,0,0,1,0,1,0,1,0,0,-1
9,lost,3,0.000247015232606,0.15200309344505,3.754707948416222e-05,4,0.0002046260648134,12.25472245547296,VBD,VB,0,lost,0,0,0,0,0,1,0,1,0,0,-1
9,lovable,1,8.233841086867023e-05,3.321928094887362,0.000273522280353,7,7.578743141237457e-06,17.009609957636428,JJ,JJ,0,lovabl,0,0,0,0,1,0,1,0,0,1,1
9,love,7,0.0005763688760806,0.0,0.0,4,0.0005380907630278,10.859862838131749,NNP,NN,0,love,0,0,0,0,1,0,1,0,0,0,1
9,lovely,1,8.233841086867023e-05,0.7369655941662062,6.068057588853077e-05,6,6.0629945129899655e-05,14.009609957636428,JJ,JJ,0,love,0,1,0,0,1,0,1,1,1,1,1
9,lover,1,8.233841086867023e-05,1.7369655941662063,0.0001430189867572,5,3.0314972564949827e-05,15.009609957636428,NN,NN,0,lover,0,1,0,0,1,0,1,0,0,1,1
9,lower,1,8.233841086867023e-05,0.15200309344505,1.2515693161387409e-05,5,0.0001061024039773,13.202255035578824,JJR,JJ,0,lower,0,0,0,0,0,1,0,1,0,0,-1
9,lucky,2,0.0001646768217373,2.321928094887362,0.0003823677389686,5,2.2736229423712372e-05,15.424647456915272,JJ,JJ,0,lucki,0,0,0,0,1,0,1,0,1,0,1
9,lunacy,1,8.233841086867023e-05,3.321928094887362,0.000273522280353,6,7.578743141237457e-06,17.009609957636428,NN,NN,0,lunaci,1,0,1,1,0,1,0,1,0,0,-1
9,magical,1,8.233841086867023e-05,3.321928094887362,0.000273522280353,7,7.578743141237457e-06,17.009609957636428,JJ,JJ,0,magic,0,1,0,0,1,0,1,0,1,0,1
9,manslaughter,2,0.0001646768217373,3.321928094887362,0.000547044560706,12,1.5157486282474914e-05,16.009609957636428,NN,NN,0,manslaught,1,0,1,1,0,1,0,1,1,0,-1
9,marriage,9,0.000741045697818,0.0,0.0,8,0.0003789371570618,11.365753767861705,NN,NN,0,marriag,0,1,0,0,1,0,1,0,0,1,1
9,marry,4,0.0003293536434746,0.7369655941662062,0.0002427223035541,5,7.578743141237457e-05,13.687681862749066,VB,VB,0,marri,0,1,0,1,1,0,1,0,1,1,1
9,massacre,1,8.233841086867023e-05,1.7369655941662063,0.0001430189867572,8,3.0314972564949827e-05,15.009609957636428,NNP,NN,0,massacr,1,0,1,1,0,1,0,1,0,0,-1
9,mate,1,8.233841086867023e-05,0.5145731728297582,4.2369137326451894e-05,4,9.852366083608696e-05,13.309170239495336,NN,NN,0,mate,0,0,0,0,0,0,1,0,0,1,1
9,measured,1,8.233841086867023e-05,1.7369655941662063,0.0001430189867572,8,3.0314972564949827e-05,15.009609957636428,VBN,VB,0,measur,0,0,0,0,0,0,1,0,0,1,1
9,medical,4,0.0003293536434746,0.15200309344505,5.006277264554963e-05,7,0.0003258859550732,11.58334520293433,JJ,JJ,0,medic,0,1,0,1,0,0,1,0,0,1,1
9,merciless,1,8.233841086867023e-05,3.321928094887362,0.000273522280353,9,7.578743141237457e-06,17.009609957636428,JJ,JJ,0,merciless,0,0,0,1,0,1,0,0,0,0,-1
9,missing,2,0.0001646768217373,1.0,0.0001646768217373,7,5.30512019886622e-05,14.202255035578824,VBG,VB,0,miss,0,0,0,1,0,1,0,1,0,0,-1
9,mistaken,2,0.0001646768217373,2.321928094887362,0.0003823677389686,8,2.2736229423712372e-05,15.424647456915272,JJ,JJ,0,mistaken,0,0,0,1,0,1,0,0,0,0,-1
9,mistress,1,8.233841086867023e-05,2.321928094887362,0.0001911838694843,8,2.2736229423712372e-05,15.424647456915272,NN,NN,0,mistress,1,0,1,0,0,1,0,0,0,0,-1
9,momentum,1,8.233841086867023e-05,3.321928094887362,0.000273522280353,8,7.578743141237457e-06,17.009609957636428,NN,NN,0,momentum,0,1,0,0,0,0,1,0,0,0,1
9,money,6,0.000494030465212,0.15200309344505,7.509415896832444e-05,5,0.0004395671021917,11.151628962508855,NN,NN,0,money,1,1,0,0,1,0,1,0,1,1,1
9,morgue,1,8.233841086867023e-05,2.321928094887362,0.0001911838694843,6,2.2736229423712372e-05,15.424647456915272,NNP,NN,0,morgu,0,0,1,1,0,1,0,1,0,0,-1
9,mother,7,0.0005763688760806,0.0,0.0,6,0.0004623033316154,11.07887262007354,NN,NN,0,mother,0,1,0,0,1,1,1,1,0,1,0
9,muddy,1,8.233841086867023e-05,3.321928094887362,0.000273522280353,5,7.578743141237457e-06,17.009609957636428,JJ,JJ,0,muddi,0,0,1,0,0,1,0,0,0,0,-1
9,murder,1,8.233841086867023e-05,0.15200309344505,1.2515693161387409e-05,6,0.0002046260648134,12.25472245547296,NN,NN,0,murder,1,0,1,1,0,1,0,1,1,0,-1
9,murderer,1,8.233841086867023e-05,2.321928094887362,0.0001911838694843,8,2.2736229423712372e-05,15.424647456915272,NN,NN,0,murder,1,0,1,1,0,1,0,1,0,0,-1
9,music,1,8.233841086867023e-05,0.0,0.0,5,0.0005684057355928,10.780791267140549,NN,NN,0,music,0,0,0,0,1,0,1,1,0,0,1
9,musical,5,0.0004116920543433,0.5145731728297582,0.0002118456866322,7,0.0001439961196835,12.761682444192845,JJ,JJ,0,music,1,1,0,0,1,0,1,1,1,1,1
9,nab,1,8.233841086867023e-05,1.7369655941662063,0.0001430189867572,3,3.0314972564949827e-05,15.009609957636428,NNP,NN,0,nab,0,0,0,0,0,1,0,0,1,0,-1
9,negro,49,0.0040345821325648,0.0,0.0,5,0.0029557098250826,8.402279643886818,NNP,NN,0,negro,0,0,0,0,0,1,0,1,0,0,-1
9,nervous,1,8.233841086867023e-05,1.3219280948873624,0.0001088454586156,7,3.7893715706187286e-05,14.687681862749066,JJ,JJ,0,nervou,0,1,0,1,0,1,0,0,0,0,-1
9,nursery,1,8.233841086867023e-05,2.321928094887362,0.0001911838694843,7,1.5157486282474914e-05,16.009609957636428,JJ,JJ,0,nurseri,0,0,0,0,1,0,1,0,0,1,1
9,obey,1,8.233841086867023e-05,1.7369655941662063,0.0001430189867572,4,2.2736229423712372e-05,15.424647456915272,IN,IN,0,obey,0,0,0,1,0,0,0,0,0,1,0
9,officer,1,8.233841086867023e-05,0.0,0.0,7,0.0002122048079546,12.202255035578824,NN,NN,0,offic,0,0,0,0,0,0,1,0,0,1,1
9,opera,2,0.0001646768217373,0.7369655941662062,0.000121361151777,5,8.336617455361203e-05,13.550178338999132,NNP,NN,0,opera,1,1,0,1,1,0,1,1,1,1,1
9,operation,4,0.0003293536434746,0.15200309344505,5.006277264554963e-05,9,0.0001667323491072,12.550178338999132,NN,NN,0,oper,0,0,0,1,0,0,0,0,0,1,0
9,opposed,2,0.0001646768217373,1.3219280948873624,0.0002176909172313,7,4.5472458847424745e-05,14.424647456915272,VBD,VB,0,oppos,1,0,0,1,0,1,0,0,0,0,-1
9,orchestra,1,8.233841086867023e-05,1.0,8.233841086867023e-05,9,9.852366083608696e-05,13.309170239495336,NNP,NN,0,orchestra,1,0,0,0,1,0,1,1,0,1,1
9,orphan,1,8.233841086867023e-05,3.321928094887362,0.000273522280353,6,7.578743141237457e-06,17.009609957636428,NN,NN,0,orphan,0,0,0,1,0,1,0,1,0,0,-1
9,outstanding,1,8.233841086867023e-05,0.5145731728297582,4.2369137326451894e-05,11,6.0629945129899655e-05,14.009609957636428,JJ,JJ,0,outstand,0,0,0,0,1,1,1,0,0,0,0
9,pain,1,8.233841086867023e-05,1.7369655941662063,0.0001430189867572,4,2.2736229423712372e-05,15.424647456915272,NN,NN,0,pain,0,0,0,1,0,1,0,1,0,0,-1
9,passion,1,8.233841086867023e-05,1.7369655941662063,0.0001430189867572,7,2.2736229423712372e-05,15.424647456915272,NN,NN,0,passion,0,1,0,0,1,0,1,0,0,1,1
9,pastor,5,0.0004116920543433,0.3219280948873623,0.000132535238735,6,0.0001591536059659,12.617292534857668,NN,NN,0,pastor,0,0,0,0,1,0,1,0,0,1,1
9,patient,2,0.0001646768217373,1.3219280948873624,0.0002176909172313,7,4.5472458847424745e-05,14.424647456915272,NN,NN,0,patient,0,1,0,0,0,0,1,0,0,0,1
9,pay,4,0.0003293536434746,0.0,0.0,3,0.0003031497256494,11.687681862749066,VB,VB,0,pay,0,1,0,0,1,0,1,0,0,1,1
9,peaceful,1,8.233841086867023e-05,2.321928094887362,0.0001911838694843,8,1.5157486282474914e-05,16.009609957636428,JJ,JJ,0,peac,0,1,0,0,1,0,1,0,1,1,1
9,penitentiary,1,8.233841086867023e-05,1.7369655941662063,0.0001430189867572,12,2.2736229423712372e-05,15.424647456915272,NNP,NN,0,penitentiari,1,0,0,0,0,1,0,0,0,0,-1
9,physician,5,0.0004116920543433,0.3219280948873623,0.000132535238735,9,0.000128838633401,12.922147116386087,NN,NN,0,physician,0,0,0,0,0,0,1,0,0,1,1
9,plea,1,8.233841086867023e-05,2.321928094887362,0.0001911838694843,4,1.5157486282474914e-05,16.009609957636428,NN,NN,0,plea,0,1,0,1,0,1,0,1,0,0,-1
9,pleasant,2,0.0001646768217373,1.3219280948873624,0.0002176909172313,8,3.7893715706187286e-05,14.687681862749066,NNP,NN,0,pleasant,0,1,0,0,1,0,1,0,1,1,1
9,pneumonia,1,8.233841086867023e-05,1.7369655941662063,0.0001430189867572,9,2.2736229423712372e-05,15.424647456915272,NN,NN,0,pneumonia,0,0,0,1,0,1,0,0,0,0,-1
9,police,26,0.0021407986825854,0.0,0.0,6,0.0011368114711856,9.780791267140549,NN,NN,0,polic,0,0,0,1,0,0,1,0,0,1,1
9,policeman,4,0.0003293536434746,0.7369655941662062,0.0002427223035541,9,8.336617455361203e-05,13.550178338999132,NN,NN,0,policeman,0,0,0,1,0,0,1,0,0,1,1
9,possessed,1,8.233841086867023e-05,3.321928094887362,0.000273522280353,9,7.578743141237457e-06,17.009609957636428,VBD,VB,0,possess,1,0,1,1,0,1,0,0,0,0,-1
9,pound,3,0.000247015232606,0.15200309344505,3.754707948416222e-05,5,0.0001136811471185,13.10271936202791,NN,NN,0,pound,1,0,0,0,0,1,0,0,0,0,-1
9,powerful,2,0.0001646768217373,0.5145731728297582,8.473827465290379e-05,8,8.336617455361203e-05,13.550178338999132,JJ,JJ,0,power,1,1,1,1,1,0,1,0,0,1,1
9,praised,1,8.233841086867023e-05,3.321928094887362,0.000273522280353,7,7.578743141237457e-06,17.009609957636428,VBD,VB,0,prais,0,0,0,0,1,0,1,0,0,0,1
9,prejudice,1,8.233841086867023e-05,0.7369655941662062,6.068057588853077e-05,9,6.0629945129899655e-05,14.009609957636428,NN,NN,0,prejudic,1,0,0,0,0,1,0,0,0,0,-1
9,prepared,1,8.233841086867023e-05,0.5145731728297582,4.2369137326451894e-05,8,6.820868827113711e-05,13.839684956194116,VBN,VB,0,prepar,0,1,0,0,0,0,1,0,0,1,1
9,president,15,0.00123507616303,0.0,0.0,9,0.0017961621244732,9.12086670873817,NNP,NN,0,presid,0,0,0,0,0,0,1,0,0,1,1
9,pretty,5,0.0004116920543433,0.3219280948873623,0.000132535238735,6,0.0001136811471185,13.10271936202791,RB,RB,0,pretti,0,1,0,0,1,0,1,0,0,1,1
9,priest,1,8.233841086867023e-05,1.7369655941662063,0.0001430189867572,6,2.2736229423712372e-05,15.424647456915272,NN,NN,0,priest,0,0,0,0,0,0,1,0,0,1,1
9,principal,1,8.233841086867023e-05,0.5145731728297582,4.2369137326451894e-05,9,8.336617455361203e-05,13.550178338999132,NN,NN,0,princip,0,0,0,0,0,0,1,0,0,1,1
9,prison,4,0.0003293536434746,0.3219280948873623,0.000106028190988,6,0.0002046260648134,12.25472245547296,NN,NN,0,prison,1,0,0,1,0,1,0,1,0,0,-1
9,probation,1,8.233841086867023e-05,3.321928094887362,0.000273522280353,9,7.578743141237457e-06,17.009609957636428,NN,NN,0,probat,0,1,0,1,0,0,0,1,0,0,0
9,problem,1,8.233841086867023e-05,0.15200309344505,1.2515693161387409e-05,7,0.0002273622942371,12.10271936202791,NN,NN,0,problem,0,0,0,1,0,1,0,1,0,0,-1
9,production,2,0.0001646768217373,0.5145731728297582,8.473827465290379e-05,10,0.0001212598902597,13.009609957636428,NNP,NN,0,product,0,1,0,0,0,0,1,0,0,0,1
9,professional,2,0.0001646768217373,0.0,0.0,12,0.0001439961196835,12.761682444192845,JJ,JJ,0,profession,0,0,0,0,0,0,1,0,0,1,1
9,progress,1,8.233841086867023e-05,0.5145731728297582,4.2369137326451894e-05,8,0.000128838633401,12.922147116386087,NNP,NN,0,progress,0,1,0,0,1,0,1,0,0,0,1
9,prohibited,1,8.233841086867023e-05,2.321928094887362,0.0001911838694843,10,1.5157486282474914e-05,16.009609957636428,VBD,VB,0,prohibit,1,0,1,1,0,1,0,0,0,0,-1
9,promise,1,8.233841086867023e-05,1.3219280948873624,0.0001088454586156,7,3.0314972564949827e-05,15.009609957636428,NN,NN,0,promis,0,0,0,0,1,0,1,0,0,1,1
9,prostitution,1,8.233841086867023e-05,2.321928094887362,0.0001911838694843,12,1.5157486282474914e-05,16.009609957636428,NN,NN,0,prostitut,0,0,1,0,0,1,0,1,0,0,-1
9,proud,2,0.0001646768217373,0.5145731728297582,8.473827465290379e-05,5,9.852366083608696e-05,13.309170239495336,JJ,JJ,0,proud,0,1,0,0,1,0,1,0,0,1,1
9,provide,1,8.233841086867023e-05,0.7369655941662062,6.068057588853077e-05,7,7.578743141237457e-05,13.687681862749066,VB,VB,0,provid,0,0,0,0,0,0,1,0,0,1,1
9,public,3,0.000247015232606,0.0,0.0,6,0.0005835632218752,10.742823416941526,JJ,JJ,0,public,0,1,0,0,0,0,1,0,0,0,1
9,rack,1,8.233841086867023e-05,2.321928094887362,0.0001911838694843,4,1.5157486282474914e-05,16.009609957636428,NN,NN,0,rack,0,0,0,0,0,1,0,1,0,0,-1
9,rags,1,8.233841086867023e-05,3.321928094887362,0.000273522280353,4,7.578743141237457e-06,17.009609957636428,NNS,NN,0,rag,0,0,1,0,0,1,0,0,0,0,-1
9,raid,3,0.000247015232606,1.3219280948873624,0.000326536375847,4,5.30512019886622e-05,14.202255035578824,NN,NN,0,raid,1,0,0,1,0,1,0,0,1,0,-1
9,rape,2,0.0001646768217373,1.7369655941662063,0.0002860379735144,4,6.820868827113711e-05,13.839684956194116,NNP,NN,0,rape,1,0,1,1,0,1,0,1,0,0,-1
9,real,8,0.0006587072869493,0.0,0.0,4,0.0003107284687907,11.652057953018344,JJ,JJ,0,real,0,0,0,0,0,0,1,0,0,1,1
9,rebel,1,8.233841086867023e-05,1.7369655941662063,0.0001430189867572,5,2.2736229423712372e-05,15.424647456915272,NNP,NN,0,rebel,1,0,0,1,0,1,0,0,0,0,-1
9,recreation,1,8.233841086867023e-05,0.5145731728297582,4.2369137326451894e-05,10,5.30512019886622e-05,14.202255035578824,NN,NN,0,recreat,0,1,0,0,1,0,1,0,0,0,1
9,refused,2,0.0001646768217373,0.0,0.0,7,0.0002500985236608,11.965215838277976,VBD,VB,0,refus,0,0,0,0,0,1,0,1,0,0,-1
9,regal,1,8.233841086867023e-05,1.7369655941662063,0.0001430189867572,5,2.2736229423712372e-05,15.424647456915272,NNP,NN,0,regal,0,0,0,0,0,0,1,0,0,1,1
9,resigned,2,0.0001646768217373,0.5145731728297582,8.473827465290379e-05,8,6.820868827113711e-05,13.839684956194116,VBD,VB,0,resign,0,0,0,0,0,1,0,1,0,0,-1
9,respectable,1,8.233841086867023e-05,2.321928094887362,0.0001911838694843,11,1.5157486282474914e-05,16.009609957636428,JJ,JJ,0,respect,0,0,0,0,0,0,1,0,0,1,1
9,reunion,1,8.233841086867023e-05,2.321928094887362,0.0001911838694843,7,1.5157486282474914e-05,16.009609957636428,NN,NN,0,reunion,0,1,0,0,0,0,1,0,0,1,1
9,revolution,3,0.000247015232606,1.3219280948873624,0.000326536375847,10,5.30512019886622e-05,14.202255035578824,NN,NN,0,revolut,1,1,0,1,0,1,1,1,1,0,0
9,revolver,1,8.233841086867023e-05,2.321928094887362,0.0001911838694843,8,1.5157486282474914e-05,16.009609957636428,NN,NN,0,revolv,1,0,0,1,0,1,0,1,0,0,-1
9,ridicule,1,8.233841086867023e-05,2.321928094887362,0.0001911838694843,8,1.5157486282474914e-05,16.009609957636428,NN,NN,0,ridicul,1,0,1,0,0,1,0,1,0,0,-1
9,riot,3,0.000247015232606,1.7369655941662063,0.0004290569602716,4,6.820868827113711e-05,13.839684956194116,NN,NN,0,riot,1,0,0,1,0,1,0,0,0,0,-1
9,rollicking,1,8.233841086867023e-05,3.321928094887362,0.000273522280353,10,7.578743141237457e-06,17.009609957636428,VBG,VB,0,rollick,0,0,0,0,1,0,1,0,0,0,1
9,romance,1,8.233841086867023e-05,0.7369655941662062,6.068057588853077e-05,7,6.820868827113711e-05,13.839684956194116,NN,NN,0,romanc,0,1,0,1,1,0,1,1,1,1,1
9,romantic,1,8.233841086867023e-05,1.3219280948873624,0.0001088454586156,8,3.0314972564949827e-05,15.009609957636428,JJ,JJ,0,romant,0,1,0,0,1,0,1,0,0,1,1
9,row,1,8.233841086867023e-05,1.7369655941662063,0.0001430189867572,3,3.0314972564949827e-05,15.009609957636428,NNP,NN,0,row,1,0,0,0,0,1,0,0,0,0,-1
9,safe,1,8.233841086867023e-05,1.3219280948873624,0.0001088454586156,4,3.7893715706187286e-05,14.687681862749066,JJ,JJ,0,safe,0,0,0,0,1,0,1,0,0,1,1
9,saturated,1,8.233841086867023e-05,3.321928094887362,0.000273522280353,9,7.578743141237457e-06,17.009609957636428,VBN,VB,0,satur,0,0,1,0,0,1,0,0,0,0,-1
9,save,1,8.233841086867023e-05,0.5145731728297582,4.2369137326451894e-05,4,8.336617455361203e-05,13.550178338999132,VB,VB,0,save,0,0,0,0,1,0,1,0,0,1,1
9,scandal,1,8.233841086867023e-05,2.321928094887362,0.0001911838694843,7,1.5157486282474914e-05,16.009609957636428,NN,NN,0,scandal,0,0,0,1,0,1,0,0,0,0,-1
9,scare,1,8.233841086867023e-05,1.7369655941662063,0.0001430189867572,5,2.2736229423712372e-05,15.424647456915272,VB,VB,0,scare,1,1,0,1,0,1,0,0,1,0,-1
9,scholarship,2,0.0001646768217373,1.3219280948873624,0.0002176909172313,11,0.0001061024039773,13.202255035578824,NN,NN,0,scholarship,0,0,0,0,1,0,1,0,0,0,1
9,seize,1,8.233841086867023e-05,3.321928094887362,0.000273522280353,5,7.578743141237457e-06,17.009609957636428,NNP,NN,0,seiz,0,0,0,1,0,1,0,0,0,0,-1
9,sentence,6,0.000494030465212,0.0,0.0,8,0.0001591536059659,12.617292534857668,NN,NN,0,sentenc,1,1,1,1,0,1,0,1,0,0,-1
9,sex,3,0.000247015232606,0.3219280948873623,7.952114324101169e-05,3,0.0001970473216721,12.309170239495336,NN,NN,0,sex,0,1,0,0,1,0,1,0,0,1,1
9,shabby,1,8.233841086867023e-05,3.321928094887362,0.000273522280353,6,7.578743141237457e-06,17.009609957636428,RB,RB,0,shabbi,0,0,1,0,0,1,0,0,0,0,-1
9,share,3,0.000247015232606,0.3219280948873623,7.952114324101169e-05,5,0.0001743110922484,12.486048001579416,NN,NN,0,share,0,1,0,0,1,0,1,0,0,1,1
9,shell,3,0.000247015232606,1.7369655941662063,0.0004290569602716,5,4.5472458847424745e-05,14.424647456915272,NN,NN,0,shell,1,0,0,1,0,1,0,1,1,0,-1
9,shot,6,0.000494030465212,0.7369655941662062,0.0003640834553311,4,0.0001818898353896,12.424647456915272,VBD,VB,0,shot,1,0,0,1,0,1,0,1,1,0,-1
9,sick,1,8.233841086867023e-05,2.321928094887362,0.0001911838694843,4,1.5157486282474914e-05,16.009609957636428,JJ,JJ,0,sick,0,0,1,0,0,1,0,1,0,0,-1
9,sing,1,8.233841086867023e-05,0.5145731728297582,4.2369137326451894e-05,4,0.0001212598902597,13.009609957636428,VBG,VB,0,sing,0,1,0,0,1,0,1,1,0,1,1
9,sir,1,8.233841086867023e-05,1.3219280948873624,0.0001088454586156,3,3.7893715706187286e-05,14.687681862749066,NNP,NN,0,sir,0,0,0,0,0,0,1,0,0,1,1
9,sloppy,1,8.233841086867023e-05,2.321928094887362,0.0001911838694843,6,1.5157486282474914e-05,16.009609957636428,JJ,JJ,0,sloppi,0,0,1,0,0,1,0,0,0,0,-1
9,soldier,1,8.233841086867023e-05,2.321928094887362,0.0001911838694843,7,1.5157486282474914e-05,16.009609957636428,NN,NN,0,soldier,1,0,0,0,0,0,1,1,0,0,1
9,spat,1,8.233841086867023e-05,3.321928094887362,0.000273522280353,4,7.578743141237457e-06,17.009609957636428,NNP,NN,0,spat,1,0,0,0,0,1,0,0,0,0,-1
9,special,5,0.0004116920543433,0.15200309344505,6.257846580693703e-05,7,0.0003562009276381,11.45502110595879,JJ,JJ,0,special,0,0,0,0,1,0,1,0,0,0,1
9,spouse,2,0.0001646768217373,2.321928094887362,0.0003823677389686,6,2.2736229423712372e-05,15.424647456915272,NN,NN,0,spous,0,0,0,0,1,0,1,0,0,1,1
9,stable,1,8.233841086867023e-05,2.321928094887362,0.0001911838694843,6,1.5157486282474914e-05,16.009609957636428,JJ,JJ,0,stabl,0,0,0,0,0,0,1,0,0,1,1
9,star,7,0.0005763688760806,0.15200309344505,8.760985212971185e-05,4,0.0005229332767453,10.90108550085826,NN,NN,0,star,0,1,0,0,1,0,1,0,0,1,1
9,starvation,1,8.233841086867023e-05,3.321928094887362,0.000273522280353,10,7.578743141237457e-06,17.009609957636428,NN,NN,0,starvat,0,0,0,1,0,1,0,1,0,0,-1
9,statement,1,8.233841086867023e-05,0.5145731728297582,4.2369137326451894e-05,9,7.578743141237457e-05,13.687681862749066,NN,NN,0,statement,0,0,0,0,0,0,1,0,0,1,1
9,stealing,2,0.0001646768217373,1.7369655941662063,0.0002860379735144,8,3.0314972564949827e-05,15.009609957636428,VBG,VB,0,steal,0,0,1,1,0,1,0,0,0,0,-1
9,stolen,1,8.233841086867023e-05,1.3219280948873624,0.0001088454586156,6,3.0314972564949827e-05,15.009609957636428,VBN,VB,0,stolen,1,0,0,0,0,1,0,0,0,0,-1
9,store,2,0.0001646768217373,0.15200309344505,2.5031386322774817e-05,5,0.0002273622942371,12.10271936202791,NN,NN,0,store,0,1,0,0,0,0,1,0,0,0,1
9,storm,1,8.233841086867023e-05,2.321928094887362,0.0001911838694843,5,1.5157486282474914e-05,16.009609957636428,NN,NN,0,storm,1,0,0,0,0,1,0,0,0,0,-1
9,strip,1,8.233841086867023e-05,2.321928094887362,0.0001911838694843,5,1.5157486282474914e-05,16.009609957636428,NN,NN,0,strip,0,0,0,0,0,1,0,1,0,0,-1
9,success,1,8.233841086867023e-05,0.3219280948873623,2.6507047747003897e-05,7,0.000128838633401,12.922147116386087,NN,NN,0,success,0,1,0,0,1,0,1,0,0,0,1
9,successful,1,8.233841086867023e-05,1.0,8.233841086867023e-05,10,9.094491769484948e-05,13.424647456915272,JJ,JJ,0,success,0,1,0,0,1,0,1,0,0,1,1
9,sue,3,0.000247015232606,2.321928094887362,0.000573551608453,3,3.0314972564949827e-05,15.009609957636428,NNP,NN,0,sue,1,0,0,0,0,1,0,1,0,0,-1
9,suffering,1,8.233841086867023e-05,0.7369655941662062,6.068057588853077e-05,9,5.30512019886622e-05,14.202255035578824,VBG,VB,0,suffer,0,0,1,1,0,1,0,1,0,0,-1
9,suicide,3,0.000247015232606,1.3219280948873624,0.000326536375847,7,0.000128838633401,12.922147116386087,NN,NN,0,suicid,1,0,0,1,0,1,0,1,0,0,-1
9,sun,1,8.233841086867023e-05,0.7369655941662062,6.068057588853077e-05,3,8.336617455361203e-05,13.550178338999132,NNP,NN,0,sun,0,1,0,0,1,0,1,0,1,1,1
9,supporting,1,8.233841086867023e-05,1.3219280948873624,0.0001088454586156,10,3.0314972564949827e-05,15.009609957636428,VBG,VB,0,support,0,0,0,0,0,0,1,0,0,1,1
9,supremacy,1,8.233841086867023e-05,2.321928094887362,0.0001911838694843,9,1.5157486282474914e-05,16.009609957636428,NN,NN,0,supremaci,1,1,0,1,1,1,1,0,1,1,0
9,surgery,3,0.000247015232606,0.7369655941662062,0.0001820417276655,7,7.578743141237457e-05,13.687681862749066,NN,NN,0,surgeri,0,0,0,1,0,0,0,1,0,0,0
9,surprise,4,0.0003293536434746,0.5145731728297582,0.0001694765493058,8,0.0001136811471185,13.10271936202791,NN,NN,0,surpris,0,0,0,1,1,0,1,0,1,0,1
9,suspect,1,8.233841086867023e-05,1.3219280948873624,0.0001088454586156,7,3.0314972564949827e-05,15.009609957636428,NN,NN,0,suspect,0,0,0,1,0,1,0,0,0,0,-1
9,swim,1,8.233841086867023e-05,1.7369655941662063,0.0001430189867572,4,3.7893715706187286e-05,14.687681862749066,NN,NN,0,swim,0,1,0,1,1,0,1,0,0,0,1
9,tax,3,0.000247015232606,0.5145731728297582,0.0001271074119793,3,0.0002046260648134,12.25472245547296,NN,NN,0,tax,0,0,0,0,0,1,0,1,0,0,-1
9,teacher,8,0.0006587072869493,0.15200309344505,0.000100125545291,7,0.0001894685785309,12.365753767861705,NN,NN,0,teacher,0,0,0,0,0,0,1,0,0,1,1
9,tender,1,8.233841086867023e-05,3.321928094887362,0.000273522280353,6,7.578743141237457e-06,17.009609957636428,NN,NN,0,tender,0,0,0,0,1,0,1,0,0,1,1
9,terrible,1,8.233841086867023e-05,1.7369655941662063,0.0001430189867572,8,2.2736229423712372e-05,15.424647456915272,JJ,JJ,0,terribl,1,0,1,1,0,1,0,1,0,0,-1
9,terror,1,8.233841086867023e-05,1.7369655941662063,0.0001430189867572,6,3.0314972564949827e-05,15.009609957636428,NN,NN,0,terror,0,0,0,1,0,1,0,0,0,0,-1
9,thief,1,8.233841086867023e-05,1.7369655941662063,0.0001430189867572,5,3.0314972564949827e-05,15.009609957636428,NN,NN,0,thief,1,0,1,1,0,1,0,1,1,0,-1
9,thoughtful,1,8.233841086867023e-05,3.321928094887362,0.000273522280353,10,7.578743141237457e-06,17.009609957636428,NNP,NN,0,thought,0,0,0,0,0,0,1,0,0,1,1
9,threatening,1,8.233841086867023e-05,1.0,8.233841086867023e-05,11,4.5472458847424745e-05,14.424647456915272,VBG,VB,0,threaten,1,0,1,1,0,1,0,0,0,0,-1
9,title,4,0.0003293536434746,0.0,0.0,5,0.000287992239367,11.761682444192845,NN,NN,0,titl,0,0,0,0,0,0,1,0,0,1,1
9,top,3,0.000247015232606,0.0,0.0,3,0.0005684057355928,10.780791267140549,JJ,JJ,0,top,0,1,0,0,0,0,1,0,0,1,1
9,tragedy,1,8.233841086867023e-05,1.7369655941662063,0.0001430189867572,7,2.2736229423712372e-05,15.424647456915272,NN,NN,0,tragedi,0,0,0,1,0,1,0,1,0,0,-1
9,trash,1,8.233841086867023e-05,2.321928094887362,0.0001911838694843,5,1.5157486282474914e-05,16.009609957636428,NN,NN,0,trash,0,0,1,0,0,1,0,1,0,0,-1
9,traumatic,1,8.233841086867023e-05,3.321928094887362,0.000273522280353,9,7.578743141237457e-06,17.009609957636428,JJ,JJ,0,traumat,1,0,0,1,0,1,0,1,0,0,-1
9,tree,1,8.233841086867023e-05,1.3219280948873624,0.0001088454586156,4,5.30512019886622e-05,14.202255035578824,NN,NN,0,tree,1,1,1,0,1,0,1,0,1,1,1
9,triumph,1,8.233841086867023e-05,3.321928094887362,0.000273522280353,7,7.578743141237457e-06,17.009609957636428,NN,NN,0,triumph,0,1,0,0,1,0,1,0,0,0,1
9,true,5,0.0004116920543433,0.3219280948873623,0.000132535238735,4,0.0001136811471185,13.10271936202791,JJ,JJ,0,true,0,0,0,0,1,0,1,0,0,1,1
9,truth,1,8.233841086867023e-05,1.0,8.233841086867023e-05,5,6.820868827113711e-05,13.839684956194116,NN,NN,0,truth,0,0,0,0,0,0,1,0,0,1,1
9,tumultuous,1,8.233841086867023e-05,2.321928094887362,0.0001911838694843,10,1.5157486282474914e-05,16.009609957636428,JJ,JJ,0,tumultu,1,0,0,1,0,1,0,0,0,0,-1
9,unable,2,0.0001646768217373,1.0,0.0001646768217373,6,6.0629945129899655e-05,14.009609957636428,JJ,JJ,0,unabl,0,0,0,0,0,1,0,1,0,0,-1
9,unexpected,1,8.233841086867023e-05,2.321928094887362,0.0001911838694843,10,1.5157486282474914e-05,16.009609957636428,JJ,JJ,0,unexpect,0,1,0,1,1,1,1,0,1,0,0
9,unhappiness,1,8.233841086867023e-05,3.321928094887362,0.000273522280353,11,7.578743141237457e-06,17.009609957636428,JJ,JJ,0,unhappi,0,0,0,0,0,1,0,1,0,0,-1
9,united,4,0.0003293536434746,0.0,0.0,6,0.0003334646982144,11.550178338999132,NNP,NN,0,unit,0,0,0,0,0,0,1,0,0,1,1
9,university,14,0.0011527377521613,0.0,0.0,10,0.0010761815260557,9.859862838131749,NNP,NN,0,univers,0,1,0,0,0,0,1,0,0,0,1
9,unknown,2,0.0001646768217373,1.3219280948873624,0.0002176909172313,7,4.5472458847424745e-05,14.424647456915272,JJ,JJ,0,unknown,0,1,0,1,0,1,0,0,0,0,-1
9,unsatisfactory,1,8.233841086867023e-05,3.321928094887362,0.000273522280353,14,7.578743141237457e-06,17.009609957636428,JJ,JJ,0,unsatisfactori,0,0,1,0,0,1,0,0,0,0,-1
9,unsuccessful,1,8.233841086867023e-05,2.321928094887362,0.0001911838694843,12,3.0314972564949827e-05,15.009609957636428,JJ,JJ,0,unsuccess,0,0,0,0,0,1,0,1,0,0,-1
9,upset,1,8.233841086867023e-05,0.7369655941662062,6.068057588853077e-05,5,6.0629945129899655e-05,14.009609957636428,JJ,JJ,0,upset,1,0,0,0,0,1,0,1,0,0,-1
9,veteran,3,0.000247015232606,0.15200309344505,3.754707948416222e-05,7,0.0001136811471185,13.10271936202791,NN,NN,0,veteran,0,0,0,0,0,0,1,0,0,1,1
9,veto,1,8.233841086867023e-05,3.321928094887362,0.000273522280353,4,7.578743141237457e-06,17.009609957636428,NN,NN,0,veto,1,0,0,0,0,1,0,0,0,0,-1
9,victim,4,0.0003293536434746,0.7369655941662062,0.0002427223035541,6,9.094491769484948e-05,13.424647456915272,NN,NN,0,victim,1,0,0,1,0,1,0,1,0,0,-1
9,violence,2,0.0001646768217373,1.0,0.0001646768217373,8,9.094491769484948e-05,13.424647456915272,NN,NN,0,violenc,1,0,0,1,0,1,0,1,0,0,-1
9,virtue,1,8.233841086867023e-05,2.321928094887362,0.0001911838694843,6,1.5157486282474914e-05,16.009609957636428,NN,NN,0,virtu,0,0,0,0,0,0,1,0,0,1,1
9,war,7,0.0005763688760806,0.15200309344505,8.760985212971185e-05,3,0.0001591536059659,12.617292534857668,NNP,NN,0,war,0,0,0,1,0,1,0,0,0,0,-1
9,warned,2,0.0001646768217373,0.5145731728297582,8.473827465290379e-05,6,8.336617455361203e-05,13.550178338999132,VBD,VB,0,warn,0,1,0,1,0,0,0,0,1,0,0
9,wear,1,8.233841086867023e-05,0.3219280948873623,2.6507047747003897e-05,4,0.0001136811471185,13.10271936202791,VB,VB,0,wear,0,0,0,0,0,1,0,0,0,1,-1
9,whip,1,8.233841086867023e-05,2.321928094887362,0.0001911838694843,4,1.5157486282474914e-05,16.009609957636428,NN,NN,0,whip,1,0,0,0,0,1,0,0,0,0,-1
9,white,45,0.0037052284890901,0.0,0.0,5,0.0022054142541001,8.824734614728145,JJ,JJ,0,white,0,1,0,0,1,0,1,0,0,1,1
9,wickedness,1,8.233841086867023e-05,3.321928094887362,0.000273522280353,10,7.578743141237457e-06,17.009609957636428,NN,NN,0,wicked,0,0,1,0,0,1,0,0,0,0,-1
9,winner,2,0.0001646768217373,0.5145731728297582,8.473827465290379e-05,6,0.0001136811471185,13.10271936202791,NN,NN,0,winner,0,1,0,0,1,0,1,0,1,0,1
9,winning,4,0.0003293536434746,1.0,0.0003293536434746,7,6.820868827113711e-05,13.839684956194116,VBG,NN,0,win,0,1,1,0,1,0,1,1,1,1,1
9,wonderful,1,8.233841086867023e-05,0.7369655941662062,6.068057588853077e-05,9,6.820868827113711e-05,13.839684956194116,JJ,JJ,0,wonder,0,0,0,0,1,0,1,0,1,1,1
9,words,3,0.000247015232606,0.0,0.0,5,0.0001970473216721,12.309170239495336,NNS,NN,0,word,1,0,0,0,0,1,0,0,0,0,-1
9,worn,1,8.233841086867023e-05,1.0,8.233841086867023e-05,4,3.7893715706187286e-05,14.687681862749066,VBN,VB,0,worn,0,0,0,0,0,1,0,1,0,0,-1
9,young,16,0.0013174145738987,0.0,0.0,5,0.0006441931670051,10.600219021498727,JJ,JJ,0,young,0,1,0,0,1,0,1,0,1,0,1
