term_str,n,n_chars,p,i,max_pos,max_pos_group,stop,stem_porter,nrc_anger,nrc_anticipation,nrc_disgust,nrc_fear,nrc_joy,nrc_negative,nrc_positive,nrc_sadness,nrc_surprise,nrc_trust,nrc_sentiment
abandoned,2,9,1.5157486282474914e-05,16.009609957636428,VBN,VB,0,abandon,1,0,0,1,0,1,0,1,0,0,-1
abandonment,1,11,7.578743141237457e-06,17.009609957636428,NN,NN,0,abandon,1,0,0,1,0,1,0,1,1,0,-1
abortion,5,8,3.7893715706187286e-05,14.687681862749066,NN,NN,0,abort,0,0,1,1,0,1,0,1,0,0,-1
absence,6,7,4.5472458847424745e-05,14.424647456915272,NN,NN,0,absenc,0,0,0,1,0,1,0,1,0,0,-1
absentee,1,8,7.578743141237457e-06,17.009609957636428,NN,NN,0,absente,0,0,0,0,0,1,0,1,0,0,-1
abuse,3,5,2.2736229423712372e-05,15.424647456915272,NN,NN,0,abus,1,0,1,1,0,1,0,1,0,0,-1
academic,3,8,2.2736229423712372e-05,15.424647456915272,JJ,JJ,0,academ,0,0,0,0,0,0,1,0,0,1,1
accident,13,8,9.852366083608696e-05,13.309170239495336,NN,NN,0,accid,0,0,0,1,0,1,0,1,1,0,-1
accidental,2,10,1.5157486282474914e-05,16.009609957636428,JJ,JJ,0,accident,0,0,0,1,0,1,0,0,1,0,-1
accolade,1,8,7.578743141237457e-06,17.009609957636428,NN,NN,0,accolad,0,1,0,0,1,0,1,0,1,1,1
accomplished,3,12,2.2736229423712372e-05,15.424647456915272,VBN,VB,0,accomplish,0,0,0,0,1,0,1,0,0,0,1
accredited,1,10,7.578743141237457e-06,17.009609957636428,JJ,JJ,0,accredit,0,0,0,0,0,0,1,0,0,1,1
accurate,24,8,0.0001818898353896,12.424647456915272,JJ,JJ,0,accur,0,0,0,0,0,0,1,0,0,1,1
accused,24,7,0.0001818898353896,12.424647456915272,VBN,VB,0,accus,1,0,0,1,0,1,0,0,0,0,-1
accusing,3,8,2.2736229423712372e-05,15.424647456915272,VBG,VB,0,accus,1,0,0,1,0,1,0,0,0,0,-1
achieve,5,7,3.7893715706187286e-05,14.687681862749066,VB,VB,0,achiev,0,0,0,0,1,0,1,0,0,1,1
achievement,12,11,9.094491769484948e-05,13.424647456915272,NN,NN,0,achiev,0,1,0,0,1,0,1,0,0,1,1
aching,1,6,7.578743141237457e-06,17.009609957636428,VBG,VB,0,ach,0,0,0,0,0,1,0,1,0,0,-1
addresses,5,9,3.7893715706187286e-05,14.687681862749066,NNS,NN,0,address,0,1,0,0,0,0,1,0,0,0,1
admirable,1,9,7.578743141237457e-06,17.009609957636428,JJ,JJ,0,admir,0,0,0,0,1,0,1,0,0,1,1
admiral,3,7,2.2736229423712372e-05,15.424647456915272,JJ,NN,0,admir,0,0,0,0,0,0,1,0,0,1,1
admire,3,6,2.2736229423712372e-05,15.424647456915272,JJ,JJ,0,admir,0,0,0,0,0,0,1,0,0,1,1
adultery,1,8,7.578743141237457e-06,17.009609957636428,NN,NN,0,adulteri,0,0,1,0,0,1,0,1,0,0,-1
advance,6,7,4.5472458847424745e-05,14.424647456915272,NN,NN,0,advanc,0,1,0,1,1,0,1,0,1,0,1
adventure,1,9,7.578743141237457e-06,17.009609957636428,NN,NN,0,adventur,0,1,0,0,0,0,1,0,0,0,1
advise,2,6,1.5157486282474914e-05,16.009609957636428,VB,VB,0,advis,0,0,0,0,0,0,1,0,0,1,1
affection,4,9,3.0314972564949827e-05,15.009609957636428,NN,NN,0,affect,0,0,0,0,1,0,1,0,0,1,1
afraid,8,6,6.0629945129899655e-05,14.009609957636428,JJ,JJ,0,afraid,0,0,0,1,0,1,0,0,0,0,-1
aggravated,1,10,7.578743141237457e-06,17.009609957636428,JJ,JJ,0,aggrav,1,0,0,0,0,1,0,0,0,0,-1
aggressive,3,10,2.2736229423712372e-05,15.424647456915272,JJ,JJ,0,aggress,1,0,0,1,0,1,0,0,0,0,-1
agitation,1,9,7.578743141237457e-06,17.009609957636428,NN,NN,0,agit,1,0,0,0,0,1,0,0,0,0,-1
agony,1,5,7.578743141237457e-06,17.009609957636428,NNP,NN,0,agoni,1,0,0,1,0,1,0,1,0,0,-1
agreed,12,6,9.094491769484948e-05,13.424647456915272,VBD,VB,0,agre,0,0,0,0,0,0,1,0,0,1,1
agreement,10,9,7.578743141237457e-05,13.687681862749066,NN,NN,0,agreement,0,0,0,0,0,0,1,0,0,1,1
ailing,2,6,1.5157486282474914e-05,16.009609957636428,VBG,VB,0,ail,0,0,0,1,0,1,0,1,0,0,-1
alarm,5,5,3.7893715706187286e-05,14.687681862749066,NN,NN,0,alarm,0,0,0,1,0,1,0,0,1,0,-1
alarming,1,8,7.578743141237457e-06,17.009609957636428,VBG,VB,0,alarm,0,0,0,1,0,1,0,0,1,0,-1
alcoholism,2,10,1.5157486282474914e-05,16.009609957636428,NN,NN,0,alcohol,1,0,1,1,0,1,0,1,0,0,-1
alienation,2,10,1.5157486282474914e-05,16.009609957636428,NN,NN,0,alien,1,0,1,1,0,1,0,1,0,0,-1
alive,8,5,6.0629945129899655e-05,14.009609957636428,JJ,JJ,0,aliv,0,1,0,0,1,0,1,0,0,1,1
allegiance,1,10,7.578743141237457e-06,17.009609957636428,NN,NN,0,allegi,0,0,0,0,0,0,1,0,0,1,1
allied,1,6,7.578743141237457e-06,17.009609957636428,NNP,NN,0,alli,0,0,0,0,0,0,1,0,0,1,1
aloha,1,5,7.578743141237457e-06,17.009609957636428,NNP,NN,0,aloha,0,1,0,0,1,0,1,0,0,0,1
amazingly,1,9,7.578743141237457e-06,17.009609957636428,RB,RB,0,amazingli,0,0,0,0,1,0,1,0,1,0,1
ambassador,14,10,0.0001061024039773,13.202255035578824,NN,NN,0,ambassador,0,0,0,0,0,0,1,0,0,1,1
ambulance,2,9,1.5157486282474914e-05,16.009609957636428,NN,NN,0,ambul,0,0,0,1,0,0,0,0,0,1,0
amicable,1,8,7.578743141237457e-06,17.009609957636428,JJ,JJ,0,amic,0,0,0,0,1,0,1,0,0,0,1
amnesty,1,7,7.578743141237457e-06,17.009609957636428,NN,NN,0,amnesti,0,0,0,0,1,0,1,0,0,0,1
amused,2,6,1.5157486282474914e-05,16.009609957636428,VBN,VB,0,amus,0,0,0,0,1,0,1,0,0,0,1
amusing,1,7,7.578743141237457e-06,17.009609957636428,VBG,VB,0,amus,0,0,0,0,1,0,1,0,0,0,1
analyst,1,7,7.578743141237457e-06,17.009609957636428,NN,NN,0,analyst,0,1,0,0,0,0,1,0,0,1,1
angel,3,5,2.2736229423712372e-05,15.424647456915272,NN,NN,0,angel,0,1,0,0,1,0,1,0,1,1,1
anger,2,5,1.5157486282474914e-05,16.009609957636428,NN,NN,0,anger,1,0,0,0,0,1,0,0,0,0,-1
angling,1,7,7.578743141237457e-06,17.009609957636428,VBG,VB,0,angl,0,1,0,0,0,1,0,0,0,0,-1
angry,4,5,3.0314972564949827e-05,15.009609957636428,JJ,JJ,0,angri,1,0,1,0,0,1,0,0,0,0,-1
anguish,1,7,7.578743141237457e-06,17.009609957636428,NN,NN,0,anguish,1,0,0,1,0,1,0,1,0,0,-1
animosity,1,9,7.578743141237457e-06,17.009609957636428,NN,NN,0,animos,1,0,1,1,0,1,0,1,0,0,-1
annulment,1,9,7.578743141237457e-06,17.009609957636428,NNP,NN,0,annul,0,0,0,0,0,1,0,1,0,0,-1
antiseptic,3,10,2.2736229423712372e-05,15.424647456915272,JJ,JJ,0,antisept,0,0,0,0,0,0,1,0,0,1,1
antisocial,1,10,7.578743141237457e-06,17.009609957636428,JJ,JJ,0,antisoci,1,0,1,1,0,1,0,1,0,0,-1
anxious,3,7,2.2736229423712372e-05,15.424647456915272,JJ,JJ,0,anxiou,0,1,0,1,0,1,0,0,0,0,-1
apologize,2,9,1.5157486282474914e-05,16.009609957636428,NNP,NN,0,apolog,0,0,0,0,0,0,1,1,0,1,1
apostle,1,7,7.578743141237457e-06,17.009609957636428,NN,NN,0,apostl,0,0,0,0,0,0,1,0,0,1,1
appendicitis,1,12,7.578743141237457e-06,17.009609957636428,NN,NN,0,append,0,0,0,1,0,1,0,1,0,0,-1
applause,2,8,1.5157486282474914e-05,16.009609957636428,NN,NN,0,applaus,0,0,0,0,1,0,1,0,1,1,1
appreciation,7,12,5.30512019886622e-05,14.202255035578824,NN,NN,0,appreci,0,0,0,0,1,0,1,0,0,1,1
apprehensive,1,12,7.578743141237457e-06,17.009609957636428,JJ,JJ,0,apprehens,0,1,0,1,0,1,0,0,0,0,-1
approve,4,7,3.0314972564949827e-05,15.009609957636428,VB,NN,0,approv,0,0,0,0,1,0,1,0,0,1,1
ardent,2,6,1.5157486282474914e-05,16.009609957636428,JJ,JJ,0,ardent,0,1,0,0,1,0,1,0,0,0,1
argue,2,5,1.5157486282474914e-05,16.009609957636428,NNP,NN,0,argu,1,0,0,0,0,1,0,0,0,0,-1
argument,7,8,5.30512019886622e-05,14.202255035578824,NN,NN,0,argument,1,0,0,0,0,1,0,0,0,0,-1
arid,1,4,7.578743141237457e-06,17.009609957636428,NN,NN,0,arid,0,0,0,0,0,1,0,1,0,0,-1
armed,10,5,7.578743141237457e-05,13.687681862749066,VBN,VB,0,arm,1,0,0,1,0,1,1,0,0,0,0
arouse,1,6,7.578743141237457e-06,17.009609957636428,VB,VB,0,arous,0,1,0,0,0,0,1,0,0,0,1
arsenic,1,7,7.578743141237457e-06,17.009609957636428,VB,VB,0,arsen,0,0,1,1,0,1,0,1,0,0,-1
art,37,3,0.0002804134962257,11.80015659200748,NNP,NN,0,art,0,1,0,0,1,0,1,1,1,0,1
aspire,1,6,7.578743141237457e-06,17.009609957636428,VB,VB,0,aspir,0,1,0,0,1,0,1,0,0,0,1
aspiring,1,8,7.578743141237457e-06,17.009609957636428,NNP,NN,0,aspir,0,1,0,0,1,0,1,0,0,1,1
assailant,1,9,7.578743141237457e-06,17.009609957636428,NN,NN,0,assail,1,0,0,1,0,1,0,1,0,0,-1
assassination,1,13,7.578743141237457e-06,17.009609957636428,NN,NN,0,assassin,1,0,0,1,0,1,0,1,0,0,-1
assault,6,7,4.5472458847424745e-05,14.424647456915272,NN,NN,0,assault,1,0,0,1,0,1,0,0,0,0,-1
assembly,4,8,3.0314972564949827e-05,15.009609957636428,NNP,NN,0,assembl,0,0,0,0,0,0,1,0,0,1,1
assist,5,6,3.7893715706187286e-05,14.687681862749066,VB,VB,0,assist,0,0,0,0,0,0,1,0,0,1,1
associate,25,9,0.0001894685785309,12.365753767861705,NNP,NN,0,associ,0,0,0,0,0,0,1,0,0,1,1
assurance,1,9,7.578743141237457e-06,17.009609957636428,NNP,NN,0,assur,0,0,0,0,0,0,1,0,0,1,1
assured,2,7,1.5157486282474914e-05,16.009609957636428,VBD,VB,0,assur,0,0,0,0,0,0,1,0,0,1,1
astonishment,1,12,7.578743141237457e-06,17.009609957636428,NN,NN,0,astonish,0,0,0,0,1,0,1,0,1,0,1
asylum,4,6,3.0314972564949827e-05,15.009609957636428,NNP,NN,0,asylum,0,0,0,1,0,1,0,0,0,0,-1
attack,27,6,0.0002046260648134,12.25472245547296,NN,NN,0,attack,1,0,0,1,0,1,0,0,0,0,-1
attacking,2,9,1.5157486282474914e-05,16.009609957636428,VBG,VB,0,attack,1,0,1,1,0,1,0,1,1,0,-1
attendant,3,9,2.2736229423712372e-05,15.424647456915272,NN,NN,0,attend,0,0,0,0,0,0,1,0,0,1,1
attentive,2,9,1.5157486282474914e-05,16.009609957636428,JJ,JJ,0,attent,0,0,0,0,0,0,1,0,0,1,1
attorney,33,8,0.0002500985236608,11.965215838277976,NN,NN,0,attorney,1,0,0,1,0,0,1,0,0,1,1
auditor,4,7,3.0314972564949827e-05,15.009609957636428,NN,NN,0,auditor,0,0,0,1,0,0,0,0,0,1,0
aunt,3,4,2.2736229423712372e-05,15.424647456915272,NN,NN,0,aunt,0,0,0,0,0,0,1,0,0,1,1
austere,1,7,7.578743141237457e-06,17.009609957636428,JJ,JJ,0,auster,0,0,0,1,0,1,0,1,0,0,-1
authentic,1,9,7.578743141237457e-06,17.009609957636428,NNP,NN,0,authent,0,0,0,0,1,0,1,0,0,1,1
author,14,6,0.0001061024039773,13.202255035578824,NN,NN,0,author,0,0,0,0,0,0,1,0,0,1,1
authoritative,1,13,7.578743141237457e-06,17.009609957636428,JJ,JJ,0,authorit,0,0,0,0,0,0,1,0,0,1,1
authority,6,9,4.5472458847424745e-05,14.424647456915272,NNP,NN,0,author,0,0,0,0,0,0,1,0,0,1,1
autopsy,4,7,3.0314972564949827e-05,15.009609957636428,NN,NN,0,autopsi,0,0,1,1,0,1,0,1,0,0,-1
avalanche,1,9,7.578743141237457e-06,17.009609957636428,NN,NN,0,avalanch,0,0,0,1,0,1,0,1,1,0,-1
aversion,1,8,7.578743141237457e-06,17.009609957636428,NN,NN,0,avers,1,0,1,1,0,1,0,0,0,0,-1
avoid,2,5,1.5157486282474914e-05,16.009609957636428,VB,VB,0,avoid,0,0,0,1,0,1,0,0,0,0,-1
award,30,5,0.0002273622942371,12.10271936202791,NN,NN,0,award,0,1,0,0,1,0,1,0,1,1,1
awful,2,5,1.5157486282474914e-05,16.009609957636428,JJ,JJ,0,aw,1,0,1,1,0,1,0,1,0,0,-1
baby,48,4,0.0003637796707793,11.424647456915272,NN,NN,0,babi,0,0,0,0,1,0,1,0,0,0,1
backwards,1,9,7.578743141237457e-06,17.009609957636428,NNS,NN,0,backward,0,0,1,0,0,1,0,0,0,0,-1
bad,23,3,0.0001743110922484,12.486048001579416,JJ,JJ,0,bad,1,0,1,1,0,1,0,1,0,0,-1
badly,4,5,3.0314972564949827e-05,15.009609957636428,RB,RB,0,badli,0,0,0,0,0,1,0,1,0,0,-1
ballot,1,6,7.578743141237457e-06,17.009609957636428,NN,NN,0,ballot,0,1,0,0,0,0,1,0,0,1,1
banish,2,6,1.5157486282474914e-05,16.009609957636428,VB,VB,0,banish,1,0,1,1,0,1,0,1,0,0,-1
bankrupt,1,8,7.578743141237457e-06,17.009609957636428,NNP,NN,0,bankrupt,0,0,0,1,0,1,0,1,0,0,-1
bankruptcy,2,10,1.5157486282474914e-05,16.009609957636428,NN,NN,0,bankruptci,1,0,1,1,0,1,0,1,0,0,-1
banquet,7,7,5.30512019886622e-05,14.202255035578824,NN,NN,0,banquet,0,1,0,0,1,0,1,0,0,0,1
baptismal,1,9,7.578743141237457e-06,17.009609957636428,JJ,JJ,0,baptism,0,0,0,0,1,0,1,0,0,0,1
bargain,1,7,7.578743141237457e-06,17.009609957636428,VBN,VB,0,bargain,0,0,0,0,0,0,1,0,0,1,1
barren,1,6,7.578743141237457e-06,17.009609957636428,JJ,JJ,0,barren,0,0,0,0,0,1,0,1,0,0,-1
basketball,10,10,7.578743141237457e-05,13.687681862749066,NN,NN,0,basketbal,0,1,0,0,1,0,1,0,0,0,1
bastard,1,7,7.578743141237457e-06,17.009609957636428,RB,RB,0,bastard,0,0,1,0,0,1,0,1,0,0,-1
batter,1,6,7.578743141237457e-06,17.009609957636428,NN,NN,0,batter,1,0,0,1,0,1,0,0,0,0,-1
battered,3,8,2.2736229423712372e-05,15.424647456915272,VBN,VB,0,batter,0,0,0,1,0,1,0,1,0,0,-1
battle,23,6,0.0001743110922484,12.486048001579416,NN,NN,0,battl,1,0,0,0,0,1,0,0,0,0,-1
battled,1,7,7.578743141237457e-06,17.009609957636428,VBD,VB,0,battl,1,0,0,1,0,1,0,1,0,0,-1
battlefield,2,11,1.5157486282474914e-05,16.009609957636428,NN,NN,0,battlefield,0,0,0,1,0,1,0,0,0,0,-1
bayonet,1,7,7.578743141237457e-06,17.009609957636428,NN,NN,0,bayonet,1,0,0,1,0,1,0,0,0,0,-1
beam,1,4,7.578743141237457e-06,17.009609957636428,VBP,VB,0,beam,0,0,0,0,1,0,1,0,0,0,1
beaming,1,7,7.578743141237457e-06,17.009609957636428,VBG,VB,0,beam,0,1,0,0,1,0,1,0,0,0,1
bear,3,4,2.2736229423712372e-05,15.424647456915272,NNP,VB,0,bear,1,0,0,1,0,0,0,0,0,0,0
beating,13,7,9.852366083608696e-05,13.309170239495336,NN,NN,0,beat,1,0,0,1,0,1,0,1,0,0,-1
beautiful,21,9,0.0001591536059659,12.617292534857668,JJ,JJ,0,beauti,0,0,0,0,1,0,1,0,0,0,1
beauty,21,6,0.0001591536059659,12.617292534857668,NN,NN,0,beauti,0,0,0,0,1,0,1,0,0,0,1
bee,4,3,3.0314972564949827e-05,15.009609957636428,NNP,NN,0,bee,1,0,0,1,0,0,0,0,0,0,0
beer,6,4,4.5472458847424745e-05,14.424647456915272,NN,NN,0,beer,0,0,0,0,1,0,1,0,0,0,1
beg,1,3,7.578743141237457e-06,17.009609957636428,VB,VB,0,beg,0,0,0,0,0,1,0,1,0,0,-1
believing,1,9,7.578743141237457e-06,17.009609957636428,VBG,VB,0,believ,0,0,0,0,0,0,1,0,0,1,1
belt,2,4,1.5157486282474914e-05,16.009609957636428,NN,NN,0,belt,1,0,0,1,0,1,0,0,0,0,-1
benign,1,6,7.578743141237457e-06,17.009609957636428,JJ,JJ,0,benign,0,0,0,0,1,0,1,0,0,0,1
bias,22,4,0.0001667323491072,12.550178338999132,NNP,NN,0,bia,1,0,0,0,0,1,0,0,0,0,-1
bier,1,4,7.578743141237457e-06,17.009609957636428,NN,NN,0,bier,0,0,0,1,0,1,0,1,0,0,-1
bigot,1,5,7.578743141237457e-06,17.009609957636428,NNP,NN,0,bigot,1,0,1,1,0,1,0,0,0,0,-1
birth,29,5,0.0002197835510958,12.151628962508855,NN,NN,0,birth,0,1,0,1,1,0,1,0,0,1,1
birthday,19,8,0.0001439961196835,12.761682444192845,NN,NN,0,birthday,0,1,0,0,1,0,1,0,1,0,1
birthplace,2,10,1.5157486282474914e-05,16.009609957636428,NN,NN,0,birthplac,1,0,0,0,0,1,0,0,0,0,-1
bitterly,2,8,1.5157486282474914e-05,16.009609957636428,RB,RB,0,bitterli,1,0,1,0,0,1,0,1,0,0,-1
bitterness,1,10,7.578743141237457e-06,17.009609957636428,NN,NN,0,bitter,1,0,1,0,0,1,0,1,0,0,-1
bizarre,1,7,7.578743141237457e-06,17.009609957636428,JJ,JJ,0,bizarr,0,0,0,0,0,1,0,0,1,0,-1
black,364,5,0.0027586625034104,8.501815317437732,NNP,NN,0,black,0,0,0,0,0,1,0,1,0,0,-1
blackmail,1,9,7.578743141237457e-06,17.009609957636428,NNP,NN,0,blackmail,1,0,0,1,0,1,0,0,0,0,-1
blackness,1,9,7.578743141237457e-06,17.009609957636428,NN,NN,0,black,0,0,0,1,0,1,0,1,0,0,-1
blame,3,5,2.2736229423712372e-05,15.424647456915272,NN,VB,0,blame,1,0,1,0,0,1,0,0,0,0,-1
blast,4,5,3.0314972564949827e-05,15.009609957636428,NN,NN,0,blast,1,0,0,1,0,1,0,0,1,0,-1
blaze,4,5,3.0314972564949827e-05,15.009609957636428,NN,NN,0,blaze,1,0,0,0,0,1,0,0,0,0,-1
bleak,2,5,1.5157486282474914e-05,16.009609957636428,JJ,JJ,0,bleak,0,0,0,0,0,1,0,1,0,0,-1
bless,2,5,1.5157486282474914e-05,16.009609957636428,NN,NN,0,bless,0,1,0,0,1,0,1,0,0,1,1
blessed,1,7,7.578743141237457e-06,17.009609957636428,VBN,VB,0,bless,0,0,0,0,1,0,1,0,0,0,1
blessing,5,8,3.7893715706187286e-05,14.687681862749066,VBG,VB,0,bless,0,1,0,0,1,0,1,0,0,1,1
blessings,2,9,1.5157486282474914e-05,16.009609957636428,NNS,NN,0,bless,0,1,0,0,1,0,1,0,1,1,1
blindness,1,9,7.578743141237457e-06,17.009609957636428,NN,NN,0,blind,0,0,0,0,0,1,0,1,0,0,-1
bliss,2,5,1.5157486282474914e-05,16.009609957636428,NN,NN,0,bliss,0,0,0,0,1,0,1,0,0,0,1
bloated,1,7,7.578743141237457e-06,17.009609957636428,VBN,VB,0,bloat,0,0,1,0,0,1,0,0,0,0,-1
bloody,1,6,7.578743141237457e-06,17.009609957636428,NNP,NN,0,bloodi,1,0,1,1,0,1,0,1,0,0,-1
blossom,1,7,7.578743141237457e-06,17.009609957636428,NNP,NN,0,blossom,0,0,0,0,1,0,1,0,0,0,1
blues,19,5,0.0001439961196835,12.761682444192845,NNS,NN,0,blue,0,0,0,1,0,1,0,1,0,0,-1
blunder,1,7,7.578743141237457e-06,17.009609957636428,NN,NN,0,blunder,0,0,1,0,0,1,0,1,0,0,-1
boast,2,5,1.5157486282474914e-05,16.009609957636428,VB,VB,0,boast,0,0,0,0,0,1,1,0,0,0,0
bomb,2,4,1.5157486282474914e-05,16.009609957636428,NN,NN,0,bomb,1,0,0,1,0,1,0,1,1,0,-1
bombed,3,6,2.2736229423712372e-05,15.424647456915272,VBN,VB,0,bomb,0,0,1,0,0,1,0,0,0,0,-1
bomber,1,6,7.578743141237457e-06,17.009609957636428,NNP,NN,0,bomber,0,0,0,1,0,0,0,1,0,0,0
bonus,3,5,2.2736229423712372e-05,15.424647456915272,IN,NN,0,bonu,0,1,0,0,1,0,1,0,1,0,1
bothering,1,9,7.578743141237457e-06,17.009609957636428,VBG,VB,0,bother,1,0,0,0,0,1,0,1,0,0,-1
bottom,2,6,1.5157486282474914e-05,16.009609957636428,NN,NN,0,bottom,0,0,0,0,0,1,0,1,0,0,-1
bouquet,5,7,3.7893715706187286e-05,14.687681862749066,NN,NN,0,bouquet,0,0,0,0,1,0,1,0,0,1,1
bout,16,4,0.0001212598902597,13.009609957636428,NN,NN,0,bout,1,0,0,0,0,1,0,0,0,0,-1
boy,40,3,0.0003031497256494,11.687681862749066,NN,NN,0,boy,0,0,1,0,0,1,0,0,0,0,-1
brawl,1,5,7.578743141237457e-06,17.009609957636428,NN,NN,0,brawl,1,0,1,1,0,1,0,0,0,0,-1
bribery,1,7,7.578743141237457e-06,17.009609957636428,NN,NN,0,briberi,0,0,1,0,0,1,0,0,0,0,-1
bride,28,5,0.0002122048079546,12.202255035578824,NN,NN,0,bride,0,1,0,0,1,0,1,0,0,1,1
bridegroom,1,10,7.578743141237457e-06,17.009609957636428,NN,NN,0,bridegroom,0,1,0,0,1,0,1,0,0,1,1
bridesmaid,1,10,7.578743141237457e-06,17.009609957636428,VBD,VB,0,bridesmaid,0,0,0,0,1,0,1,0,0,1,1
brilliant,10,9,7.578743141237457e-05,13.687681862749066,JJ,JJ,0,brilliant,0,1,0,0,1,0,1,0,0,1,1
broke,14,5,0.0001061024039773,13.202255035578824,VBD,VB,0,broke,0,0,0,1,0,1,0,1,0,0,-1
broken,10,6,7.578743141237457e-05,13.687681862749066,JJ,JJ,0,broken,1,0,0,1,0,1,0,1,0,0,-1
brother,28,7,0.0002122048079546,12.202255035578824,NN,NN,0,brother,0,0,0,0,0,0,1,0,0,1,1
brotherhood,4,11,3.0314972564949827e-05,15.009609957636428,NNP,NN,0,brotherhood,0,0,0,0,0,0,1,0,0,1,1
bruise,1,6,7.578743141237457e-06,17.009609957636428,NN,NN,0,bruis,0,1,0,0,0,1,0,0,0,0,-1
brutal,2,6,1.5157486282474914e-05,16.009609957636428,JJ,JJ,0,brutal,1,0,0,1,0,1,0,0,0,0,-1
brutality,2,9,1.5157486282474914e-05,16.009609957636428,NN,NN,0,brutal,1,0,0,1,0,1,0,0,0,0,-1
buck,6,4,4.5472458847424745e-05,14.424647456915272,NN,NN,0,buck,0,0,0,1,0,1,1,0,1,0,0
buddy,7,5,5.30512019886622e-05,14.202255035578824,NNP,NN,0,buddi,0,1,0,0,1,0,1,0,0,1,1
buffet,3,6,2.2736229423712372e-05,15.424647456915272,NN,NN,0,buffet,1,0,0,0,0,1,0,0,0,0,-1
bug,2,3,1.5157486282474914e-05,16.009609957636428,NNP,NN,0,bug,0,0,1,1,0,1,0,0,0,0,-1
bum,1,3,7.578743141237457e-06,17.009609957636428,VB,VB,0,bum,0,0,1,0,0,1,0,1,0,0,-1
burglar,3,7,2.2736229423712372e-05,15.424647456915272,NNP,NN,0,burglar,0,0,1,1,0,1,0,0,0,0,-1
burial,3,6,2.2736229423712372e-05,15.424647456915272,JJ,JJ,0,burial,1,0,0,1,0,1,0,1,0,0,-1
burke,9,5,6.820868827113711e-05,13.839684956194116,NNP,NN,0,burk,1,0,1,1,0,1,0,1,0,0,-1
burnt,1,5,7.578743141237457e-06,17.009609957636428,NN,NN,0,burnt,0,0,1,0,0,1,0,0,0,0,-1
butcher,2,7,1.5157486282474914e-05,16.009609957636428,NN,NN,0,butcher,1,0,1,1,0,1,0,0,0,0,-1
butler,13,6,9.852366083608696e-05,13.309170239495336,NNP,NN,0,butler,0,0,0,0,0,0,1,0,0,1,1
cabinet,9,7,6.820868827113711e-05,13.839684956194116,NN,NN,0,cabinet,0,0,0,0,0,0,1,0,0,1,1
cage,3,4,2.2736229423712372e-05,15.424647456915272,NN,NN,0,cage,0,0,0,0,0,1,0,1,0,0,-1
calls,11,5,8.336617455361203e-05,13.550178338999132,VBZ,VB,0,call,0,1,0,0,0,1,0,0,0,1,-1
campaigning,2,11,1.5157486282474914e-05,16.009609957636428,NN,NN,0,campaign,1,0,0,1,0,1,0,0,0,0,-1
cancel,2,6,1.5157486282474914e-05,16.009609957636428,VB,VB,0,cancel,0,0,0,0,0,1,0,1,0,0,-1
cancer,6,6,4.5472458847424745e-05,14.424647456915272,NN,NN,0,cancer,1,0,1,1,0,1,0,1,0,0,-1
cane,2,4,1.5157486282474914e-05,16.009609957636428,NN,NN,0,cane,1,0,0,1,0,0,0,0,0,0,0
cannon,3,6,2.2736229423712372e-05,15.424647456915272,NNP,NN,0,cannon,1,0,0,1,0,1,0,0,0,0,-1
cap,3,3,2.2736229423712372e-05,15.424647456915272,NNP,NN,0,cap,0,1,0,0,0,0,0,0,0,1,0
career,44,6,0.0003334646982144,11.550178338999132,NN,NN,0,career,0,1,0,0,0,0,1,0,0,0,1
carol,5,5,3.7893715706187286e-05,14.687681862749066,NNP,NN,0,carol,0,0,0,0,1,0,1,0,0,1,1
case,47,4,0.0003562009276381,11.45502110595879,NN,NN,0,case,0,0,0,1,0,1,0,1,0,0,-1
cash,23,4,0.0001743110922484,12.486048001579416,NN,NN,0,cash,1,1,0,1,1,0,1,0,0,1,1
casket,2,6,1.5157486282474914e-05,16.009609957636428,NN,NN,0,casket,0,0,0,1,0,1,0,1,0,0,-1
cathedral,1,9,7.578743141237457e-06,17.009609957636428,NNP,NN,0,cathedr,0,0,0,0,1,0,1,0,0,1,1
caution,2,7,1.5157486282474914e-05,16.009609957636428,NNP,NN,0,caution,1,1,0,1,0,1,0,0,0,0,-1
cautious,1,8,7.578743141237457e-06,17.009609957636428,JJ,JJ,0,cautiou,0,1,0,1,0,0,1,0,0,1,1
celebrated,8,10,6.0629945129899655e-05,14.009609957636428,JJ,VB,0,celebr,0,1,0,0,1,0,1,0,0,0,1
celebrating,6,11,4.5472458847424745e-05,14.424647456915272,VBG,VB,0,celebr,0,1,0,0,1,0,1,0,0,0,1
celebration,13,11,9.852366083608696e-05,13.309170239495336,NN,NN,0,celebr,0,1,0,0,1,0,1,0,1,1,1
celebrity,5,9,3.7893715706187286e-05,14.687681862749066,NN,NN,0,celebr,1,1,1,0,1,1,1,0,1,1,0
cemetery,2,8,1.5157486282474914e-05,16.009609957636428,NN,NN,0,cemeteri,0,0,0,1,0,1,0,1,0,0,-1
censor,2,6,1.5157486282474914e-05,16.009609957636428,NNP,NN,0,censor,1,0,1,1,0,1,0,0,0,1,-1
center,42,6,0.0003183072119319,11.617292534857668,NNP,NN,0,center,0,0,0,0,0,0,1,0,0,1,1
ceremony,17,8,0.000128838633401,12.922147116386087,NN,NN,0,ceremoni,0,0,0,0,1,0,1,0,1,0,1
chairman,49,8,0.0003713584139206,11.39490011352122,NN,NN,0,chairman,0,0,0,0,0,0,1,0,0,1,1
challenge,4,9,3.0314972564949827e-05,15.009609957636428,NN,NN,0,challeng,1,0,0,1,0,1,0,0,0,0,-1
champion,33,8,0.0002500985236608,11.965215838277976,NN,NN,0,champion,0,1,0,0,1,0,1,0,0,1,1
charitable,1,10,7.578743141237457e-06,17.009609957636428,JJ,JJ,0,charit,0,1,0,0,1,0,1,0,0,1,1
charity,7,7,5.30512019886622e-05,14.202255035578824,NN,NN,0,chariti,0,0,0,0,1,0,1,0,0,0,1
child,39,5,0.0002955709825082,11.72420773877418,NN,NN,0,child,0,1,0,0,1,0,1,0,0,0,1
childhood,3,9,2.2736229423712372e-05,15.424647456915272,NN,NN,0,childhood,0,0,0,0,1,0,1,0,0,0,1
chocolate,6,9,4.5472458847424745e-05,14.424647456915272,NN,NN,0,chocol,0,1,0,0,1,0,1,0,0,1,1
choir,6,5,4.5472458847424745e-05,14.424647456915272,NN,NN,0,choir,0,0,0,0,1,0,1,0,0,1,1
chronicle,1,9,7.578743141237457e-06,17.009609957636428,NNP,NN,0,chronicl,0,0,0,0,0,0,1,0,0,1,1
chuckle,2,7,1.5157486282474914e-05,16.009609957636428,NNP,NN,0,chuckl,0,1,0,0,1,0,1,0,1,1,1
church,97,6,0.0007351380847,10.4096971154493,NNP,NN,0,church,0,1,0,0,1,0,1,0,0,1,1
clash,1,5,7.578743141237457e-06,17.009609957636428,NN,NN,0,clash,1,0,0,0,0,1,0,0,0,0,-1
classics,2,8,1.5157486282474914e-05,16.009609957636428,NN,NN,0,classic,0,0,0,0,1,0,1,0,0,0,1
clean,5,5,3.7893715706187286e-05,14.687681862749066,JJ,JJ,0,clean,0,0,0,0,1,0,1,0,0,1,1
clerical,2,8,1.5157486282474914e-05,16.009609957636428,JJ,JJ,0,cleric,0,0,0,0,0,0,1,0,0,1,1
clown,3,5,2.2736229423712372e-05,15.424647456915272,NNP,NN,0,clown,0,1,0,0,1,0,1,0,1,0,1
cocaine,1,7,7.578743141237457e-06,17.009609957636428,NN,NN,0,cocain,0,0,0,0,0,1,0,1,0,0,-1
coffin,1,6,7.578743141237457e-06,17.009609957636428,NN,NN,0,coffin,0,0,0,1,0,1,0,1,0,0,-1
colonel,4,7,3.0314972564949827e-05,15.009609957636428,NN,NN,0,colonel,0,0,0,0,0,0,1,0,0,1,1
coma,3,4,2.2736229423712372e-05,15.424647456915272,NN,NN,0,coma,0,0,0,1,0,1,0,1,0,0,-1
comfort,4,7,3.0314972564949827e-05,15.009609957636428,NN,NN,0,comfort,0,1,0,0,1,0,1,0,0,1,1
commandant,1,10,7.578743141237457e-06,17.009609957636428,VB,VB,0,command,0,0,0,0,0,0,1,0,0,1,1
commanding,2,10,1.5157486282474914e-05,16.009609957636428,VBG,VB,0,command,0,0,0,0,0,0,1,0,0,1,1
commemorate,1,11,7.578743141237457e-06,17.009609957636428,VB,VB,0,commemor,0,1,0,0,1,0,1,1,0,0,1
commemoration,1,13,7.578743141237457e-06,17.009609957636428,NN,NN,0,commemor,0,1,0,0,1,0,1,0,0,0,1
commemorative,1,13,7.578743141237457e-06,17.009609957636428,JJ,JJ,0,commemor,0,1,0,0,0,0,1,0,0,0,1
committed,9,9,6.820868827113711e-05,13.839684956194116,VBN,VB,0,commit,0,0,0,0,0,0,1,0,0,1,1
commonwealth,1,12,7.578743141237457e-06,17.009609957636428,NNP,NN,0,commonwealth,0,0,0,0,0,0,1,0,0,1,1
commotion,2,9,1.5157486282474914e-05,16.009609957636428,NN,NN,0,commot,1,0,0,0,0,1,0,0,0,0,-1
communicate,1,11,7.578743141237457e-06,17.009609957636428,VB,VB,0,commun,0,0,0,0,0,0,1,0,0,1,1
communion,1,9,7.578743141237457e-06,17.009609957636428,NN,NN,0,communion,0,0,0,0,1,0,1,0,0,1,1
communism,3,9,2.2736229423712372e-05,15.424647456915272,NNP,NN,0,commun,1,0,0,1,0,1,0,1,0,0,-1
companion,3,9,2.2736229423712372e-05,15.424647456915272,NN,NN,0,companion,0,0,0,0,1,0,1,0,0,1,1
competition,3,11,2.2736229423712372e-05,15.424647456915272,NN,NN,0,competit,0,1,0,0,0,1,0,0,0,0,-1
complaint,10,9,7.578743141237457e-05,13.687681862749066,NN,NN,0,complaint,1,0,0,0,0,1,0,0,0,0,-1
completing,3,10,2.2736229423712372e-05,15.424647456915272,VBG,VB,0,complet,0,1,0,0,1,0,1,0,0,0,1
completion,2,10,1.5157486282474914e-05,16.009609957636428,NN,NN,0,complet,0,1,0,0,1,0,1,0,0,0,1
compliance,6,10,4.5472458847424745e-05,14.424647456915272,NN,NN,0,complianc,0,0,0,0,0,0,1,0,0,1,1
complicate,1,10,7.578743141237457e-06,17.009609957636428,VB,VB,0,complic,1,0,0,0,0,1,0,0,0,0,-1
complicity,1,10,7.578743141237457e-06,17.009609957636428,NN,NN,0,complic,0,0,0,0,0,1,1,0,0,0,0
compliment,2,10,1.5157486282474914e-05,16.009609957636428,NN,NN,0,compliment,0,1,0,0,1,0,1,0,1,1,1
compulsion,1,10,7.578743141237457e-06,17.009609957636428,NN,NN,0,compuls,1,0,0,0,0,1,0,0,0,0,-1
comrade,1,7,7.578743141237457e-06,17.009609957636428,NN,NN,0,comrad,0,0,0,0,0,0,1,0,0,1,1
concealment,2,11,1.5157486282474914e-05,16.009609957636428,NN,NN,0,conceal,1,1,0,1,0,1,0,0,0,0,-1
concerned,5,9,3.7893715706187286e-05,14.687681862749066,JJ,VB,0,concern,0,0,0,1,0,0,0,1,0,0,0
concord,1,7,7.578743141237457e-06,17.009609957636428,NNP,NN,0,concord,0,0,0,0,0,0,1,0,0,1,1
concussion,1,10,7.578743141237457e-06,17.009609957636428,NN,NN,0,concuss,1,0,0,0,0,1,0,1,0,0,-1
condemn,2,7,1.5157486282474914e-05,16.009609957636428,VB,VB,0,condemn,1,0,0,0,0,1,0,0,0,0,-1
confession,2,10,1.5157486282474914e-05,16.009609957636428,NN,NN,0,confess,0,1,0,1,0,1,0,1,1,0,-1
confidence,2,10,1.5157486282474914e-05,16.009609957636428,NN,NN,0,confid,0,0,0,1,1,0,1,0,0,1,1
confident,4,9,3.0314972564949827e-05,15.009609957636428,JJ,JJ,0,confid,0,0,0,0,1,0,1,0,0,1,1
confined,6,8,4.5472458847424745e-05,14.424647456915272,VBN,VB,0,confin,1,0,1,1,0,1,0,1,0,0,-1
confirmed,4,9,3.0314972564949827e-05,15.009609957636428,VBD,VB,0,confirm,0,0,0,0,0,0,1,0,0,1,1
conflict,3,8,2.2736229423712372e-05,15.424647456915272,NN,NN,0,conflict,1,0,0,1,0,1,0,1,0,0,-1
confusion,1,9,7.578743141237457e-06,17.009609957636428,NN,NN,0,confus,1,0,0,1,0,1,0,0,0,0,-1
congregation,7,12,5.30512019886622e-05,14.202255035578824,NN,NN,0,congreg,0,0,0,0,0,0,1,0,0,1,1
congress,29,8,0.0002197835510958,12.151628962508855,NNP,NN,0,congress,0,0,1,0,0,0,0,0,0,1,0
conscientious,1,13,7.578743141237457e-06,17.009609957636428,JJ,JJ,0,conscienti,0,0,0,0,0,0,1,0,0,1,1
considerate,1,11,7.578743141237457e-06,17.009609957636428,NNP,NN,0,consider,0,0,0,0,0,0,1,0,0,1,1
constant,3,8,2.2736229423712372e-05,15.424647456915272,JJ,JJ,0,constant,0,0,0,0,0,0,1,0,0,1,1
constitutional,4,14,3.0314972564949827e-05,15.009609957636428,JJ,JJ,0,constitut,0,0,0,0,0,0,1,0,0,1,1
contempt,1,8,7.578743141237457e-06,17.009609957636428,NN,NN,0,contempt,1,0,1,1,0,1,0,0,0,0,-1
content,2,7,1.5157486282474914e-05,16.009609957636428,JJ,JJ,0,content,0,0,0,0,1,0,1,0,0,1,1
continue,15,8,0.0001136811471185,13.10271936202791,VB,VB,0,continu,0,1,0,0,0,0,1,0,0,1,1
controversial,5,13,3.7893715706187286e-05,14.687681862749066,JJ,JJ,0,controversi,1,0,0,0,0,1,0,0,0,0,-1
convict,2,7,1.5157486282474914e-05,16.009609957636428,NNP,NN,0,convict,1,0,1,1,0,1,0,1,0,0,-1
convince,1,8,7.578743141237457e-06,17.009609957636428,VB,VB,0,convinc,0,1,0,0,0,0,1,0,0,1,1
cooperation,4,11,3.0314972564949827e-05,15.009609957636428,NN,NN,0,cooper,0,0,0,0,0,0,1,0,0,1,1
cooperative,4,11,3.0314972564949827e-05,15.009609957636428,JJ,JJ,0,cooper,0,0,0,0,0,0,1,0,0,1,1
cop,30,3,0.0002273622942371,12.10271936202791,NNP,NN,0,cop,0,0,0,1,0,0,0,0,0,1,0
corporation,6,11,4.5472458847424745e-05,14.424647456915272,NNP,NN,0,corpor,0,0,0,0,0,0,1,0,0,1,1
corpse,1,6,7.578743141237457e-06,17.009609957636428,NN,NN,0,corps,0,0,1,0,0,1,0,1,0,0,-1
correspondence,2,14,1.5157486282474914e-05,16.009609957636428,NN,NN,0,correspond,0,1,0,0,0,0,1,0,0,0,1
corruption,1,10,7.578743141237457e-06,17.009609957636428,NN,NN,0,corrupt,0,0,1,0,0,1,0,0,0,0,-1
cosmopolitan,3,12,2.2736229423712372e-05,15.424647456915272,JJ,NN,0,cosmopolitan,0,0,0,0,0,0,1,0,0,1,1
council,31,7,0.0002349410373783,12.055413647249551,NNP,NN,0,council,0,1,0,0,0,0,1,0,0,1,1
counsel,6,7,4.5472458847424745e-05,14.424647456915272,NN,NN,0,counsel,0,0,0,0,0,0,1,0,0,1,1
counselor,1,9,7.578743141237457e-06,17.009609957636428,NN,NN,0,counselor,0,0,0,0,0,0,1,0,0,1,1
count,18,5,0.0001364173765422,12.839684956194116,NNP,NN,0,count,0,0,0,0,0,0,1,0,0,1,1
coup,1,4,7.578743141237457e-06,17.009609957636428,NN,NN,0,coup,1,0,0,0,0,0,0,0,1,0,0
courageous,2,10,1.5157486282474914e-05,16.009609957636428,JJ,JJ,0,courag,0,0,0,1,0,0,1,0,0,0,1
court,132,5,0.0010003940946433,9.965215838277976,NNP,NN,0,court,1,1,0,1,0,0,0,0,0,0,0
cove,1,4,7.578743141237457e-06,17.009609957636428,NNP,NN,0,cove,0,1,1,1,1,0,1,0,0,0,1
cowardice,1,9,7.578743141237457e-06,17.009609957636428,NN,NN,0,cowardic,0,0,0,1,0,1,0,0,0,0,-1
cracked,2,7,1.5157486282474914e-05,16.009609957636428,VBD,VB,0,crack,1,0,0,1,0,1,0,0,0,0,-1
crash,4,5,3.0314972564949827e-05,15.009609957636428,NN,NN,0,crash,0,0,0,1,0,1,0,1,1,0,-1
crazy,1,5,7.578743141237457e-06,17.009609957636428,NN,NN,0,crazi,1,0,0,1,0,1,0,1,0,0,-1
cream,4,5,3.0314972564949827e-05,15.009609957636428,NN,NN,0,cream,0,1,0,0,1,0,1,0,1,0,1
create,3,6,2.2736229423712372e-05,15.424647456915272,VB,VB,0,creat,0,0,0,0,1,0,1,0,0,0,1
credit,10,6,7.578743141237457e-05,13.687681862749066,NN,NN,0,credit,0,0,0,0,0,0,1,0,0,1,1
crime,29,5,0.0002197835510958,12.151628962508855,NN,NN,0,crime,1,0,0,0,0,1,0,0,0,0,-1
criminal,10,8,7.578743141237457e-05,13.687681862749066,JJ,JJ,0,crimin,1,0,1,1,0,1,0,0,0,0,-1
crippled,2,8,1.5157486282474914e-05,16.009609957636428,VBD,VB,0,crippl,0,0,0,0,0,1,0,1,0,0,-1
criticism,3,9,2.2736229423712372e-05,15.424647456915272,NN,NN,0,critic,1,0,0,0,0,1,0,1,0,0,-1
criticize,1,9,7.578743141237457e-06,17.009609957636428,VBP,VB,0,critic,1,0,1,1,0,1,0,1,0,0,-1
cross,8,5,6.0629945129899655e-05,14.009609957636428,NNP,NN,0,cross,1,0,0,1,0,1,0,1,0,0,-1
crucial,4,7,3.0314972564949827e-05,15.009609957636428,JJ,JJ,0,crucial,0,0,0,0,0,0,1,0,0,1,1
cruel,4,5,3.0314972564949827e-05,15.009609957636428,JJ,JJ,0,cruel,1,0,1,1,0,1,0,1,0,0,-1
cruelty,3,7,2.2736229423712372e-05,15.424647456915272,NN,NN,0,cruelti,1,0,1,1,0,1,0,1,0,0,-1
crusade,1,7,7.578743141237457e-06,17.009609957636428,NN,NN,0,crusad,1,0,0,1,0,1,0,0,0,0,-1
crushed,5,7,3.7893715706187286e-05,14.687681862749066,VBN,VB,0,crush,1,0,1,1,0,1,0,1,0,0,-1
crushing,1,8,7.578743141237457e-06,17.009609957636428,VBG,VB,0,crush,1,0,1,1,0,1,0,0,0,0,-1
cry,4,3,3.0314972564949827e-05,15.009609957636428,NN,NN,0,cri,0,0,0,0,0,1,0,1,0,0,-1
crying,2,6,1.5157486282474914e-05,16.009609957636428,NN,NN,0,cri,0,0,0,0,0,1,0,1,0,0,-1
cuddle,2,6,1.5157486282474914e-05,16.009609957636428,NN,NN,0,cuddl,0,0,0,0,1,0,1,0,0,1,1
cult,1,4,7.578743141237457e-06,17.009609957636428,NN,NN,0,cult,0,0,0,1,0,1,0,0,0,0,-1
cur,1,3,7.578743141237457e-06,17.009609957636428,NN,NN,0,cur,1,0,1,1,0,1,0,0,0,0,-1
curiosity,1,9,7.578743141237457e-06,17.009609957636428,NN,NN,0,curios,0,1,0,0,0,0,1,0,1,0,1
curse,3,5,2.2736229423712372e-05,15.424647456915272,JJ,JJ,0,curs,1,0,1,1,0,1,0,1,0,0,-1
cursed,2,6,1.5157486282474914e-05,16.009609957636428,VBD,VB,0,curs,1,0,0,1,0,1,0,1,0,0,-1
cutting,2,7,1.5157486282474914e-05,16.009609957636428,VBG,VB,0,cut,1,0,1,1,0,1,0,1,0,0,-1
cyst,3,4,2.2736229423712372e-05,15.424647456915272,NN,NN,0,cyst,0,0,0,1,0,1,0,1,0,0,-1
daft,1,4,7.578743141237457e-06,17.009609957636428,JJ,JJ,0,daft,0,0,1,0,0,1,0,0,0,0,-1
damage,17,6,0.000128838633401,12.922147116386087,NN,NN,0,damag,1,0,1,0,0,1,0,1,0,0,-1
damages,4,7,3.0314972564949827e-05,15.009609957636428,NNS,NN,0,damag,0,0,0,0,0,1,0,1,0,0,-1
dame,1,4,7.578743141237457e-06,17.009609957636428,NNP,NN,0,dame,1,0,1,0,0,0,1,0,0,1,1
dance,31,5,0.0002349410373783,12.055413647249551,NN,NN,0,danc,0,0,0,0,1,0,1,0,0,1,1
danger,2,6,1.5157486282474914e-05,16.009609957636428,NN,NN,0,danger,0,0,0,1,0,1,0,1,0,0,-1
dangerous,11,9,8.336617455361203e-05,13.550178338999132,JJ,JJ,0,danger,0,0,0,1,0,1,0,0,0,0,-1
dare,3,4,2.2736229423712372e-05,15.424647456915272,NN,NN,0,dare,0,1,0,0,0,0,0,0,0,1,0
darkened,2,8,1.5157486282474914e-05,16.009609957636428,VBD,VB,0,darken,0,0,0,1,0,1,0,1,0,0,-1
darkness,3,8,2.2736229423712372e-05,15.424647456915272,NNP,NN,0,dark,1,0,0,1,0,1,0,1,0,0,-1
darling,1,7,7.578743141237457e-06,17.009609957636428,VBG,VB,0,darl,0,0,0,0,1,0,1,0,0,1,1
dashed,3,6,2.2736229423712372e-05,15.424647456915272,VBN,VB,0,dash,1,0,0,1,0,1,0,1,0,0,-1
daughter,51,8,0.0003865159002031,11.337184615664931,NN,NN,0,daughter,0,0,0,0,1,0,1,0,0,0,1
dawn,2,4,1.5157486282474914e-05,16.009609957636428,NNP,NN,0,dawn,0,1,0,0,1,0,1,0,1,1,1
deal,13,4,9.852366083608696e-05,13.309170239495336,NN,NN,0,deal,0,1,0,0,1,0,1,0,1,1,1
death,69,5,0.0005229332767453,10.90108550085826,NN,NN,0,death,1,1,1,1,0,1,0,1,1,0,-1
debris,1,6,7.578743141237457e-06,17.009609957636428,NN,NN,0,debri,0,0,1,0,0,1,0,0,0,0,-1
debt,5,4,3.7893715706187286e-05,14.687681862749066,NN,NN,0,debt,0,0,0,0,0,1,0,1,0,0,-1
deceased,2,8,1.5157486282474914e-05,16.009609957636428,VBD,VB,0,deceas,0,0,0,0,0,1,0,1,0,0,-1
deceived,1,8,7.578743141237457e-06,17.009609957636428,VBN,VB,0,deceiv,1,0,0,0,0,1,0,0,0,0,-1
defeated,4,8,3.0314972564949827e-05,15.009609957636428,VBD,VB,0,defeat,0,0,0,0,0,1,0,1,0,0,-1
defect,1,6,7.578743141237457e-06,17.009609957636428,NN,NN,0,defect,1,0,0,0,0,1,0,0,0,0,-1
defective,2,9,1.5157486282474914e-05,16.009609957636428,JJ,JJ,0,defect,0,0,1,0,0,1,0,0,0,0,-1
defend,3,6,2.2736229423712372e-05,15.424647456915272,VB,VB,0,defend,0,0,0,1,0,0,1,0,0,0,1
defendant,6,9,4.5472458847424745e-05,14.424647456915272,NN,NN,0,defend,1,0,0,1,0,0,0,1,0,0,0
defended,2,8,1.5157486282474914e-05,16.009609957636428,VBD,VB,0,defend,0,0,0,0,0,0,1,0,0,1,1
defender,3,8,2.2736229423712372e-05,15.424647456915272,NNP,NN,0,defend,0,0,0,0,0,0,1,0,0,1,1
defense,39,7,0.0002955709825082,11.72420773877418,NN,NN,0,defens,1,1,0,1,0,0,1,0,0,0,1
defiant,1,7,7.578743141237457e-06,17.009609957636428,JJ,JJ,0,defiant,1,0,0,0,0,1,0,0,0,0,-1
degrading,1,9,7.578743141237457e-06,17.009609957636428,VBG,VB,0,degrad,0,0,1,1,0,1,0,1,0,0,-1
delay,1,5,7.578743141237457e-06,17.009609957636428,NN,NN,0,delay,1,0,1,1,0,1,0,1,0,0,-1
delegate,9,8,6.820868827113711e-05,13.839684956194116,NN,NN,0,deleg,0,0,0,0,0,0,1,0,0,1,1
delicious,2,9,1.5157486282474914e-05,16.009609957636428,JJ,JJ,0,delici,0,0,0,0,1,0,1,0,0,0,1
delight,4,7,3.0314972564949827e-05,15.009609957636428,NN,NN,0,delight,0,1,0,0,1,0,1,0,0,0,1
delighted,1,9,7.578743141237457e-06,17.009609957636428,VBN,VB,0,delight,0,1,0,0,1,0,1,0,1,0,1
delinquent,2,10,1.5157486282474914e-05,16.009609957636428,NN,NN,0,delinqu,1,0,1,0,0,1,0,0,0,0,-1
deliverance,1,11,7.578743141237457e-06,17.009609957636428,NNP,NN,0,deliver,0,1,0,0,1,0,1,0,0,1,1
delivery,7,8,5.30512019886622e-05,14.202255035578824,NN,NN,0,deliveri,0,1,0,0,0,0,1,0,0,0,1
deluge,1,6,7.578743141237457e-06,17.009609957636428,VBP,VB,0,delug,0,0,0,1,0,1,0,1,1,0,-1
demand,4,6,3.0314972564949827e-05,15.009609957636428,NN,NN,0,demand,1,0,0,0,0,1,0,0,0,0,-1
denied,22,6,0.0001667323491072,12.550178338999132,VBD,VB,0,deni,0,0,0,0,0,1,0,1,0,0,-1
deny,2,4,1.5157486282474914e-05,16.009609957636428,NNP,NN,0,deni,1,0,0,0,0,1,0,0,0,0,-1
denying,2,7,1.5157486282474914e-05,16.009609957636428,VBG,VB,0,deni,0,1,0,0,0,1,0,0,0,0,-1
departed,1,8,7.578743141237457e-06,17.009609957636428,VBN,VB,0,depart,0,0,0,0,0,1,0,1,0,0,-1
departure,1,9,7.578743141237457e-06,17.009609957636428,NN,NN,0,departur,0,0,0,0,0,1,0,1,0,0,-1
depend,2,6,1.5157486282474914e-05,16.009609957636428,VB,VB,0,depend,0,1,0,0,0,0,0,0,0,1,0
dependent,1,9,7.578743141237457e-06,17.009609957636428,JJ,JJ,0,depend,0,0,0,0,0,1,1,0,0,1,0
deplorable,1,10,7.578743141237457e-06,17.009609957636428,JJ,JJ,0,deplor,1,0,1,1,0,1,0,1,0,0,-1
descent,3,7,2.2736229423712372e-05,15.424647456915272,NN,NN,0,descent,0,0,0,1,0,0,0,1,0,0,0
deserted,3,8,2.2736229423712372e-05,15.424647456915272,VBD,VB,0,desert,1,0,1,1,0,1,0,1,0,0,-1
deserve,3,7,2.2736229423712372e-05,15.424647456915272,VBP,VB,0,deserv,1,1,0,0,0,0,1,0,0,1,1
despair,3,7,2.2736229423712372e-05,15.424647456915272,NN,NN,0,despair,1,0,1,1,0,1,0,1,0,0,-1
destination,2,11,1.5157486282474914e-05,16.009609957636428,NN,NN,0,destin,0,1,0,1,1,0,1,1,1,0,1
destroyed,4,9,3.0314972564949827e-05,15.009609957636428,VBN,VB,0,destroy,1,0,0,1,0,1,0,1,0,0,-1
destructive,1,11,7.578743141237457e-06,17.009609957636428,JJ,JJ,0,destruct,1,0,1,1,0,1,0,0,0,0,-1
determination,3,13,2.2736229423712372e-05,15.424647456915272,NN,NN,0,determin,0,0,0,0,0,0,1,0,0,1,1
devastating,3,11,2.2736229423712372e-05,15.424647456915272,VBG,VB,0,devast,1,0,1,1,0,1,0,1,0,1,-1
develop,5,7,3.7893715706187286e-05,14.687681862749066,VB,VB,0,develop,0,1,0,0,0,0,1,0,0,0,1
devil,3,5,2.2736229423712372e-05,15.424647456915272,NN,NN,0,devil,1,1,1,1,0,1,0,1,0,0,-1
diamond,4,7,3.0314972564949827e-05,15.009609957636428,NN,NN,0,diamond,0,0,0,0,1,0,1,0,0,0,1
dictator,4,8,3.0314972564949827e-05,15.009609957636428,NN,NN,0,dictat,0,0,0,1,0,1,0,0,0,0,-1
dictatorial,1,11,7.578743141237457e-06,17.009609957636428,JJ,JJ,0,dictatori,1,0,0,0,0,1,0,0,0,0,-1
die,13,3,9.852366083608696e-05,13.309170239495336,VB,VB,0,die,0,0,0,1,0,1,0,1,0,0,-1
difficulties,2,12,1.5157486282474914e-05,16.009609957636428,NNS,NN,0,difficulti,0,0,0,0,0,1,0,1,0,0,-1
dilapidated,1,11,7.578743141237457e-06,17.009609957636428,JJ,JJ,0,dilapid,0,0,1,0,0,1,0,1,0,0,-1
diminish,1,8,7.578743141237457e-06,17.009609957636428,VB,VB,0,diminish,0,0,0,0,0,1,0,1,0,0,-1
diplomatic,6,10,4.5472458847424745e-05,14.424647456915272,JJ,JJ,0,diplomat,0,0,0,0,0,0,1,0,0,1,1
dire,1,4,7.578743141237457e-06,17.009609957636428,JJ,JJ,0,dire,0,0,1,1,0,1,0,1,1,0,-1
director,87,8,0.0006593506532876,10.5666664617877,NN,NN,0,director,0,0,0,0,0,0,1,0,0,1,1
dirt,4,4,3.0314972564949827e-05,15.009609957636428,NN,NN,0,dirt,0,0,1,0,0,1,0,0,0,0,-1
dirty,1,5,7.578743141237457e-06,17.009609957636428,JJ,JJ,0,dirti,0,0,1,0,0,1,0,0,0,0,-1
disabled,1,8,7.578743141237457e-06,17.009609957636428,JJ,JJ,0,disabl,0,0,0,1,0,1,0,1,0,0,-1
disagree,1,8,7.578743141237457e-06,17.009609957636428,VB,VB,0,disagre,1,0,0,0,0,1,0,0,0,0,-1
disagreement,1,12,7.578743141237457e-06,17.009609957636428,NN,NN,0,disagr,1,0,0,0,0,1,0,1,0,0,-1
disappointed,5,12,3.7893715706187286e-05,14.687681862749066,JJ,JJ,0,disappoint,1,0,1,0,0,1,0,1,0,0,-1
disappointing,1,13,7.578743141237457e-06,17.009609957636428,JJ,JJ,0,disappoint,0,0,0,0,0,1,0,1,0,0,-1
disapproval,1,11,7.578743141237457e-06,17.009609957636428,NN,NN,0,disapprov,0,0,0,0,0,1,0,1,0,0,-1
disapprove,1,10,7.578743141237457e-06,17.009609957636428,VBP,VB,0,disapprov,1,0,1,1,0,1,0,1,0,0,-1
disapproved,1,11,7.578743141237457e-06,17.009609957636428,VBN,VB,0,disapprov,1,0,0,0,0,1,0,1,0,0,-1
disaster,1,8,7.578743141237457e-06,17.009609957636428,NN,NN,0,disast,1,0,1,1,0,1,0,1,1,0,-1
discipline,1,10,7.578743141237457e-06,17.009609957636428,NN,NN,0,disciplin,0,0,0,1,0,1,0,0,0,0,-1
discontent,2,10,1.5157486282474914e-05,16.009609957636428,NN,NN,0,discont,1,0,1,1,0,1,0,1,0,0,-1
discord,1,7,7.578743141237457e-06,17.009609957636428,NN,NN,0,discord,1,0,1,0,0,1,0,0,0,0,-1
discriminate,2,12,1.5157486282474914e-05,16.009609957636428,NN,NN,0,discrimin,1,0,0,0,0,1,0,1,0,0,-1
discriminating,3,14,2.2736229423712372e-05,15.424647456915272,VBG,VB,0,discrimin,0,0,1,0,0,1,0,0,0,0,-1
discrimination,38,14,0.000287992239367,11.761682444192845,NN,NN,0,discrimin,1,0,1,1,0,1,0,1,0,0,-1
disdain,1,7,7.578743141237457e-06,17.009609957636428,NN,NN,0,disdain,1,0,1,0,0,1,0,0,0,0,-1
disease,11,7,8.336617455361203e-05,13.550178338999132,NN,NN,0,diseas,1,0,1,1,0,1,0,1,0,0,-1
disgruntled,2,11,1.5157486282474914e-05,16.009609957636428,JJ,JJ,0,disgruntl,1,0,1,0,0,1,0,1,0,0,-1
disgust,3,7,2.2736229423712372e-05,15.424647456915272,NN,NN,0,disgust,1,0,1,1,0,1,0,1,0,0,-1
disgusting,1,10,7.578743141237457e-06,17.009609957636428,VBG,VB,0,disgust,1,0,1,1,0,1,0,0,0,0,-1
dismay,1,6,7.578743141237457e-06,17.009609957636428,NN,NN,0,dismay,1,1,0,1,0,1,0,1,1,0,-1
dismissal,4,9,3.0314972564949827e-05,15.009609957636428,NN,NN,0,dismiss,1,0,1,1,0,1,0,1,1,0,-1
disobedient,1,11,7.578743141237457e-06,17.009609957636428,NN,NN,0,disobedi,1,0,0,0,0,1,0,0,0,0,-1
disorder,1,8,7.578743141237457e-06,17.009609957636428,NN,NN,0,disord,0,0,0,1,0,1,0,0,0,0,-1
displeased,1,10,7.578743141237457e-06,17.009609957636428,VBN,VB,0,displeas,1,0,1,1,0,1,0,1,0,0,-1
disposed,1,8,7.578743141237457e-06,17.009609957636428,VBD,VB,0,dispos,0,1,0,0,0,0,1,0,0,1,1
dispute,4,7,3.0314972564949827e-05,15.009609957636428,NN,NN,0,disput,1,0,0,0,0,1,0,0,0,0,-1
disqualified,1,12,7.578743141237457e-06,17.009609957636428,NNP,NN,0,disqualifi,1,0,1,0,0,1,0,1,0,0,-1
dissension,1,10,7.578743141237457e-06,17.009609957636428,NN,NN,0,dissens,1,0,0,0,0,1,0,0,0,0,-1
dissident,1,9,7.578743141237457e-06,17.009609957636428,JJ,JJ,0,dissid,1,0,0,1,0,1,0,0,0,0,-1
distraught,1,10,7.578743141237457e-06,17.009609957636428,VBN,VB,0,distraught,0,0,0,0,0,1,0,1,0,0,-1
distress,1,8,7.578743141237457e-06,17.009609957636428,NN,NN,0,distress,1,0,1,1,0,1,0,1,1,0,-1
distressed,2,10,1.5157486282474914e-05,16.009609957636428,JJ,JJ,0,distress,0,0,0,1,0,1,0,0,0,0,-1
distressing,1,11,7.578743141237457e-06,17.009609957636428,JJ,JJ,0,distress,1,0,0,1,0,1,0,0,0,0,-1
diverse,1,7,7.578743141237457e-06,17.009609957636428,JJ,JJ,0,divers,0,0,0,0,0,1,1,0,0,0,0
divorce,23,7,0.0001743110922484,12.486048001579416,NN,NN,0,divorc,1,0,1,1,0,1,0,1,1,1,-1
doctor,32,6,0.0002425197805195,12.009609957636428,NN,NN,0,doctor,0,0,0,0,0,0,1,0,0,1,1
dole,1,4,7.578743141237457e-06,17.009609957636428,NNP,NN,0,dole,0,0,0,0,0,1,0,1,0,0,-1
don,124,3,0.0009397641495134,10.055413647249551,NNP,NN,1,don,0,0,0,0,0,0,1,0,0,1,1
doom,1,4,7.578743141237457e-06,17.009609957636428,NN,NN,0,doom,0,0,0,1,0,1,0,0,0,0,-1
doomed,2,6,1.5157486282474914e-05,16.009609957636428,NNP,NN,0,doom,0,0,0,1,0,1,0,1,0,0,-1
doubt,8,5,6.0629945129899655e-05,14.009609957636428,NN,NN,0,doubt,0,0,0,1,0,1,0,1,0,1,-1
drab,1,4,7.578743141237457e-06,17.009609957636428,VB,VB,0,drab,0,0,0,0,0,1,0,1,0,0,-1
dreadful,3,8,2.2736229423712372e-05,15.424647456915272,JJ,JJ,0,dread,1,1,1,1,0,1,0,1,0,0,-1
drunken,1,7,7.578743141237457e-06,17.009609957636428,VBN,VB,0,drunken,0,0,1,0,0,1,0,0,0,0,-1
dull,3,4,2.2736229423712372e-05,15.424647456915272,JJ,JJ,0,dull,0,0,0,0,0,1,0,1,0,0,-1
durable,1,7,7.578743141237457e-06,17.009609957636428,JJ,JJ,0,durabl,0,0,0,0,0,0,1,0,0,1,1
duress,1,6,7.578743141237457e-06,17.009609957636428,NN,NN,0,duress,1,0,1,1,0,1,0,1,0,0,-1
dwarfed,2,7,1.5157486282474914e-05,16.009609957636428,VBN,VB,0,dwarf,0,0,0,1,0,1,0,1,0,0,-1
dying,3,5,2.2736229423712372e-05,15.424647456915272,VBG,VB,0,die,1,0,1,1,0,1,0,1,0,0,-1
earthquake,2,10,1.5157486282474914e-05,16.009609957636428,NN,NN,0,earthquak,1,0,0,1,0,1,0,1,1,0,-1
ecstasy,1,7,7.578743141237457e-06,17.009609957636428,NNP,NN,0,ecstasi,0,1,0,0,1,0,1,0,0,0,1
edict,1,5,7.578743141237457e-06,17.009609957636428,NN,NN,0,edict,0,0,0,1,0,1,0,0,0,0,-1
educational,10,11,7.578743141237457e-05,13.687681862749066,JJ,JJ,0,educ,0,0,0,0,0,0,1,0,0,1,1
effective,9,9,6.820868827113711e-05,13.839684956194116,JJ,JJ,0,effect,0,0,0,0,0,0,1,0,0,1,1
elder,5,5,3.7893715706187286e-05,14.687681862749066,NN,NN,0,elder,0,0,0,0,0,0,1,0,0,1,1
elect,1,5,7.578743141237457e-06,17.009609957636428,NNP,NN,0,elect,0,0,0,0,0,0,1,0,0,1,1
electric,6,8,4.5472458847424745e-05,14.424647456915272,JJ,JJ,0,electr,0,0,0,0,1,0,1,0,1,0,1
elegance,2,8,1.5157486282474914e-05,16.009609957636428,NN,NN,0,eleg,0,1,0,0,1,0,1,0,0,1,1
elegant,6,7,4.5472458847424745e-05,14.424647456915272,JJ,JJ,0,eleg,0,0,0,0,1,0,1,0,0,0,1
elimination,1,11,7.578743141237457e-06,17.009609957636428,NN,NN,0,elimin,1,0,1,1,0,1,0,1,0,0,-1
elite,5,5,3.7893715706187286e-05,14.687681862749066,JJ,JJ,0,elit,0,1,0,0,1,0,1,0,0,1,1
embarrassment,1,13,7.578743141237457e-06,17.009609957636428,NN,NN,0,embarrass,0,0,0,1,0,1,0,1,1,0,-1
embrace,1,7,7.578743141237457e-06,17.009609957636428,NN,NN,0,embrac,0,1,0,0,1,0,1,0,1,1,1
emergency,5,9,3.7893715706187286e-05,14.687681862749066,NN,NN,0,emerg,0,0,0,1,0,1,0,1,1,0,-1
eminence,3,8,2.2736229423712372e-05,15.424647456915272,NN,NN,0,emin,0,0,0,0,0,0,1,0,0,1,1
enable,2,6,1.5157486282474914e-05,16.009609957636428,VB,VB,0,enabl,0,0,0,0,0,0,1,0,0,1,1
enchanted,1,9,7.578743141237457e-06,17.009609957636428,NNP,NN,0,enchant,0,0,0,0,1,0,1,0,0,1,1
enchanting,2,10,1.5157486282474914e-05,16.009609957636428,NN,NN,0,enchant,0,1,0,0,1,0,1,0,0,0,1
encourage,3,9,2.2736229423712372e-05,15.424647456915272,VB,VB,0,encourag,0,0,0,0,1,0,1,0,0,1,1
encyclopedia,1,12,7.578743141237457e-06,17.009609957636428,NNP,NN,0,encyclopedia,0,0,0,0,0,0,1,0,0,1,1
endanger,1,8,7.578743141237457e-06,17.009609957636428,VB,VB,0,endang,0,1,0,1,0,1,0,0,0,0,-1
endless,1,7,7.578743141237457e-06,17.009609957636428,NNP,NN,0,endless,1,0,0,1,1,1,1,1,0,1,0
enemy,5,5,3.7893715706187286e-05,14.687681862749066,NN,NN,0,enemi,1,0,1,1,0,1,0,0,0,0,-1
engaged,1,7,7.578743141237457e-06,17.009609957636428,VBN,VB,0,engag,0,1,0,0,1,0,1,0,0,1,1
engaging,1,8,7.578743141237457e-06,17.009609957636428,VBG,VB,0,engag,0,0,0,0,1,0,1,0,0,1,1
enjoy,8,5,6.0629945129899655e-05,14.009609957636428,VB,VB,0,enjoy,0,1,0,0,1,0,1,0,0,1,1
enjoying,4,8,3.0314972564949827e-05,15.009609957636428,VBG,VB,0,enjoy,0,1,0,0,1,0,1,0,0,1,1
enroll,3,6,2.2736229423712372e-05,15.424647456915272,VB,VB,0,enrol,0,1,0,0,0,0,0,0,0,1,0
enslaved,1,8,7.578743141237457e-06,17.009609957636428,VBD,VB,0,enslav,1,0,1,1,0,1,0,1,0,0,-1
entertain,1,9,7.578743141237457e-06,17.009609957636428,VB,VB,0,entertain,0,0,0,0,1,0,1,0,0,0,1
entertained,6,11,4.5472458847424745e-05,14.424647456915272,VBD,VB,0,entertain,0,0,0,0,1,0,1,0,0,0,1
entertaining,2,12,1.5157486282474914e-05,16.009609957636428,JJ,JJ,0,entertain,0,1,0,0,1,0,1,0,0,0,1
entertainment,23,13,0.0001743110922484,12.486048001579416,NNP,NN,0,entertain,0,1,0,0,1,0,1,0,1,1,1
enthusiasm,4,10,3.0314972564949827e-05,15.009609957636428,NN,NN,0,enthusiasm,0,1,0,0,1,0,1,0,1,0,1
equality,4,8,3.0314972564949827e-05,15.009609957636428,NN,NN,0,equal,0,0,0,0,1,0,1,0,0,1,1
error,5,5,3.7893715706187286e-05,14.687681862749066,NN,NN,0,error,0,0,0,0,0,1,0,1,0,0,-1
escape,8,6,6.0629945129899655e-05,14.009609957636428,NN,NN,0,escap,0,1,0,1,0,1,1,0,0,0,0
established,12,11,9.094491769484948e-05,13.424647456915272,VBN,VB,0,establish,0,0,0,0,1,0,1,0,0,0,1
esteem,2,6,1.5157486282474914e-05,16.009609957636428,NN,NN,0,esteem,0,0,0,0,1,0,1,1,0,1,1
evergreen,1,9,7.578743141237457e-06,17.009609957636428,JJ,JJ,0,evergreen,0,0,0,0,1,0,1,0,0,1,1
evict,1,5,7.578743141237457e-06,17.009609957636428,VB,VB,0,evict,0,0,0,0,0,1,0,1,0,0,-1
evident,1,7,7.578743141237457e-06,17.009609957636428,JJ,JJ,0,evid,0,0,0,0,0,0,1,0,0,1,1
evil,4,4,3.0314972564949827e-05,15.009609957636428,JJ,JJ,0,evil,1,0,1,1,0,1,0,1,0,0,-1
exalted,1,7,7.578743141237457e-06,17.009609957636428,NNP,NN,0,exalt,0,0,0,0,1,0,1,0,0,1,1
examination,4,11,3.0314972564949827e-05,15.009609957636428,NN,NN,0,examin,0,0,0,1,0,1,0,0,1,0,-1
excellence,1,10,7.578743141237457e-06,17.009609957636428,NN,NN,0,excel,0,0,1,0,1,0,1,0,0,1,1
excellent,2,9,1.5157486282474914e-05,16.009609957636428,JJ,JJ,0,excel,0,0,0,0,1,0,1,0,0,1,1
exchange,8,8,6.0629945129899655e-05,14.009609957636428,NN,NN,0,exchang,0,0,0,0,0,0,1,0,0,1,1
excited,5,7,3.7893715706187286e-05,14.687681862749066,JJ,JJ,0,excit,0,1,0,0,1,0,1,0,1,1,1
excitement,4,10,3.0314972564949827e-05,15.009609957636428,NN,NN,0,excit,0,1,0,0,1,0,1,0,1,0,1
exciting,6,8,4.5472458847424745e-05,14.424647456915272,JJ,JJ,0,excit,0,1,0,0,1,0,1,0,1,0,1
excluded,1,8,7.578743141237457e-06,17.009609957636428,VBN,VB,0,exclud,0,0,1,0,0,1,0,1,0,0,-1
excluding,2,9,1.5157486282474914e-05,16.009609957636428,VBG,VB,0,exclud,0,0,0,0,0,1,0,1,0,0,-1
exclusion,1,9,7.578743141237457e-06,17.009609957636428,NN,NN,0,exclus,0,0,1,1,0,1,0,1,0,0,-1
execution,4,9,3.0314972564949827e-05,15.009609957636428,NN,NN,0,execut,1,0,0,1,0,1,0,1,0,1,-1
exhausted,1,9,7.578743141237457e-06,17.009609957636428,VBN,VB,0,exhaust,0,0,0,0,0,1,0,1,0,0,-1
exile,1,5,7.578743141237457e-06,17.009609957636428,NN,NN,0,exil,1,0,0,1,0,1,0,1,0,0,-1
expect,9,6,6.820868827113711e-05,13.839684956194116,VBP,VB,0,expect,0,1,0,0,0,0,1,0,1,1,1
expedition,1,10,7.578743141237457e-06,17.009609957636428,NN,NN,0,expedit,0,1,0,0,0,0,1,0,0,0,1
experienced,3,11,2.2736229423712372e-05,15.424647456915272,VBN,VB,0,experienc,0,0,0,0,0,0,1,0,0,1,1
experiment,3,10,2.2736229423712372e-05,15.424647456915272,NN,NN,0,experi,0,1,0,0,0,0,0,0,1,0,0
expert,4,6,3.0314972564949827e-05,15.009609957636428,NN,NN,0,expert,0,0,0,0,0,0,1,0,0,1,1
expertise,2,9,1.5157486282474914e-05,16.009609957636428,NN,NN,0,expertis,0,0,0,0,0,0,1,0,0,1,1
explain,5,7,3.7893715706187286e-05,14.687681862749066,VB,VB,0,explain,0,0,0,0,0,0,1,0,0,1,1
explode,3,7,2.2736229423712372e-05,15.424647456915272,VBP,VB,0,explod,1,0,0,1,0,1,0,1,1,0,-1
explosion,3,9,2.2736229423712372e-05,15.424647456915272,NN,NN,0,explos,0,0,0,1,0,1,0,0,1,0,-1
expose,1,6,7.578743141237457e-06,17.009609957636428,VB,VB,0,expos,0,1,0,1,0,0,0,0,0,0,0
expulsion,1,9,7.578743141237457e-06,17.009609957636428,NN,NN,0,expuls,1,0,1,1,0,1,0,1,0,0,-1
exquisite,1,9,7.578743141237457e-06,17.009609957636428,JJ,JJ,0,exquisit,0,0,0,0,1,0,1,0,0,0,1
facts,7,5,5.30512019886622e-05,14.202255035578824,NNS,NN,0,fact,0,0,0,0,0,0,1,0,0,1,1
faculty,10,7,7.578743141237457e-05,13.687681862749066,NN,NN,0,faculti,0,0,0,0,0,0,1,0,0,1,1
failing,3,7,2.2736229423712372e-05,15.424647456915272,VBG,VB,0,fail,1,1,0,1,0,1,0,1,0,0,-1
failure,7,7,5.30512019886622e-05,14.202255035578824,NN,NN,0,failur,0,0,1,1,0,1,0,1,0,0,-1
fairly,2,6,1.5157486282474914e-05,16.009609957636428,NNP,NN,0,fairli,0,0,0,0,0,0,1,0,0,1,1
faith,3,5,2.2736229423712372e-05,15.424647456915272,NNP,NN,0,faith,0,1,0,0,1,0,1,0,0,1,1
fall,18,4,0.0001364173765422,12.839684956194116,NN,NN,0,fall,0,0,0,0,0,1,0,1,0,0,-1
falling,2,7,1.5157486282474914e-05,16.009609957636428,VBG,VB,0,fall,0,0,0,0,0,1,0,1,0,0,-1
familiar,1,8,7.578743141237457e-06,17.009609957636428,JJ,JJ,0,familiar,0,0,0,0,0,0,1,0,0,1,1
famine,3,6,2.2736229423712372e-05,15.424647456915272,NN,NN,0,famin,0,0,0,0,0,1,0,1,0,0,-1
fancy,8,5,6.0629945129899655e-05,14.009609957636428,JJ,JJ,0,fanci,0,1,0,0,1,0,1,0,0,0,1
fanfare,1,7,7.578743141237457e-06,17.009609957636428,NN,NN,0,fanfar,0,1,0,0,1,0,1,0,1,0,1
fat,10,3,7.578743141237457e-05,13.687681862749066,NNP,NN,0,fat,0,0,1,0,0,1,0,1,0,0,-1
fatal,5,5,3.7893715706187286e-05,14.687681862749066,JJ,JJ,0,fatal,1,0,0,1,0,1,0,1,0,0,-1
fatality,1,8,7.578743141237457e-06,17.009609957636428,NN,NN,0,fatal,0,0,0,1,0,1,0,1,0,0,-1
fate,2,4,1.5157486282474914e-05,16.009609957636428,NN,NN,0,fate,0,1,0,0,0,1,0,0,0,0,-1
fault,2,5,1.5157486282474914e-05,16.009609957636428,NN,NN,0,fault,0,0,0,0,0,1,0,1,0,0,-1
favorite,13,8,9.852366083608696e-05,13.309170239495336,JJ,JJ,0,favorit,0,0,0,0,1,0,1,0,0,1,1
fear,2,4,1.5157486282474914e-05,16.009609957636428,NN,NN,0,fear,1,0,0,1,0,1,0,0,0,0,-1
feat,1,4,7.578743141237457e-06,17.009609957636428,NN,NN,0,feat,0,1,0,0,1,0,1,0,1,0,1
fee,4,3,3.0314972564949827e-05,15.009609957636428,NN,NN,0,fee,1,0,0,0,0,1,0,0,0,0,-1
feeling,21,7,0.0001591536059659,12.617292534857668,NN,NN,0,feel,1,1,1,1,1,1,1,1,1,1,0
fell,8,4,6.0629945129899655e-05,14.009609957636428,VBD,VB,0,fell,0,0,0,0,0,1,0,1,0,0,-1
fellow,10,6,7.578743141237457e-05,13.687681862749066,NN,NN,0,fellow,0,0,0,0,0,0,1,0,0,1,1
festival,10,8,7.578743141237457e-05,13.687681862749066,NNP,NN,0,festiv,0,1,0,0,1,0,1,0,1,0,1
fete,3,4,2.2736229423712372e-05,15.424647456915272,NNP,NN,0,fete,0,1,0,0,1,0,1,0,1,0,1
feud,1,4,7.578743141237457e-06,17.009609957636428,NN,NN,0,feud,1,0,0,0,0,1,0,0,0,0,-1
fiend,1,5,7.578743141237457e-06,17.009609957636428,NN,NN,0,fiend,1,0,1,1,0,1,0,0,0,0,-1
fight,55,5,0.000416830872768,11.228250244111768,NN,NN,0,fight,1,0,0,1,0,1,0,0,0,0,-1
fighting,12,8,9.094491769484948e-05,13.424647456915272,VBG,VB,0,fight,1,0,0,0,0,1,0,0,0,0,-1
finally,18,7,0.0001364173765422,12.839684956194116,RB,RB,0,final,0,1,1,0,1,0,1,0,1,1,1
firmness,1,8,7.578743141237457e-06,17.009609957636428,NN,NN,0,firm,0,0,0,0,0,0,1,0,0,1,1
fits,2,4,1.5157486282474914e-05,16.009609957636428,NNS,NN,0,fit,1,0,0,0,0,1,0,0,0,0,-1
fitting,1,7,7.578743141237457e-06,17.009609957636428,VBG,VB,0,fit,0,1,0,0,1,0,1,0,0,1,1
flagrant,2,8,1.5157486282474914e-05,16.009609957636428,JJ,JJ,0,flagrant,1,0,1,0,0,1,0,0,0,0,-1
flattering,1,10,7.578743141237457e-06,17.009609957636428,JJ,JJ,0,flatter,0,0,0,0,1,0,1,0,0,0,1
flee,3,4,2.2736229423712372e-05,15.424647456915272,VB,VB,0,flee,0,0,0,1,0,1,0,0,0,0,-1
flying,7,6,5.30512019886622e-05,14.202255035578824,VBG,VB,0,fli,0,0,0,1,0,0,1,0,0,0,1
foe,1,3,7.578743141237457e-06,17.009609957636428,NN,NN,0,foe,1,0,0,1,0,1,0,0,0,0,-1
food,26,4,0.0001970473216721,12.309170239495336,NN,NN,0,food,0,0,0,0,1,0,1,0,0,1,1
fool,1,4,7.578743141237457e-06,17.009609957636428,NN,NN,0,fool,0,0,1,0,0,1,0,0,0,0,-1
football,27,8,0.0002046260648134,12.25472245547296,NN,NN,0,footbal,0,1,0,0,1,0,1,0,0,0,1
forbidding,1,10,7.578743141237457e-06,17.009609957636428,VBG,VB,0,forbid,1,0,0,1,0,1,0,0,0,0,-1
force,33,5,0.0002500985236608,11.965215838277976,NNP,NN,0,forc,1,0,0,1,0,1,0,0,0,0,-1
forced,20,6,0.0001515748628247,12.687681862749066,VBN,VB,0,forc,0,0,0,1,0,1,0,0,0,0,-1
forcibly,1,8,7.578743141237457e-06,17.009609957636428,RB,RB,0,forcibl,1,0,0,1,0,1,0,0,0,0,-1
forearm,1,7,7.578743141237457e-06,17.009609957636428,NN,NN,0,forearm,1,1,0,0,0,0,0,0,0,0,0
forecast,2,8,1.5157486282474914e-05,16.009609957636428,NN,NN,0,forecast,0,1,0,0,0,0,0,0,0,1,0
forgotten,3,9,2.2736229423712372e-05,15.424647456915272,JJ,JJ,0,forgotten,0,0,0,1,0,1,0,1,0,0,-1
formula,2,7,1.5157486282474914e-05,16.009609957636428,NN,NN,0,formula,0,0,0,0,0,0,1,0,0,1,1
fortitude,1,9,7.578743141237457e-06,17.009609957636428,NN,NN,0,fortitud,0,0,0,0,1,0,1,0,0,1,1
fortune,9,7,6.820868827113711e-05,13.839684956194116,NN,NN,0,fortun,0,1,0,0,1,0,1,0,1,1,1
foul,2,4,1.5157486282474914e-05,16.009609957636428,JJ,JJ,0,foul,1,0,1,1,0,1,0,0,0,0,-1
found,62,5,0.0004698820747567,11.055413647249551,VBD,VB,0,found,0,0,0,0,1,0,1,0,0,1,1
frank,34,5,0.000257677266802,11.922147116386087,NNP,NN,0,frank,0,0,0,0,0,0,1,0,0,1,1
fraud,6,5,4.5472458847424745e-05,14.424647456915272,NN,NN,0,fraud,1,0,0,0,0,1,0,0,0,0,-1
freedom,14,7,0.0001061024039773,13.202255035578824,NN,NN,0,freedom,0,0,0,0,1,0,1,0,0,1,1
freely,1,6,7.578743141237457e-06,17.009609957636428,RB,RB,0,freeli,0,0,0,0,1,0,1,0,0,1,1
friend,28,6,0.0002122048079546,12.202255035578824,NN,NN,0,friend,0,0,0,0,1,0,1,0,0,1,1
friendly,6,8,4.5472458847424745e-05,14.424647456915272,JJ,JJ,0,friendli,0,1,0,0,1,0,1,0,0,1,1
friendship,3,10,2.2736229423712372e-05,15.424647456915272,NN,NN,0,friendship,0,0,0,0,1,0,1,0,0,1,1
frightened,4,10,3.0314972564949827e-05,15.009609957636428,JJ,JJ,0,frighten,0,0,0,1,0,1,0,0,1,0,-1
frown,1,5,7.578743141237457e-06,17.009609957636428,VB,VB,0,frown,0,0,0,0,0,1,0,1,0,0,-1
frustrated,3,10,2.2736229423712372e-05,15.424647456915272,JJ,VB,0,frustrat,1,0,0,0,0,1,0,0,0,0,-1
frustration,1,11,7.578743141237457e-06,17.009609957636428,NN,NN,0,frustrat,1,0,0,0,0,1,0,0,0,0,-1
fugitive,3,8,2.2736229423712372e-05,15.424647456915272,JJ,JJ,0,fugit,1,0,1,1,0,1,0,1,0,1,-1
fully,3,5,2.2736229423712372e-05,15.424647456915272,RB,RB,0,fulli,0,0,0,0,0,0,1,0,0,1,1
fun,5,3,3.7893715706187286e-05,14.687681862749066,NN,NN,0,fun,0,1,0,0,1,0,1,0,0,0,1
fungus,1,6,7.578743141237457e-06,17.009609957636428,NNP,NN,0,fungu,0,0,1,0,0,1,0,0,0,0,-1
funk,3,4,2.2736229423712372e-05,15.424647456915272,NN,NN,0,funk,0,0,0,0,0,1,0,1,0,0,-1
fury,1,4,7.578743141237457e-06,17.009609957636428,NN,NN,0,furi,1,0,0,1,0,1,0,1,0,0,-1
fuse,1,4,7.578743141237457e-06,17.009609957636428,NN,NN,0,fuse,0,0,0,0,0,0,1,0,0,1,1
fuss,3,4,2.2736229423712372e-05,15.424647456915272,NN,NN,0,fuss,1,0,0,0,0,1,0,1,0,0,-1
gain,5,4,3.7893715706187286e-05,14.687681862749066,VB,VB,0,gain,0,1,0,0,1,0,1,0,0,0,1
gambling,1,8,7.578743141237457e-06,17.009609957636428,NN,NN,0,gambl,0,1,0,0,0,1,0,0,1,0,-1
gang,6,4,4.5472458847424745e-05,14.424647456915272,NN,NN,0,gang,1,0,0,1,0,1,0,0,0,0,-1
garbage,1,7,7.578743141237457e-06,17.009609957636428,NN,NN,0,garbag,0,0,1,0,0,1,0,0,0,0,-1
garden,9,6,6.820868827113711e-05,13.839684956194116,NNP,NN,0,garden,0,0,0,0,1,0,1,0,0,0,1
garrison,1,8,7.578743141237457e-06,17.009609957636428,NNP,NN,0,garrison,0,0,0,0,0,0,1,0,0,1,1
gasping,1,7,7.578743141237457e-06,17.009609957636428,VBG,VB,0,gasp,0,0,0,1,0,1,0,0,0,0,-1
gem,1,3,7.578743141237457e-06,17.009609957636428,NN,NN,0,gem,0,0,0,0,1,0,1,0,0,0,1
general,57,7,0.0004319883590505,11.176719943471689,NNP,NN,0,gener,0,0,0,0,0,0,1,0,0,1,1
generous,2,8,1.5157486282474914e-05,16.009609957636428,JJ,JJ,0,gener,0,0,0,0,1,0,1,0,0,1,1
gent,1,4,7.578743141237457e-06,17.009609957636428,NN,NN,0,gent,1,0,1,1,0,1,0,0,0,0,-1
gentleman,1,9,7.578743141237457e-06,17.009609957636428,NN,NN,0,gentleman,0,0,0,0,0,0,1,0,0,1,1
gentry,1,6,7.578743141237457e-06,17.009609957636428,NNP,NN,0,gentri,0,0,0,0,0,0,1,0,0,1,1
genuine,4,7,3.0314972564949827e-05,15.009609957636428,JJ,JJ,0,genuin,0,0,0,0,0,0,1,0,0,1,1
germ,1,4,7.578743141237457e-06,17.009609957636428,NN,NN,0,germ,0,1,1,0,0,0,0,0,0,0,0
ghetto,1,6,7.578743141237457e-06,17.009609957636428,NN,NN,0,ghetto,0,0,1,1,0,1,0,1,0,0,-1
gift,12,4,9.094491769484948e-05,13.424647456915272,NN,NN,0,gift,0,1,0,0,1,0,1,0,1,0,1
glad,3,4,2.2736229423712372e-05,15.424647456915272,NN,NN,0,glad,0,1,0,0,1,0,1,0,0,0,1
glee,1,4,7.578743141237457e-06,17.009609957636428,NN,NN,0,glee,0,0,0,0,1,0,1,0,0,0,1
glitter,2,7,1.5157486282474914e-05,16.009609957636428,NN,NN,0,glitter,0,0,1,0,1,0,0,0,0,0,0
glorification,1,13,7.578743141237457e-06,17.009609957636428,NN,NN,0,glorif,0,0,0,0,1,0,1,0,0,0,1
glory,1,5,7.578743141237457e-06,17.009609957636428,NN,NN,0,glori,0,1,0,0,1,0,1,0,0,1,1
glow,1,4,7.578743141237457e-06,17.009609957636428,NNP,NN,0,glow,0,1,0,0,1,0,1,0,0,1,1
god,19,3,0.0001439961196835,12.761682444192845,NNP,NN,0,god,0,1,0,1,1,0,1,0,0,1,1
godless,1,7,7.578743141237457e-06,17.009609957636428,NNP,NN,0,godless,1,0,0,0,0,1,0,0,0,0,-1
good,99,4,0.0007502955709825,10.38025333755682,JJ,JJ,0,good,0,1,0,0,1,0,1,0,1,1,1
goodness,1,8,7.578743141237457e-06,17.009609957636428,VBN,VB,0,good,0,1,0,0,1,0,1,0,1,1,1
gore,1,4,7.578743141237457e-06,17.009609957636428,NNP,NN,0,gore,1,0,1,1,0,1,0,1,0,0,-1
gorgeous,1,8,7.578743141237457e-06,17.009609957636428,JJ,JJ,0,gorgeou,0,0,0,0,1,0,1,0,0,0,1
gory,1,4,7.578743141237457e-06,17.009609957636428,JJ,JJ,0,gori,1,0,1,1,0,1,0,1,0,0,-1
gospel,10,6,7.578743141237457e-05,13.687681862749066,NNP,NN,0,gospel,0,0,0,0,0,0,1,0,0,1,1
govern,1,6,7.578743141237457e-06,17.009609957636428,VB,VB,0,govern,0,0,0,0,0,0,1,0,0,1,1
government,53,10,0.0004016733864855,11.28168950307323,NN,NN,0,govern,0,0,0,1,0,1,0,0,0,0,-1
graduation,4,10,3.0314972564949827e-05,15.009609957636428,NN,NN,0,graduat,0,1,0,1,1,0,1,0,1,1,1
grandchildren,6,13,4.5472458847424745e-05,14.424647456915272,NN,NN,0,grandchildren,0,1,0,0,1,0,1,0,0,1,1
grant,10,5,7.578743141237457e-05,13.687681862749066,NNP,NN,0,grant,0,1,0,0,1,0,1,0,0,1,1
grating,1,7,7.578743141237457e-06,17.009609957636428,NN,NN,0,grate,1,0,1,0,0,1,0,0,0,0,-1
gratitude,1,9,7.578743141237457e-06,17.009609957636428,NN,NN,0,gratitud,0,0,0,0,1,0,1,0,0,0,1
grave,4,5,3.0314972564949827e-05,15.009609957636428,NN,NN,0,grave,0,0,0,1,0,1,0,1,0,0,-1
gray,2,4,1.5157486282474914e-05,16.009609957636428,NNP,NN,0,gray,0,0,1,0,0,0,0,1,0,0,0
greatness,1,9,7.578743141237457e-06,17.009609957636428,NN,NN,0,great,0,0,0,0,1,0,1,0,1,1,1
green,25,5,0.0001894685785309,12.365753767861705,NNP,NN,0,green,0,0,0,0,1,0,1,0,0,1,1
greeting,2,8,1.5157486282474914e-05,16.009609957636428,NN,NN,0,greet,0,0,0,0,0,0,1,0,1,0,1
grief,3,5,2.2736229423712372e-05,15.424647456915272,NN,NN,0,grief,0,0,0,0,0,1,0,1,0,0,-1
grizzly,1,7,7.578743141237457e-06,17.009609957636428,NNP,NN,0,grizzli,0,0,0,1,0,1,0,0,0,0,-1
gross,8,5,6.0629945129899655e-05,14.009609957636428,NNP,NN,0,gross,0,0,1,0,0,1,0,0,0,0,-1
grow,2,4,1.5157486282474914e-05,16.009609957636428,VB,VB,0,grow,0,1,0,0,1,0,1,0,0,1,1
guarantee,6,9,4.5472458847424745e-05,14.424647456915272,NN,NN,0,guarante,0,0,0,0,0,0,1,0,0,1,1
guard,19,5,0.0001439961196835,12.761682444192845,NNP,NN,0,guard,0,0,0,1,0,0,1,0,0,1,1
guardian,4,8,3.0314972564949827e-05,15.009609957636428,JJ,JJ,0,guardian,0,0,0,0,0,0,1,0,0,1,1
guardianship,4,12,3.0314972564949827e-05,15.009609957636428,NN,NN,0,guardianship,0,0,0,0,0,0,1,0,0,1,1
guidance,1,8,7.578743141237457e-06,17.009609957636428,NN,NN,0,guidanc,0,0,0,0,0,0,1,0,0,1,1
guide,7,5,5.30512019886622e-05,14.202255035578824,NNP,NN,0,guid,0,0,0,0,0,0,1,0,0,1,1
guilt,7,5,5.30512019886622e-05,14.202255035578824,NN,NN,0,guilt,0,0,1,0,0,1,0,1,0,0,-1
guilty,13,6,9.852366083608696e-05,13.309170239495336,JJ,JJ,0,guilti,1,0,0,0,0,1,0,1,0,0,-1
gun,14,3,0.0001061024039773,13.202255035578824,NN,NN,0,gun,1,0,0,1,0,1,0,0,0,0,-1
hag,1,3,7.578743141237457e-06,17.009609957636428,NN,NN,0,hag,0,0,1,1,0,1,0,0,0,0,-1
hanging,4,7,3.0314972564949827e-05,15.009609957636428,VBG,VB,0,hang,1,0,1,1,0,1,0,1,0,0,-1
happily,3,7,2.2736229423712372e-05,15.424647456915272,RB,RB,0,happili,0,0,0,0,1,0,1,0,0,0,1
happiness,3,9,2.2736229423712372e-05,15.424647456915272,NNP,NN,0,happi,0,1,0,0,1,0,1,0,0,0,1
happy,22,5,0.0001667323491072,12.550178338999132,JJ,JJ,0,happi,0,1,0,0,1,0,1,0,0,1,1
harass,1,6,7.578743141237457e-06,17.009609957636428,NN,NN,0,harass,1,0,1,0,0,1,0,0,0,0,-1
hardy,2,5,1.5157486282474914e-05,16.009609957636428,NNP,NN,0,hardi,0,0,0,0,1,0,1,0,0,1,1
harm,4,4,3.0314972564949827e-05,15.009609957636428,NN,NN,0,harm,0,0,0,1,0,1,0,0,0,0,-1
harmful,1,7,7.578743141237457e-06,17.009609957636428,JJ,JJ,0,harm,1,0,1,1,0,1,0,1,0,0,-1
harmony,1,7,7.578743141237457e-06,17.009609957636428,NN,NN,0,harmoni,0,0,0,0,1,0,1,0,0,1,1
harrowing,1,9,7.578743141237457e-06,17.009609957636428,VBG,VB,0,harrow,0,0,0,1,0,1,0,0,0,0,-1
harry,16,5,0.0001212598902597,13.009609957636428,NNP,NN,0,harri,1,0,0,0,0,1,0,1,0,0,-1
harvest,3,7,2.2736229423712372e-05,15.424647456915272,NN,NN,0,harvest,0,1,0,0,1,0,1,0,0,0,1
hate,4,4,3.0314972564949827e-05,15.009609957636428,NN,NN,0,hate,1,0,1,1,0,1,0,1,0,0,-1
hatred,3,6,2.2736229423712372e-05,15.424647456915272,NN,NN,0,hatr,1,0,1,1,0,1,0,1,0,0,-1
haunt,1,5,7.578743141237457e-06,17.009609957636428,VB,VB,0,haunt,0,0,0,1,0,1,0,0,0,0,-1
haven,9,5,6.820868827113711e-05,13.839684956194116,NN,VB,1,haven,0,0,0,0,0,0,1,0,0,1,1
hazard,1,6,7.578743141237457e-06,17.009609957636428,VB,VB,0,hazard,0,0,0,1,0,1,0,0,0,0,-1
heal,1,4,7.578743141237457e-06,17.009609957636428,NN,NN,0,heal,0,0,0,0,1,0,1,0,0,1,1
hearing,16,7,0.0001212598902597,13.009609957636428,NN,NN,0,hear,0,0,0,1,0,1,0,0,0,0,-1
hearse,1,6,7.578743141237457e-06,17.009609957636428,NN,NN,0,hears,0,0,0,1,0,1,0,1,0,0,-1
heartless,1,9,7.578743141237457e-06,17.009609957636428,NN,NN,0,heartless,0,0,0,0,0,1,0,1,0,0,-1
heavenly,1,8,7.578743141237457e-06,17.009609957636428,RB,RB,0,heavenli,0,1,0,0,1,0,1,0,0,1,1
hell,5,4,3.7893715706187286e-05,14.687681862749066,NN,NN,0,hell,1,0,1,1,0,1,0,1,0,0,-1
helmet,1,6,7.578743141237457e-06,17.009609957636428,NN,NN,0,helmet,0,0,0,1,0,0,1,0,0,0,1
helper,3,6,2.2736229423712372e-05,15.424647456915272,NN,NN,0,helper,0,0,0,0,0,0,1,0,0,1,1
helpful,3,7,2.2736229423712372e-05,15.424647456915272,JJ,JJ,0,help,0,0,0,0,1,0,1,0,0,1,1
hemorrhage,3,10,2.2736229423712372e-05,15.424647456915272,NN,NN,0,hemorrhag,0,0,1,1,0,1,0,1,0,0,-1
hero,9,4,6.820868827113711e-05,13.839684956194116,NN,NN,0,hero,0,1,0,0,1,0,1,0,1,1,1
heroic,1,6,7.578743141237457e-06,17.009609957636428,JJ,JJ,0,heroic,0,0,0,0,1,0,1,0,1,1,1
hesitation,1,10,7.578743141237457e-06,17.009609957636428,NN,NN,0,hesit,0,0,0,1,0,1,0,0,0,0,-1
heyday,1,6,7.578743141237457e-06,17.009609957636428,NN,NN,0,heyday,0,1,0,0,1,0,1,0,0,1,1
highest,17,7,0.000128838633401,12.922147116386087,JJS,JJ,0,highest,0,1,0,1,1,1,1,0,1,0,0
hire,9,4,6.820868827113711e-05,13.839684956194116,VB,VB,0,hire,0,1,0,0,1,0,1,0,0,1,1
hit,60,3,0.0004547245884742,11.10271936202791,VBD,VB,0,hit,1,0,0,0,0,1,0,0,0,0,-1
hoax,1,4,7.578743141237457e-06,17.009609957636428,NN,NN,0,hoax,1,0,1,0,0,1,0,1,1,0,-1
hobby,1,5,7.578743141237457e-06,17.009609957636428,NN,NN,0,hobbi,0,0,0,0,1,0,1,0,0,0,1
hog,3,3,2.2736229423712372e-05,15.424647456915272,NN,NN,0,hog,0,0,1,0,0,1,0,0,0,0,-1
holiday,7,7,5.30512019886622e-05,14.202255035578824,NNP,NN,0,holiday,0,1,0,0,1,0,1,0,0,0,1
homeless,1,8,7.578743141237457e-06,17.009609957636428,JJ,JJ,0,homeless,1,1,1,1,0,1,0,1,0,0,-1
homicide,2,8,1.5157486282474914e-05,16.009609957636428,NN,NN,0,homicid,1,0,1,1,0,1,0,1,0,0,-1
honesty,1,7,7.578743141237457e-06,17.009609957636428,NN,NN,0,honesti,0,0,0,0,0,0,1,0,0,1,1
honeymoon,6,9,4.5472458847424745e-05,14.424647456915272,NN,NN,0,honeymoon,0,1,0,0,1,0,1,0,1,1,1
honor,24,5,0.0001818898353896,12.424647456915272,NN,NN,0,honor,0,0,0,0,0,0,1,0,0,1,1
honorable,1,9,7.578743141237457e-06,17.009609957636428,JJ,JJ,0,honor,0,0,0,0,0,0,1,0,0,1,1
hood,1,4,7.578743141237457e-06,17.009609957636428,NNP,NN,0,hood,1,0,1,1,0,1,0,0,0,0,-1
hope,16,4,0.0001212598902597,13.009609957636428,VBP,VB,0,hope,0,1,0,0,1,0,1,0,1,1,1
hopeful,1,7,7.578743141237457e-06,17.009609957636428,JJ,JJ,0,hope,0,1,0,0,1,0,1,0,1,1,1
hopeless,1,8,7.578743141237457e-06,17.009609957636428,NN,NN,0,hopeless,0,0,0,1,0,1,0,1,0,0,-1
horrible,1,8,7.578743141237457e-06,17.009609957636428,JJ,JJ,0,horribl,1,0,1,1,0,1,0,0,0,0,-1
hospital,113,8,0.0008563979749598,10.18943099522124,NNP,NN,0,hospit,0,0,0,1,0,0,0,1,0,1,0
hostilities,1,11,7.578743141237457e-06,17.009609957636428,NNS,NN,0,hostil,1,0,0,1,0,1,0,0,0,0,-1
hostility,1,9,7.578743141237457e-06,17.009609957636428,NN,NN,0,hostil,1,0,1,0,0,1,0,0,0,0,-1
hug,1,3,7.578743141237457e-06,17.009609957636428,NN,NN,0,hug,0,0,0,0,1,0,1,0,0,1,1
humanitarian,1,12,7.578743141237457e-06,17.009609957636428,JJ,JJ,0,humanitarian,0,1,0,0,1,0,1,0,1,1,1
humanity,5,8,3.7893715706187286e-05,14.687681862749066,NN,NN,0,human,0,0,0,0,1,0,1,0,0,1,1
humiliation,1,11,7.578743141237457e-06,17.009609957636428,NN,NN,0,humili,0,0,1,0,0,1,0,1,0,0,-1
humility,2,8,1.5157486282474914e-05,16.009609957636428,NN,NN,0,humil,0,0,0,0,0,0,1,0,0,1,1
hunter,10,6,7.578743141237457e-05,13.687681862749066,NNP,NN,0,hunter,0,1,0,1,0,1,0,1,0,0,-1
hunting,1,7,7.578743141237457e-06,17.009609957636428,VBG,VB,0,hunt,1,1,0,1,0,1,0,0,0,0,-1
hurrah,1,6,7.578743141237457e-06,17.009609957636428,NNP,NN,0,hurrah,0,0,0,0,1,0,1,0,0,0,1
hurricane,2,9,1.5157486282474914e-05,16.009609957636428,NNP,NN,0,hurrican,0,0,0,1,0,1,0,0,0,0,-1
hurried,2,7,1.5157486282474914e-05,16.009609957636428,NNP,NN,0,hurri,0,1,0,0,0,1,0,0,0,0,-1
hurt,15,4,0.0001136811471185,13.10271936202791,NNP,VB,0,hurt,1,0,0,1,0,1,0,1,0,0,-1
hurting,1,7,7.578743141237457e-06,17.009609957636428,VBG,VB,0,hurt,1,0,0,1,0,1,0,1,0,0,-1
hut,4,3,3.0314972564949827e-05,15.009609957636428,NN,NN,0,hut,0,0,0,0,0,0,1,1,0,0,1
hysteria,2,8,1.5157486282474914e-05,16.009609957636428,NN,NN,0,hysteria,0,0,0,1,0,1,0,0,0,0,-1
ill,8,3,6.0629945129899655e-05,14.009609957636428,NNP,NN,0,ill,1,0,1,1,0,1,0,1,0,0,-1
illegal,9,7,6.820868827113711e-05,13.839684956194116,JJ,JJ,0,illeg,1,0,1,1,0,1,0,1,0,0,-1
illegitimate,2,12,1.5157486282474914e-05,16.009609957636428,JJ,JJ,0,illegitim,1,0,1,1,0,1,0,1,1,0,-1
illicit,1,7,7.578743141237457e-06,17.009609957636428,JJ,JJ,0,illicit,1,0,1,1,0,1,0,0,0,0,-1
illiterate,1,10,7.578743141237457e-06,17.009609957636428,NN,NN,0,illiter,0,0,1,0,0,1,0,0,0,0,-1
illness,12,7,9.094491769484948e-05,13.424647456915272,NN,NN,0,ill,0,0,0,1,0,1,0,1,0,0,-1
illusion,4,8,3.0314972564949827e-05,15.009609957636428,NN,NN,0,illus,0,0,0,0,0,1,0,0,1,0,-1
immediately,4,11,3.0314972564949827e-05,15.009609957636428,RB,RB,0,immedi,0,1,0,0,0,1,1,0,0,0,0
impartial,2,9,1.5157486282474914e-05,16.009609957636428,JJ,JJ,0,imparti,0,0,0,0,0,0,1,0,0,1,1
importance,3,10,2.2736229423712372e-05,15.424647456915272,NN,NN,0,import,0,1,0,0,0,0,1,0,0,0,1
important,24,9,0.0001818898353896,12.424647456915272,JJ,JJ,0,import,0,0,0,0,0,0,1,0,0,1,1
impossible,3,10,2.2736229423712372e-05,15.424647456915272,JJ,JJ,0,imposs,0,0,0,0,0,1,0,1,0,0,-1
imprisoned,1,10,7.578743141237457e-06,17.009609957636428,VBN,VB,0,imprison,1,0,1,1,0,1,0,1,0,0,-1
imprisonment,4,12,3.0314972564949827e-05,15.009609957636428,NN,NN,0,imprison,1,0,1,1,0,1,0,1,0,0,-1
improve,6,7,4.5472458847424745e-05,14.424647456915272,VB,VB,0,improv,0,1,0,0,1,0,1,0,0,1,1
improvement,2,11,1.5157486282474914e-05,16.009609957636428,NN,NN,0,improv,0,0,0,0,1,0,1,0,0,1,1
inability,1,9,7.578743141237457e-06,17.009609957636428,NN,NN,0,inabl,0,0,0,0,0,1,0,1,0,0,-1
inadequate,2,10,1.5157486282474914e-05,16.009609957636428,JJ,JJ,0,inadequ,0,0,0,0,0,1,0,1,0,0,-1
inappropriate,1,13,7.578743141237457e-06,17.009609957636428,JJ,JJ,0,inappropri,1,0,1,0,0,1,0,1,0,0,-1
inauguration,1,12,7.578743141237457e-06,17.009609957636428,NN,NN,0,inaugur,0,1,0,0,1,0,1,0,0,1,1
incarceration,1,13,7.578743141237457e-06,17.009609957636428,NN,NN,0,incarcer,1,0,1,1,0,1,0,1,0,0,-1
incite,1,6,7.578743141237457e-06,17.009609957636428,VB,VB,0,incit,1,1,0,1,0,1,0,0,0,0,-1
income,16,6,0.0001212598902597,13.009609957636428,NN,NN,0,incom,0,1,0,0,1,1,1,1,0,1,0
incompetent,1,11,7.578743141237457e-06,17.009609957636428,NN,NN,0,incompet,1,0,0,0,0,1,0,1,0,0,-1
incurable,1,9,7.578743141237457e-06,17.009609957636428,JJ,JJ,0,incur,1,0,1,1,0,1,0,1,0,0,-1
independence,5,12,3.7893715706187286e-05,14.687681862749066,NN,NN,0,independ,0,1,0,0,1,0,1,0,1,1,1
indict,1,6,7.578743141237457e-06,17.009609957636428,NNP,NN,0,indict,1,0,0,1,0,1,0,0,0,0,-1
indictment,4,10,3.0314972564949827e-05,15.009609957636428,NN,NN,0,indict,0,0,0,1,0,1,0,0,0,0,-1
indignant,1,9,7.578743141237457e-06,17.009609957636428,JJ,JJ,0,indign,1,0,0,0,0,1,0,0,0,0,-1
indignation,1,11,7.578743141237457e-06,17.009609957636428,NN,NN,0,indign,1,0,1,0,0,1,0,0,0,0,-1
inequality,1,10,7.578743141237457e-06,17.009609957636428,NN,NN,0,inequ,1,0,0,1,0,1,0,1,0,0,-1
infant,7,6,5.30512019886622e-05,14.202255035578824,NN,NN,0,infant,0,1,0,1,1,0,1,0,1,0,1
infection,1,9,7.578743141237457e-06,17.009609957636428,NN,NN,0,infect,0,0,0,1,0,1,0,0,0,0,-1
inferior,2,8,1.5157486282474914e-05,16.009609957636428,JJ,JJ,0,inferior,0,0,0,0,0,1,0,1,0,0,-1
infidelity,2,10,1.5157486282474914e-05,16.009609957636428,NN,NN,0,infidel,1,0,1,1,0,1,0,1,0,0,-1
infinity,1,8,7.578743141237457e-06,17.009609957636428,NN,NN,0,infin,0,1,0,0,1,0,1,0,0,1,1
inflation,1,9,7.578743141237457e-06,17.009609957636428,NN,NN,0,inflat,0,0,0,1,0,1,0,0,0,0,-1
influence,12,9,9.094491769484948e-05,13.424647456915272,NN,NN,0,influenc,0,0,0,0,0,1,1,0,0,0,0
influential,2,11,1.5157486282474914e-05,16.009609957636428,JJ,JJ,0,influenti,0,0,0,0,0,0,1,0,0,1,1
inheritance,1,11,7.578743141237457e-06,17.009609957636428,NN,NN,0,inherit,0,1,0,0,1,0,1,0,1,1,1
inimitable,3,10,2.2736229423712372e-05,15.424647456915272,JJ,JJ,0,inimit,0,0,0,0,0,0,1,0,0,1,1
injured,9,7,6.820868827113711e-05,13.839684956194116,JJ,JJ,0,injur,0,0,0,1,0,1,0,1,0,0,-1
injury,4,6,3.0314972564949827e-05,15.009609957636428,NN,NN,0,injuri,1,0,0,1,0,1,0,1,0,0,-1
injustice,2,9,1.5157486282474914e-05,16.009609957636428,NN,NN,0,injustic,1,0,0,0,0,1,0,0,0,0,-1
inmate,1,6,7.578743141237457e-06,17.009609957636428,NN,NN,0,inmat,0,0,1,1,0,1,0,0,0,0,-1
innocent,3,8,2.2736229423712372e-05,15.424647456915272,NNP,NN,0,innoc,0,0,0,0,0,0,1,0,0,1,1
insane,7,6,5.30512019886622e-05,14.202255035578824,NN,NN,0,insan,1,0,0,1,0,1,0,0,0,0,-1
insecure,2,8,1.5157486282474914e-05,16.009609957636428,NN,NN,0,insecur,1,0,0,1,0,1,0,1,0,0,-1
inspire,1,7,7.578743141237457e-06,17.009609957636428,NN,NN,0,inspir,0,1,0,0,1,0,1,0,0,1,1
inspired,5,8,3.7893715706187286e-05,14.687681862749066,VBN,VB,0,inspir,0,0,0,0,1,0,1,0,1,1,1
instruct,1,8,7.578743141237457e-06,17.009609957636428,NN,NN,0,instruct,0,0,0,0,0,0,1,0,0,1,1
instruction,2,11,1.5157486282474914e-05,16.009609957636428,NN,NN,0,instruct,0,0,0,0,0,0,1,0,0,1,1
instructions,1,12,7.578743141237457e-06,17.009609957636428,NNS,NN,0,instruct,0,1,0,0,0,0,0,0,0,1,0
instructor,7,10,5.30512019886622e-05,14.202255035578824,NN,NN,0,instructor,0,1,0,0,0,0,1,0,0,1,1
insure,5,6,3.7893715706187286e-05,14.687681862749066,VB,VB,0,insur,0,0,0,0,0,0,1,0,0,1,1
intact,2,6,1.5157486282474914e-05,16.009609957636428,JJ,JJ,0,intact,0,0,0,0,0,0,1,0,0,1,1
integrity,1,9,7.578743141237457e-06,17.009609957636428,NN,NN,0,integr,0,0,0,0,0,0,1,0,0,1,1
intelligence,4,12,3.0314972564949827e-05,15.009609957636428,NN,NN,0,intellig,0,0,0,1,1,0,1,0,0,1,1
intelligent,2,11,1.5157486282474914e-05,16.009609957636428,JJ,JJ,0,intellig,0,0,0,0,0,0,1,0,0,1,1
intended,3,8,2.2736229423712372e-05,15.424647456915272,VBN,VB,0,intend,0,1,0,0,0,0,1,0,0,0,1
intense,1,7,7.578743141237457e-06,17.009609957636428,JJ,JJ,0,intens,1,0,1,1,1,1,1,0,1,1,0
inter,1,5,7.578743141237457e-06,17.009609957636428,NN,NN,0,inter,0,0,0,0,0,1,0,1,0,0,-1
interested,9,10,6.820868827113711e-05,13.839684956194116,JJ,JJ,0,interest,0,0,1,0,0,0,1,1,0,0,1
interior,8,8,6.0629945129899655e-05,14.009609957636428,JJ,JJ,0,interior,0,0,1,0,0,0,1,0,0,1,1
interrupted,1,11,7.578743141237457e-06,17.009609957636428,VBD,VB,0,interrupt,0,0,0,0,0,1,0,1,0,0,-1
intimate,5,8,3.7893715706187286e-05,14.687681862749066,JJ,JJ,0,intim,0,1,0,0,1,0,1,0,0,1,1
intimately,1,10,7.578743141237457e-06,17.009609957636428,RB,RB,0,intim,0,1,0,1,1,0,0,0,0,0,0
intimidation,1,12,7.578743141237457e-06,17.009609957636428,NN,NN,0,intimid,1,0,0,1,0,1,0,0,0,0,-1
intoxicated,1,11,7.578743141237457e-06,17.009609957636428,JJ,JJ,0,intox,0,0,1,0,0,1,0,0,0,0,-1
intruder,1,8,7.578743141237457e-06,17.009609957636428,NN,NN,0,intrud,1,0,0,1,0,1,0,0,1,0,-1
invitation,3,10,2.2736229423712372e-05,15.424647456915272,NN,NN,0,invit,0,1,0,0,0,0,1,0,0,0,1
invocation,1,10,7.578743141237457e-06,17.009609957636428,NN,NN,0,invoc,0,1,0,0,0,0,0,0,0,1,0
irate,4,5,3.0314972564949827e-05,15.009609957636428,NN,NN,0,irat,1,0,0,0,0,1,0,0,0,0,-1
iron,3,4,2.2736229423712372e-05,15.424647456915272,NN,NN,0,iron,0,0,0,0,0,0,1,0,0,1,1
irritation,1,10,7.578743141237457e-06,17.009609957636428,NN,NN,0,irrit,1,0,1,0,0,1,0,1,0,0,-1
isolated,1,8,7.578743141237457e-06,17.009609957636428,JJ,JJ,0,isol,0,0,0,1,0,1,0,1,0,0,-1
jackpot,1,7,7.578743141237457e-06,17.009609957636428,NN,NN,0,jackpot,0,1,0,0,1,0,1,0,1,0,1
jail,34,4,0.000257677266802,11.922147116386087,NN,NN,0,jail,0,0,0,1,0,1,0,1,0,0,-1
jealous,1,7,7.578743141237457e-06,17.009609957636428,JJ,JJ,0,jealou,1,0,1,0,0,1,0,0,0,0,-1
jealousy,1,8,7.578743141237457e-06,17.009609957636428,NN,NN,0,jealousi,1,0,1,1,0,1,0,1,0,0,-1
jerk,1,4,7.578743141237457e-06,17.009609957636428,VB,VB,0,jerk,1,0,0,0,0,0,0,0,1,0,0
john,111,4,0.0008412404886773,10.215194091286325,NNP,NN,0,john,0,0,1,0,0,1,0,0,0,0,-1
journey,2,7,1.5157486282474914e-05,16.009609957636428,NNP,NN,0,journey,0,1,0,1,1,0,1,0,0,0,1
joy,9,3,6.820868827113711e-05,13.839684956194116,NNP,NN,0,joy,0,0,0,0,1,0,1,0,0,0,1
jubilant,1,8,7.578743141237457e-06,17.009609957636428,NN,NN,0,jubil,0,0,0,0,1,0,1,0,1,1,1
judicial,2,8,1.5157486282474914e-05,16.009609957636428,JJ,JJ,0,judici,0,1,0,0,0,0,1,0,0,1,1
judiciary,4,9,3.0314972564949827e-05,15.009609957636428,NNP,NN,0,judiciari,0,1,0,0,0,0,0,0,0,1,0
jump,11,4,8.336617455361203e-05,13.550178338999132,NN,NN,0,jump,0,0,0,0,1,0,1,0,0,0,1
justice,31,7,0.0002349410373783,12.055413647249551,NNP,NN,0,justic,0,0,0,0,0,0,1,0,0,1,1
khan,3,4,2.2736229423712372e-05,15.424647456915272,NNP,NN,0,khan,0,0,0,1,0,0,0,0,0,1,0
kick,2,4,1.5157486282474914e-05,16.009609957636428,NN,NN,0,kick,1,0,0,0,0,1,0,0,0,0,-1
kidnap,2,6,1.5157486282474914e-05,16.009609957636428,NN,NN,0,kidnap,1,0,0,1,0,1,0,1,1,0,-1
kill,6,4,4.5472458847424745e-05,14.424647456915272,VB,VB,0,kill,0,0,0,1,0,1,0,1,0,0,-1
killing,5,7,3.7893715706187286e-05,14.687681862749066,VBG,VB,0,kill,1,0,0,1,0,1,0,1,0,0,-1
kind,27,4,0.0002046260648134,12.25472245547296,NN,NN,0,kind,0,0,0,0,1,0,1,0,0,1,1
kiss,6,4,4.5472458847424745e-05,14.424647456915272,NN,NN,0,kiss,0,1,0,0,1,0,1,0,1,0,1
labor,37,5,0.0002804134962257,11.80015659200748,NN,NN,0,labor,0,1,0,0,1,0,1,0,1,1,1
labored,1,7,7.578743141237457e-06,17.009609957636428,VBN,VB,0,labor,0,0,0,0,0,1,0,1,0,0,-1
lace,2,4,1.5157486282474914e-05,16.009609957636428,NNP,NN,0,lace,1,0,0,1,0,1,1,1,0,1,0
larceny,1,7,7.578743141237457e-06,17.009609957636428,NNP,NN,0,larceni,0,0,1,0,0,1,0,0,0,0,-1
larger,3,6,2.2736229423712372e-05,15.424647456915272,JJR,JJ,0,larger,0,0,1,0,0,0,0,0,1,1,0
late,40,4,0.0003031497256494,11.687681862749066,JJ,JJ,0,late,0,0,0,0,0,1,0,1,0,0,-1
laugh,1,5,7.578743141237457e-06,17.009609957636428,RB,RB,0,laugh,0,0,0,0,1,0,1,0,1,0,1
laughter,1,8,7.578743141237457e-06,17.009609957636428,NN,NN,0,laughter,0,1,0,0,1,0,1,0,1,0,1
launch,3,6,2.2736229423712372e-05,15.424647456915272,NNP,VB,0,launch,0,1,0,0,0,0,1,0,0,0,1
lawlessness,1,11,7.578743141237457e-06,17.009609957636428,JJ,JJ,0,lawless,1,0,0,1,0,1,0,0,0,0,-1
lawsuit,1,7,7.578743141237457e-06,17.009609957636428,NN,NN,0,lawsuit,1,0,1,1,0,1,0,1,1,0,-1
lawyer,25,6,0.0001894685785309,12.365753767861705,NN,NN,0,lawyer,1,0,1,1,0,1,0,0,0,0,-1
leader,41,6,0.0003107284687907,11.652057953018344,NN,NN,0,leader,0,0,0,0,0,0,1,0,0,1,1
leave,27,5,0.0002046260648134,12.25472245547296,VB,VB,0,leav,0,0,0,0,0,1,0,1,1,0,-1
legal,36,5,0.0002728347530845,11.839684956194116,JJ,JJ,0,legal,0,0,0,0,0,0,1,0,0,1,1
legalized,1,9,7.578743141237457e-06,17.009609957636428,VBN,VB,0,legal,1,0,0,1,1,0,1,0,0,1,1
leisure,2,7,1.5157486282474914e-05,16.009609957636428,NN,NN,0,leisur,0,1,0,0,1,0,1,0,1,1,1
lemon,2,5,1.5157486282474914e-05,16.009609957636428,NN,NN,0,lemon,0,0,1,0,0,1,0,0,0,0,-1
lesbian,1,7,7.578743141237457e-06,17.009609957636428,JJ,JJ,0,lesbian,0,0,1,0,0,1,0,1,0,0,-1
lessen,1,6,7.578743141237457e-06,17.009609957636428,VB,VB,0,lessen,0,1,0,0,0,1,0,0,0,0,-1
lesson,4,6,3.0314972564949827e-05,15.009609957636428,NN,NN,0,lesson,0,1,0,0,0,0,1,0,0,1,1
level,8,5,6.0629945129899655e-05,14.009609957636428,NN,NN,0,level,0,0,0,0,0,0,1,0,0,1,1
lewd,1,4,7.578743141237457e-06,17.009609957636428,NN,NN,0,lewd,0,0,1,0,0,1,0,0,0,0,-1
liberal,9,7,6.820868827113711e-05,13.839684956194116,JJ,JJ,0,liber,0,0,0,0,0,1,1,0,0,0,0
lie,3,3,2.2736229423712372e-05,15.424647456915272,NN,NN,0,lie,1,0,1,0,0,1,0,1,0,0,-1
liking,1,6,7.578743141237457e-06,17.009609957636428,VBG,VB,0,like,0,0,0,0,1,0,1,0,0,1,1
limited,3,7,2.2736229423712372e-05,15.424647456915272,VBN,VB,0,limit,1,0,0,0,0,1,0,1,0,0,-1
liquor,17,6,0.000128838633401,12.922147116386087,NN,NN,0,liquor,1,0,0,0,1,1,0,1,0,0,-1
lonely,1,6,7.578743141237457e-06,17.009609957636428,RB,RB,0,lone,1,0,1,1,0,1,0,1,0,0,-1
loo,2,3,1.5157486282474914e-05,16.009609957636428,NN,NN,0,loo,0,0,1,0,0,1,0,0,0,0,-1
lord,6,4,4.5472458847424745e-05,14.424647456915272,NNP,NN,0,lord,0,0,1,0,0,1,1,0,0,1,0
lose,16,4,0.0001212598902597,13.009609957636428,VB,VB,0,lose,1,0,1,1,0,1,0,1,1,0,-1
losing,7,6,5.30512019886622e-05,14.202255035578824,VBG,VB,0,lose,1,0,0,0,0,1,0,1,0,0,-1
loss,14,4,0.0001061024039773,13.202255035578824,NN,NN,0,loss,1,0,0,1,0,1,0,1,0,0,-1
lost,27,4,0.0002046260648134,12.25472245547296,VBD,VB,0,lost,0,0,0,0,0,1,0,1,0,0,-1
lovable,1,7,7.578743141237457e-06,17.009609957636428,JJ,JJ,0,lovabl,0,0,0,0,1,0,1,0,0,1,1
love,71,4,0.0005380907630278,10.859862838131749,NNP,NN,0,love,0,0,0,0,1,0,1,0,0,0,1
lovely,8,6,6.0629945129899655e-05,14.009609957636428,JJ,JJ,0,love,0,1,0,0,1,0,1,1,1,1,1
lover,4,5,3.0314972564949827e-05,15.009609957636428,NN,NN,0,lover,0,1,0,0,1,0,1,0,0,1,1
loving,6,6,4.5472458847424745e-05,14.424647456915272,NNP,NN,0,love,0,0,0,0,1,0,1,0,0,1,1
lower,14,5,0.0001061024039773,13.202255035578824,JJR,JJ,0,lower,0,0,0,0,0,1,0,1,0,0,-1
lowest,1,6,7.578743141237457e-06,17.009609957636428,JJS,JJ,0,lowest,0,0,0,0,0,1,0,1,0,0,-1
lowly,1,5,7.578743141237457e-06,17.009609957636428,RB,RB,0,lowli,0,0,0,0,0,1,0,1,0,0,-1
loyal,1,5,7.578743141237457e-06,17.009609957636428,JJ,JJ,0,loyal,0,0,0,1,1,0,1,0,1,1,1
loyalty,1,7,7.578743141237457e-06,17.009609957636428,NN,NN,0,loyalti,0,0,0,0,0,0,1,0,0,1,1
luck,3,4,2.2736229423712372e-05,15.424647456915272,NN,NN,0,luck,0,1,0,0,1,0,1,0,1,0,1
lucky,3,5,2.2736229423712372e-05,15.424647456915272,JJ,JJ,0,lucki,0,0,0,0,1,0,1,0,1,0,1
lunacy,1,6,7.578743141237457e-06,17.009609957636428,NN,NN,0,lunaci,1,0,1,1,0,1,0,1,0,0,-1
lust,1,4,7.578743141237457e-06,17.009609957636428,NN,NN,0,lust,0,1,0,0,0,1,0,0,0,0,-1
luxurious,2,9,1.5157486282474914e-05,16.009609957636428,JJ,JJ,0,luxuri,0,0,0,0,1,0,1,0,0,0,1
luxury,3,6,2.2736229423712372e-05,15.424647456915272,NN,NN,0,luxuri,0,0,0,0,1,0,1,0,0,0,1
lying,3,5,2.2736229423712372e-05,15.424647456915272,VBG,VB,0,lie,1,0,1,0,0,1,0,0,0,0,-1
lynch,1,5,7.578743141237457e-06,17.009609957636428,NNP,NN,0,lynch,1,0,1,1,0,1,0,1,0,0,-1
mace,1,4,7.578743141237457e-06,17.009609957636428,NNP,NN,0,mace,0,0,0,1,0,1,0,0,0,0,-1
mad,3,3,2.2736229423712372e-05,15.424647456915272,NNP,NN,0,mad,1,0,1,1,0,1,0,1,0,0,-1
madness,1,7,7.578743141237457e-06,17.009609957636428,NNP,NN,0,mad,1,0,0,1,0,1,0,0,0,0,-1
magical,1,7,7.578743141237457e-06,17.009609957636428,JJ,JJ,0,magic,0,1,0,0,1,0,1,0,1,0,1
magnificent,1,11,7.578743141237457e-06,17.009609957636428,JJ,JJ,0,magnific,0,1,0,0,1,0,1,0,1,1,1
mainstay,1,8,7.578743141237457e-06,17.009609957636428,NN,NN,0,mainstay,0,0,0,0,0,0,1,0,0,1,1
majestic,1,8,7.578743141237457e-06,17.009609957636428,JJ,JJ,0,majest,0,1,0,0,1,0,1,0,1,1,1
majority,9,8,6.820868827113711e-05,13.839684956194116,NN,NN,0,major,0,0,0,0,1,0,1,0,0,1,1
malpractice,1,11,7.578743141237457e-06,17.009609957636428,NN,NN,0,malpractic,1,0,0,0,0,1,0,0,0,0,-1
manage,1,6,7.578743141237457e-06,17.009609957636428,VB,VB,0,manag,0,0,0,0,0,0,1,0,0,1,1
management,13,10,9.852366083608696e-05,13.309170239495336,NN,NN,0,manag,0,0,0,0,0,0,1,0,0,1,1
maniac,2,6,1.5157486282474914e-05,16.009609957636428,NN,NN,0,maniac,1,0,0,1,0,1,0,0,0,0,-1
manslaughter,2,12,1.5157486282474914e-05,16.009609957636428,NN,NN,0,manslaught,1,0,1,1,0,1,0,1,1,0,-1
margin,3,6,2.2736229423712372e-05,15.424647456915272,NN,NN,0,margin,0,0,0,0,0,1,0,1,0,0,-1
marriage,50,8,0.0003789371570618,11.365753767861705,NN,NN,0,marriag,0,1,0,0,1,0,1,0,0,1,1
marry,10,5,7.578743141237457e-05,13.687681862749066,VB,VB,0,marri,0,1,0,1,1,0,1,0,1,1,1
marshal,2,7,1.5157486282474914e-05,16.009609957636428,NN,NN,0,marshal,0,0,0,0,0,0,1,0,0,1,1
marvel,1,6,7.578743141237457e-06,17.009609957636428,NN,NN,0,marvel,0,0,0,0,0,0,1,0,1,0,1
massacre,4,8,3.0314972564949827e-05,15.009609957636428,NNP,NN,0,massacr,1,0,1,1,0,1,0,1,0,0,-1
mate,13,4,9.852366083608696e-05,13.309170239495336,NN,NN,0,mate,0,0,0,0,0,0,1,0,0,1,1
matron,4,6,3.0314972564949827e-05,15.009609957636428,NN,NN,0,matron,0,0,0,0,0,0,1,0,0,1,1
measured,4,8,3.0314972564949827e-05,15.009609957636428,VBN,VB,0,measur,0,0,0,0,0,0,1,0,0,1,1
medal,3,5,2.2736229423712372e-05,15.424647456915272,NNP,NN,0,medal,0,1,0,0,1,0,1,0,1,1,1
mediate,1,7,7.578743141237457e-06,17.009609957636428,VB,VB,0,mediat,0,1,0,0,0,0,1,0,0,1,1
medical,43,7,0.0003258859550732,11.58334520293433,JJ,JJ,0,medic,0,1,0,1,0,0,1,0,0,1,1
mercenary,1,9,7.578743141237457e-06,17.009609957636428,JJ,JJ,0,mercenari,0,0,0,1,0,1,0,0,0,0,-1
merciless,1,9,7.578743141237457e-06,17.009609957636428,JJ,JJ,0,merciless,0,0,0,1,0,1,0,0,0,0,-1
merge,1,5,7.578743141237457e-06,17.009609957636428,NNP,NN,0,merg,0,1,0,0,0,0,1,0,0,0,1
merit,5,5,3.7893715706187286e-05,14.687681862749066,NNP,NN,0,merit,0,0,0,0,0,0,1,0,0,1,1
mess,4,4,3.0314972564949827e-05,15.009609957636428,NN,NN,0,mess,0,0,1,0,0,1,0,0,0,0,-1
mighty,3,6,2.2736229423712372e-05,15.424647456915272,NNP,NN,0,mighti,1,0,0,1,1,0,1,0,0,1,1
ministry,5,8,3.7893715706187286e-05,14.687681862749066,NN,NN,0,ministri,0,0,0,0,1,0,1,0,0,1,1
miracle,2,7,1.5157486282474914e-05,16.009609957636428,NNP,NN,0,miracl,0,1,0,0,1,0,1,0,1,1,1
misbehavior,1,11,7.578743141237457e-06,17.009609957636428,NN,NN,0,misbehavior,1,0,1,0,0,1,0,0,1,0,-1
miscarriage,1,11,7.578743141237457e-06,17.009609957636428,NN,NN,0,miscarriag,0,0,0,1,0,1,0,1,0,0,-1
misery,2,6,1.5157486282474914e-05,16.009609957636428,NN,NN,0,miseri,1,0,1,1,0,1,0,1,0,0,-1
mishap,1,6,7.578743141237457e-06,17.009609957636428,NN,NN,0,mishap,0,0,1,1,0,1,0,1,1,0,-1
misleading,1,10,7.578743141237457e-06,17.009609957636428,JJ,JJ,0,mislead,1,0,1,0,0,1,0,0,0,0,-1
missing,7,7,5.30512019886622e-05,14.202255035578824,VBG,VB,0,miss,0,0,0,1,0,1,0,1,0,0,-1
mistake,4,7,3.0314972564949827e-05,15.009609957636428,NN,NN,0,mistak,0,0,0,0,0,1,0,1,0,0,-1
mistaken,3,8,2.2736229423712372e-05,15.424647456915272,JJ,JJ,0,mistaken,0,0,0,1,0,1,0,0,0,0,-1
mistress,3,8,2.2736229423712372e-05,15.424647456915272,NN,NN,0,mistress,1,0,1,0,0,1,0,0,0,0,-1
mob,5,3,3.7893715706187286e-05,14.687681862749066,NN,NN,0,mob,1,0,0,1,0,1,0,0,0,0,-1
modest,1,6,7.578743141237457e-06,17.009609957636428,JJ,JJ,0,modest,0,0,0,0,0,0,1,0,0,1,1
momentum,1,8,7.578743141237457e-06,17.009609957636428,NN,NN,0,momentum,0,1,0,0,0,0,1,0,0,0,1
monetary,1,8,7.578743141237457e-06,17.009609957636428,JJ,JJ,0,monetari,0,1,0,0,0,0,1,0,0,0,1
money,58,5,0.0004395671021917,11.151628962508855,NN,NN,0,money,1,1,0,0,1,0,1,0,1,1,1
moody,2,5,1.5157486282474914e-05,16.009609957636428,NNP,NN,0,moodi,1,0,0,0,0,1,0,1,0,0,-1
moral,2,5,1.5157486282474914e-05,16.009609957636428,JJ,JJ,0,moral,1,0,0,0,0,0,1,0,0,1,1
morals,2,6,1.5157486282474914e-05,16.009609957636428,NNS,NN,0,moral,1,1,1,0,1,0,1,0,1,1,1
morgue,3,6,2.2736229423712372e-05,15.424647456915272,NNP,NN,0,morgu,0,0,1,1,0,1,0,1,0,0,-1
mortuary,3,8,2.2736229423712372e-05,15.424647456915272,JJ,NN,0,mortuari,0,0,0,1,0,1,0,1,0,0,-1
mother,61,6,0.0004623033316154,11.07887262007354,NN,NN,0,mother,0,1,0,0,1,1,1,1,0,1,0
muddy,1,5,7.578743141237457e-06,17.009609957636428,JJ,JJ,0,muddi,0,0,1,0,0,1,0,0,0,0,-1
mum,1,3,7.578743141237457e-06,17.009609957636428,JJ,JJ,0,mum,0,0,0,1,0,1,0,0,0,0,-1
murder,27,6,0.0002046260648134,12.25472245547296,NN,NN,0,murder,1,0,1,1,0,1,0,1,1,0,-1
murderer,3,8,2.2736229423712372e-05,15.424647456915272,NN,NN,0,murder,1,0,1,1,0,1,0,1,0,0,-1
music,75,5,0.0005684057355928,10.780791267140549,NN,NN,0,music,0,0,0,0,1,0,1,1,0,0,1
musical,19,7,0.0001439961196835,12.761682444192845,JJ,JJ,0,music,1,1,0,0,1,0,1,1,1,1,1
mysterious,2,10,1.5157486282474914e-05,16.009609957636428,JJ,JJ,0,mysteri,0,1,0,1,0,0,0,0,1,0,0
mystery,2,7,1.5157486282474914e-05,16.009609957636428,NN,NN,0,mysteri,0,1,0,0,0,0,0,0,1,0,0
nab,4,3,3.0314972564949827e-05,15.009609957636428,NNP,NN,0,nab,0,0,0,0,0,1,0,0,1,0,-1
nasty,1,5,7.578743141237457e-06,17.009609957636428,JJ,JJ,0,nasti,1,0,1,1,0,1,0,1,0,0,-1
nausea,1,6,7.578743141237457e-06,17.009609957636428,NN,NN,0,nausea,0,0,1,0,0,1,0,0,0,0,-1
negative,4,8,3.0314972564949827e-05,15.009609957636428,JJ,JJ,0,neg,0,0,0,0,0,1,0,1,0,0,-1
neglected,3,9,2.2736229423712372e-05,15.424647456915272,VBN,VB,0,neglect,1,0,1,0,0,1,0,1,0,0,-1
negotiate,1,9,7.578743141237457e-06,17.009609957636428,VB,VB,0,negoti,0,0,0,0,0,0,1,0,0,1,1
negro,390,5,0.0029557098250826,8.402279643886818,NNP,NN,0,negro,0,0,0,0,0,1,0,1,0,0,-1
neighbor,4,8,3.0314972564949827e-05,15.009609957636428,NN,NN,0,neighbor,0,1,0,0,0,0,1,0,0,1,1
nervous,5,7,3.7893715706187286e-05,14.687681862749066,JJ,JJ,0,nervou,0,1,0,1,0,1,0,0,0,0,-1
nicotine,8,8,6.0629945129899655e-05,14.009609957636428,JJ,JJ,0,nicotin,0,0,1,0,0,1,0,0,0,0,-1
nightmare,1,9,7.578743141237457e-06,17.009609957636428,NNP,NN,0,nightmar,0,0,0,1,0,1,0,0,0,0,-1
noble,8,5,6.0629945129899655e-05,14.009609957636428,NNP,NN,0,nobl,0,0,0,0,0,0,1,0,0,1,1
noisy,1,5,7.578743141237457e-06,17.009609957636428,JJ,JJ,0,noisi,1,0,0,0,0,1,0,0,0,0,-1
notable,1,7,7.578743141237457e-06,17.009609957636428,JJ,JJ,0,notabl,0,0,0,0,1,0,1,0,0,1,1
notoriety,1,9,7.578743141237457e-06,17.009609957636428,NN,NN,0,notorieti,1,0,1,1,0,1,1,0,0,0,0
nuisance,1,8,7.578743141237457e-06,17.009609957636428,NN,NN,0,nuisanc,1,0,0,0,0,1,0,0,0,0,-1
nurse,7,5,5.30512019886622e-05,14.202255035578824,NN,NN,0,nurs,0,0,0,0,0,0,1,0,0,1,1
nursery,2,7,1.5157486282474914e-05,16.009609957636428,JJ,JJ,0,nurseri,0,0,0,0,1,0,1,0,0,1,1
oath,3,4,2.2736229423712372e-05,15.424647456915272,NN,NN,0,oath,0,0,0,0,0,0,1,0,0,1,1
obey,3,4,2.2736229423712372e-05,15.424647456915272,IN,IN,0,obey,0,0,0,1,0,0,0,0,0,1,0
obituary,1,8,7.578743141237457e-06,17.009609957636428,JJ,JJ,0,obituari,0,0,0,0,0,1,0,1,0,0,-1
objection,1,9,7.578743141237457e-06,17.009609957636428,NN,NN,0,object,1,0,0,0,0,1,0,0,0,0,-1
objective,3,9,2.2736229423712372e-05,15.424647456915272,JJ,JJ,0,object,0,1,0,0,0,0,1,0,0,1,1
oblivion,1,8,7.578743141237457e-06,17.009609957636428,NN,NN,0,oblivion,1,0,0,1,0,1,0,0,0,0,-1
obscene,2,7,1.5157486282474914e-05,16.009609957636428,JJ,JJ,0,obscen,0,0,1,0,0,1,0,0,0,0,-1
obscenity,1,9,7.578743141237457e-06,17.009609957636428,NN,NN,0,obscen,1,0,1,0,0,1,0,0,0,0,-1
obtainable,1,10,7.578743141237457e-06,17.009609957636428,NN,NN,0,obtain,0,0,0,0,1,0,1,0,0,0,1
obvious,4,7,3.0314972564949827e-05,15.009609957636428,JJ,JJ,0,obviou,0,0,0,0,0,0,1,0,0,1,1
offended,1,8,7.578743141237457e-06,17.009609957636428,VBD,VB,0,offend,1,0,0,0,0,1,0,1,0,0,-1
offense,4,7,3.0314972564949827e-05,15.009609957636428,NN,NN,0,offens,1,0,1,1,0,1,0,1,0,0,-1
offensive,2,9,1.5157486282474914e-05,16.009609957636428,JJ,JJ,0,offens,1,0,1,0,0,1,0,0,0,0,-1
officer,28,7,0.0002122048079546,12.202255035578824,NN,NN,0,offic,0,0,0,0,0,0,1,0,0,1,1
omen,2,4,1.5157486282474914e-05,16.009609957636428,IN,IN,0,omen,0,1,0,1,0,1,0,0,0,0,-1
ominous,1,7,7.578743141237457e-06,17.009609957636428,JJ,JJ,0,omin,0,1,0,1,0,1,0,0,0,0,-1
opera,11,5,8.336617455361203e-05,13.550178338999132,NNP,NN,0,opera,1,1,0,1,1,0,1,1,1,1,1
operation,22,9,0.0001667323491072,12.550178338999132,NN,NN,0,oper,0,0,0,1,0,0,0,0,0,1,0
opponent,4,8,3.0314972564949827e-05,15.009609957636428,NN,NN,0,oppon,1,1,1,1,0,1,0,0,0,0,-1
opportunity,16,11,0.0001212598902597,13.009609957636428,NN,NN,0,opportun,0,1,0,0,0,0,1,0,0,0,1
opposed,6,7,4.5472458847424745e-05,14.424647456915272,VBD,VB,0,oppos,1,0,0,1,0,1,0,0,0,0,-1
opposition,9,10,6.820868827113711e-05,13.839684956194116,NN,NN,0,opposit,1,0,0,0,0,1,0,0,0,0,-1
oppression,2,10,1.5157486282474914e-05,16.009609957636428,NN,NN,0,oppress,1,0,1,1,0,1,0,1,0,0,-1
orchestra,13,9,9.852366083608696e-05,13.309170239495336,NNP,NN,0,orchestra,1,0,0,0,1,0,1,1,0,1,1
ordained,5,8,3.7893715706187286e-05,14.687681862749066,VBN,VB,0,ordain,0,0,0,0,0,0,1,0,0,1,1
ordeal,5,6,3.7893715706187286e-05,14.687681862749066,NN,NN,0,ordeal,1,0,0,0,0,1,0,0,1,0,-1
ordination,1,10,7.578743141237457e-06,17.009609957636428,NN,NN,0,ordin,0,1,0,0,1,0,1,0,0,1,1
organ,2,5,1.5157486282474914e-05,16.009609957636428,NN,NN,0,organ,0,1,0,0,1,0,0,0,0,0,0
organization,29,12,0.0002197835510958,12.151628962508855,NN,NN,0,organ,0,1,0,0,1,0,1,0,1,1,1
orphan,1,6,7.578743141237457e-06,17.009609957636428,NN,NN,0,orphan,0,0,0,1,0,1,0,1,0,0,-1
oust,1,4,7.578743141237457e-06,17.009609957636428,VB,VB,0,oust,1,0,0,0,0,1,0,1,0,0,-1
outrage,2,7,1.5157486282474914e-05,16.009609957636428,NN,NN,0,outrag,1,0,1,0,0,1,0,0,0,0,-1
outstanding,8,11,6.0629945129899655e-05,14.009609957636428,JJ,JJ,0,outstand,0,0,0,0,1,1,1,0,0,0,0
ovation,3,7,2.2736229423712372e-05,15.424647456915272,NN,NN,0,ovat,0,0,0,0,0,1,0,1,0,0,-1
overdue,2,7,1.5157486282474914e-05,16.009609957636428,JJ,JJ,0,overdu,0,1,0,0,0,1,0,1,1,0,-1
overthrow,1,9,7.578743141237457e-06,17.009609957636428,NN,NN,0,overthrow,0,1,0,1,0,1,0,0,0,0,-1
pain,3,4,2.2736229423712372e-05,15.424647456915272,NN,NN,0,pain,0,0,0,1,0,1,0,1,0,0,-1
panic,1,5,7.578743141237457e-06,17.009609957636428,NNP,NN,0,panic,0,0,0,1,0,1,0,0,0,0,-1
parade,4,6,3.0314972564949827e-05,15.009609957636428,NN,NN,0,parad,0,1,0,1,1,1,1,0,1,0,0
paralysis,1,9,7.578743141237457e-06,17.009609957636428,NN,NN,0,paralysi,1,1,0,1,0,1,0,1,0,0,-1
paralyzed,3,9,2.2736229423712372e-05,15.424647456915272,VBN,VB,0,paralyz,1,0,0,1,0,1,0,1,1,0,-1
pare,1,4,7.578743141237457e-06,17.009609957636428,NNP,NN,0,pare,1,1,0,1,0,1,0,1,0,0,-1
partake,1,7,7.578743141237457e-06,17.009609957636428,NN,NN,0,partak,0,0,0,0,0,0,1,0,0,1,1
passion,3,7,2.2736229423712372e-05,15.424647456915272,NN,NN,0,passion,0,1,0,0,1,0,1,0,0,1,1
pastor,21,6,0.0001591536059659,12.617292534857668,NN,NN,0,pastor,0,0,0,0,1,0,1,0,0,1,1
patience,3,8,2.2736229423712372e-05,15.424647456915272,NN,NN,0,patienc,0,1,0,0,0,0,1,0,0,1,1
patient,6,7,4.5472458847424745e-05,14.424647456915272,NN,NN,0,patient,0,1,0,0,0,0,1,0,0,0,1
patron,1,6,7.578743141237457e-06,17.009609957636428,NN,NN,0,patron,0,0,0,0,0,0,1,0,0,1,1
patronage,2,9,1.5157486282474914e-05,16.009609957636428,NN,NN,0,patronag,0,0,0,0,0,0,1,0,0,1,1
pay,40,3,0.0003031497256494,11.687681862749066,VB,VB,0,pay,0,1,0,0,1,0,1,0,0,1,1
peace,9,5,6.820868827113711e-05,13.839684956194116,NN,NN,0,peac,0,1,0,0,1,0,1,0,0,1,1
peaceful,2,8,1.5157486282474914e-05,16.009609957636428,JJ,JJ,0,peac,0,1,0,0,1,0,1,0,1,1,1
penalty,2,7,1.5157486282474914e-05,16.009609957636428,NN,NN,0,penalti,1,0,0,1,0,1,0,1,0,0,-1
penitentiary,3,12,2.2736229423712372e-05,15.424647456915272,NNP,NN,0,penitentiari,1,0,0,0,0,1,0,0,0,0,-1
perfect,6,7,4.5472458847424745e-05,14.424647456915272,JJ,JJ,0,perfect,0,1,0,0,1,0,1,0,0,1,1
perjury,1,7,7.578743141237457e-06,17.009609957636428,NN,NN,0,perjuri,0,0,0,1,0,1,0,0,1,0,-1
pertinent,1,9,7.578743141237457e-06,17.009609957636428,JJ,JJ,0,pertin,0,0,0,0,0,0,1,0,0,1,1
petroleum,1,9,7.578743141237457e-06,17.009609957636428,NNP,NN,0,petroleum,0,0,1,0,0,1,1,0,0,0,0
physician,17,9,0.000128838633401,12.922147116386087,NN,NN,0,physician,0,0,0,0,0,0,1,0,0,1,1
picket,5,6,3.7893715706187286e-05,14.687681862749066,NN,NN,0,picket,1,1,0,1,0,1,0,0,0,0,-1
picketing,4,9,3.0314972564949827e-05,15.009609957636428,VBG,NN,0,picket,1,0,0,0,0,1,0,0,0,0,-1
picnic,2,6,1.5157486282474914e-05,16.009609957636428,JJ,JJ,0,picnic,0,1,0,0,1,0,1,0,1,1,1
pill,2,4,1.5157486282474914e-05,16.009609957636428,NN,NN,0,pill,0,0,0,0,0,0,1,0,0,1,1
pilot,2,5,1.5157486282474914e-05,16.009609957636428,NN,NN,0,pilot,0,0,0,0,0,0,1,0,0,1,1
pine,4,4,3.0314972564949827e-05,15.009609957636428,NNP,NN,0,pine,0,0,0,0,0,1,0,1,0,0,-1
pirate,1,6,7.578743141237457e-06,17.009609957636428,NNP,NN,0,pirat,1,0,0,0,0,1,0,0,0,0,-1
planning,11,8,8.336617455361203e-05,13.550178338999132,VBG,VB,0,plan,0,1,0,0,0,0,1,0,0,1,1
playground,2,10,1.5157486282474914e-05,16.009609957636428,NN,NN,0,playground,0,1,0,0,1,0,1,0,1,1,1
plea,2,4,1.5157486282474914e-05,16.009609957636428,NN,NN,0,plea,0,1,0,1,0,1,0,1,0,0,-1
pleasant,5,8,3.7893715706187286e-05,14.687681862749066,NNP,NN,0,pleasant,0,1,0,0,1,0,1,0,1,1,1
pleased,1,7,7.578743141237457e-06,17.009609957636428,JJ,JJ,0,pleas,0,0,0,0,1,0,1,0,0,0,1
pledge,2,6,1.5157486282474914e-05,16.009609957636428,NNP,NN,0,pledg,0,0,0,0,1,0,1,0,0,1,1
plight,2,6,1.5157486282474914e-05,16.009609957636428,NN,NN,0,plight,0,1,1,1,0,1,0,1,0,0,-1
plunge,1,6,7.578743141237457e-06,17.009609957636428,NN,NN,0,plung,0,0,0,1,0,1,0,0,0,0,-1
pneumonia,3,9,2.2736229423712372e-05,15.424647456915272,NN,NN,0,pneumonia,0,0,0,1,0,1,0,0,0,0,-1
poison,8,6,6.0629945129899655e-05,14.009609957636428,NN,NN,0,poison,1,0,1,1,0,1,0,1,0,0,-1
poisoning,3,9,2.2736229423712372e-05,15.424647456915272,NN,NN,0,poison,0,0,1,0,0,1,0,0,0,0,-1
police,150,6,0.0011368114711856,9.780791267140549,NN,NN,0,polic,0,0,0,1,0,0,1,0,0,1,1
policeman,11,9,8.336617455361203e-05,13.550178338999132,NN,NN,0,policeman,0,0,0,1,0,0,1,0,0,1,1
pollution,1,9,7.578743141237457e-06,17.009609957636428,NN,NN,0,pollut,0,0,1,0,0,1,0,0,0,0,-1
pop,5,3,3.7893715706187286e-05,14.687681862749066,NN,NN,0,pop,0,0,0,0,0,1,0,0,1,0,-1
possess,3,7,2.2736229423712372e-05,15.424647456915272,VB,VB,0,possess,0,1,0,0,1,0,1,0,0,1,1
possessed,1,9,7.578743141237457e-06,17.009609957636428,VBD,VB,0,possess,1,0,1,1,0,1,0,0,0,0,-1
possession,8,10,6.0629945129899655e-05,14.009609957636428,NN,NN,0,possess,1,0,1,1,0,1,0,0,0,0,-1
pound,15,5,0.0001136811471185,13.10271936202791,NN,NN,0,pound,1,0,0,0,0,1,0,0,0,0,-1
poverty,1,7,7.578743141237457e-06,17.009609957636428,NN,NN,0,poverti,1,0,1,1,0,1,0,1,0,0,-1
powerful,11,8,8.336617455361203e-05,13.550178338999132,JJ,JJ,0,power,1,1,1,1,1,0,1,0,0,1,1
powerless,2,9,1.5157486282474914e-05,16.009609957636428,NN,NN,0,powerless,1,0,1,1,0,1,0,1,0,0,-1
practiced,2,9,1.5157486282474914e-05,16.009609957636428,VBD,VB,0,practic,0,0,0,0,1,0,1,0,1,1,1
praise,9,6,6.820868827113711e-05,13.839684956194116,NN,NN,0,prais,0,0,0,0,1,0,1,0,0,1,1
praised,1,7,7.578743141237457e-06,17.009609957636428,VBD,VB,0,prais,0,0,0,0,1,0,1,0,0,0,1
prank,2,5,1.5157486282474914e-05,16.009609957636428,NN,NN,0,prank,0,0,0,0,0,1,0,0,1,0,-1
pray,2,4,1.5157486282474914e-05,16.009609957636428,NN,NN,0,pray,0,1,0,1,1,0,1,0,1,1,1
predicament,1,11,7.578743141237457e-06,17.009609957636428,NN,NN,0,predica,0,0,0,1,0,1,0,0,0,0,-1
predominant,1,11,7.578743141237457e-06,17.009609957636428,JJ,JJ,0,predomin,0,0,0,0,0,0,1,0,0,1,1
prefer,3,6,2.2736229423712372e-05,15.424647456915272,NNP,VB,0,prefer,0,0,0,0,0,0,1,0,0,1,1
pregnancy,10,9,7.578743141237457e-05,13.687681862749066,NN,NN,0,pregnanc,0,0,1,0,0,1,0,0,0,0,-1
prejudice,8,9,6.0629945129899655e-05,14.009609957636428,NN,NN,0,prejudic,1,0,0,0,0,1,0,0,0,0,-1
prepare,4,7,3.0314972564949827e-05,15.009609957636428,NN,NN,0,prepar,0,1,0,0,0,0,1,0,0,0,1
prepared,9,8,6.820868827113711e-05,13.839684956194116,VBN,VB,0,prepar,0,1,0,0,0,0,1,0,0,1,1
present,21,7,0.0001591536059659,12.617292534857668,JJ,JJ,0,present,0,1,0,0,1,0,1,0,1,1,1
president,237,9,0.0017961621244732,9.12086670873817,NNP,NN,0,presid,0,0,0,0,0,0,1,0,0,1,1
presto,1,6,7.578743141237457e-06,17.009609957636428,VB,VB,0,presto,0,0,0,0,1,0,1,0,1,0,1
presumptuous,1,12,7.578743141237457e-06,17.009609957636428,JJ,JJ,0,presumptu,1,0,1,0,0,1,0,0,0,0,-1
pretty,15,6,0.0001136811471185,13.10271936202791,RB,RB,0,pretti,0,1,0,0,1,0,1,0,0,1,1
prevention,1,10,7.578743141237457e-06,17.009609957636428,NN,NN,0,prevent,0,1,0,0,0,0,1,0,0,0,1
pride,9,5,6.820868827113711e-05,13.839684956194116,NN,NN,0,pride,0,0,0,0,1,0,1,0,0,0,1
priest,3,6,2.2736229423712372e-05,15.424647456915272,NN,NN,0,priest,0,0,0,0,0,0,1,0,0,1,1
priesthood,4,10,3.0314972564949827e-05,15.009609957636428,NN,NN,0,priesthood,0,1,0,0,1,0,1,1,0,1,1
principal,11,9,8.336617455361203e-05,13.550178338999132,NN,NN,0,princip,0,0,0,0,0,0,1,0,0,1,1
prison,27,6,0.0002046260648134,12.25472245547296,NN,NN,0,prison,1,0,0,1,0,1,0,1,0,0,-1
prisoner,1,8,7.578743141237457e-06,17.009609957636428,VBP,VB,0,prison,1,0,1,1,0,1,0,1,0,0,-1
probation,1,9,7.578743141237457e-06,17.009609957636428,NN,NN,0,probat,0,1,0,1,0,0,0,1,0,0,0
problem,30,7,0.0002273622942371,12.10271936202791,NN,NN,0,problem,0,0,0,1,0,1,0,1,0,0,-1
procedure,1,9,7.578743141237457e-06,17.009609957636428,NN,NN,0,procedur,0,0,0,1,0,0,1,0,0,0,1
proctor,2,7,1.5157486282474914e-05,16.009609957636428,NNP,NN,0,proctor,0,0,0,0,0,0,1,0,0,1,1
production,16,10,0.0001212598902597,13.009609957636428,NNP,NN,0,product,0,1,0,0,0,0,1,0,0,0,1
profane,2,7,1.5157486282474914e-05,16.009609957636428,NN,NN,0,profan,1,0,0,0,0,1,0,0,0,0,-1
profanity,1,9,7.578743141237457e-06,17.009609957636428,NN,NN,0,profan,1,0,0,0,0,1,0,0,0,0,-1
professional,19,12,0.0001439961196835,12.761682444192845,JJ,JJ,0,profession,0,0,0,0,0,0,1,0,0,1,1
professor,24,9,0.0001818898353896,12.424647456915272,NN,NN,0,professor,0,0,0,0,0,0,1,0,0,1,1
proficient,1,10,7.578743141237457e-06,17.009609957636428,NN,NN,0,profici,0,0,0,0,0,0,1,0,0,1,1
progress,17,8,0.000128838633401,12.922147116386087,NNP,NN,0,progress,0,1,0,0,1,0,1,0,0,0,1
prohibited,2,10,1.5157486282474914e-05,16.009609957636428,VBD,VB,0,prohibit,1,0,1,1,0,1,0,0,0,0,-1
promise,4,7,3.0314972564949827e-05,15.009609957636428,NN,NN,0,promis,0,0,0,0,1,0,1,0,0,1,1
prophet,1,7,7.578743141237457e-06,17.009609957636428,NNP,NN,0,prophet,0,1,0,0,0,0,1,0,0,1,1
prosecution,2,11,1.5157486282474914e-05,16.009609957636428,NN,NN,0,prosecut,0,0,1,0,0,1,0,0,0,0,-1
prostitute,1,10,7.578743141237457e-06,17.009609957636428,NN,NN,0,prostitut,0,0,1,0,0,1,0,0,0,0,-1
prostitution,2,12,1.5157486282474914e-05,16.009609957636428,NN,NN,0,prostitut,0,0,1,0,0,1,0,1,0,0,-1
proud,13,5,9.852366083608696e-05,13.309170239495336,JJ,JJ,0,proud,0,1,0,0,1,0,1,0,0,1,1
provide,10,7,7.578743141237457e-05,13.687681862749066,VB,VB,0,provid,0,0,0,0,0,0,1,0,0,1,1
providing,3,9,2.2736229423712372e-05,15.424647456915272,VBG,VB,0,provid,0,1,0,0,1,0,1,0,0,1,1
public,77,6,0.0005835632218752,10.742823416941526,JJ,JJ,0,public,0,1,0,0,0,0,1,0,0,0,1
punch,2,5,1.5157486282474914e-05,16.009609957636428,VB,VB,0,punch,1,0,0,1,0,1,0,1,1,0,-1
punish,2,6,1.5157486282474914e-05,16.009609957636428,VB,VB,0,punish,0,0,0,1,0,1,0,0,0,0,-1
punished,1,8,7.578743141237457e-06,17.009609957636428,VBN,VB,0,punish,1,1,1,1,0,1,0,1,0,0,-1
punishment,2,10,1.5157486282474914e-05,16.009609957636428,NN,NN,0,punish,1,0,1,1,0,1,0,0,0,0,-1
purely,3,6,2.2736229423712372e-05,15.424647456915272,RB,RB,0,pure,0,0,0,0,0,0,1,0,0,1,1
qualified,5,9,3.7893715706187286e-05,14.687681862749066,JJ,JJ,0,qualifi,0,0,0,0,0,0,1,0,0,1,1
quarrel,2,7,1.5157486282474914e-05,16.009609957636428,NN,NN,0,quarrel,1,0,0,0,0,1,0,0,0,0,-1
quest,1,5,7.578743141237457e-06,17.009609957636428,JJS,JJ,0,quest,0,1,0,0,0,0,1,0,0,0,1
quiet,10,5,7.578743141237457e-05,13.687681862749066,JJ,JJ,0,quiet,0,0,0,0,0,0,1,1,0,0,1
quiver,1,6,7.578743141237457e-06,17.009609957636428,VB,VB,0,quiver,0,0,0,1,0,1,0,0,0,0,-1
quote,2,5,1.5157486282474914e-05,16.009609957636428,NN,NN,0,quot,0,1,0,0,0,1,1,0,1,0,0
rabid,1,5,7.578743141237457e-06,17.009609957636428,JJ,JJ,0,rabid,1,1,1,1,0,1,0,1,0,0,-1
rack,2,4,1.5157486282474914e-05,16.009609957636428,NN,NN,0,rack,0,0,0,0,0,1,0,1,0,0,-1
radiant,2,7,1.5157486282474914e-05,16.009609957636428,JJ,JJ,0,radiant,0,0,0,0,1,0,1,0,0,0,1
raffle,1,6,7.578743141237457e-06,17.009609957636428,NN,NN,0,raffl,0,1,0,0,0,0,0,0,1,0,0
rage,1,4,7.578743141237457e-06,17.009609957636428,NNP,NN,0,rage,1,0,0,0,0,1,0,0,0,0,-1
rags,1,4,7.578743141237457e-06,17.009609957636428,NNS,NN,0,rag,0,0,1,0,0,1,0,0,0,0,-1
raid,7,4,5.30512019886622e-05,14.202255035578824,NN,NN,0,raid,1,0,0,1,0,1,0,0,1,0,-1
ransom,1,6,7.578743141237457e-06,17.009609957636428,NNP,NN,0,ransom,1,0,0,1,0,1,0,0,0,0,-1
rape,9,4,6.820868827113711e-05,13.839684956194116,NNP,NN,0,rape,1,0,1,1,0,1,0,1,0,0,-1
rapt,1,4,7.578743141237457e-06,17.009609957636428,NNP,NN,0,rapt,0,0,0,0,1,0,1,0,1,1,1
rash,3,4,2.2736229423712372e-05,15.424647456915272,NN,NN,0,rash,0,0,1,0,0,1,0,0,0,0,-1
rating,2,6,1.5157486282474914e-05,16.009609957636428,NN,NN,0,rate,1,0,0,1,0,1,0,1,0,0,-1
rave,4,4,3.0314972564949827e-05,15.009609957636428,JJ,JJ,0,rave,1,0,1,0,1,1,1,0,1,1,0
raving,1,6,7.578743141237457e-06,17.009609957636428,VBG,VB,0,rave,1,1,0,1,1,1,0,0,1,0,-1
react,1,5,7.578743141237457e-06,17.009609957636428,VB,VB,0,react,1,0,0,1,0,0,0,0,0,0,0
real,41,4,0.0003107284687907,11.652057953018344,JJ,JJ,0,real,0,0,0,0,0,0,1,0,0,1,1
rebel,3,5,2.2736229423712372e-05,15.424647456915272,NNP,NN,0,rebel,1,0,0,1,0,1,0,0,0,0,-1
receiving,12,9,9.094491769484948e-05,13.424647456915272,VBG,VB,0,receiv,0,1,0,0,1,0,1,0,1,0,1
recommend,1,9,7.578743141237457e-06,17.009609957636428,VB,VB,0,recommend,0,0,0,0,0,0,1,0,0,1,1
reconciliation,1,14,7.578743141237457e-06,17.009609957636428,NN,NN,0,reconcili,0,1,0,0,1,0,1,0,0,1,1
recreation,7,10,5.30512019886622e-05,14.202255035578824,NN,NN,0,recreat,0,1,0,0,1,0,1,0,0,0,1
recreational,2,12,1.5157486282474914e-05,16.009609957636428,JJ,JJ,0,recreat,0,1,0,0,1,0,1,0,0,0,1
refused,33,7,0.0002500985236608,11.965215838277976,VBD,VB,0,refus,0,0,0,0,0,1,0,1,0,0,-1
regal,3,5,2.2736229423712372e-05,15.424647456915272,NNP,NN,0,regal,0,0,0,0,0,0,1,0,0,1,1
rehabilitation,4,14,3.0314972564949827e-05,15.009609957636428,NN,NN,0,rehabilit,0,1,0,0,0,0,1,0,0,0,1
reject,1,6,7.578743141237457e-06,17.009609957636428,VB,VB,0,reject,1,0,0,1,0,1,0,1,0,0,-1
rejection,1,9,7.578743141237457e-06,17.009609957636428,NN,NN,0,reject,1,0,1,1,0,1,0,1,0,0,-1
relevant,1,8,7.578743141237457e-06,17.009609957636428,JJ,JJ,0,relev,0,0,0,0,0,0,1,0,0,1,1
reliable,4,8,3.0314972564949827e-05,15.009609957636428,JJ,JJ,0,reliabl,0,0,0,0,0,0,1,0,0,1,1
reluctant,2,9,1.5157486282474914e-05,16.009609957636428,JJ,JJ,0,reluct,0,0,0,1,0,1,0,0,0,0,-1
remains,5,7,3.7893715706187286e-05,14.687681862749066,VBZ,VB,0,remain,0,0,1,1,0,1,1,0,0,1,0
remarkable,4,10,3.0314972564949827e-05,15.009609957636428,JJ,JJ,0,remark,0,0,0,0,1,0,1,0,1,1,1
remedy,1,6,7.578743141237457e-06,17.009609957636428,VB,VB,0,remedi,0,1,0,0,1,0,1,0,0,1,1
remove,3,6,2.2736229423712372e-05,15.424647456915272,VB,VB,0,remov,1,0,0,1,0,1,0,1,0,0,-1
reporter,5,8,3.7893715706187286e-05,14.687681862749066,NN,NN,0,report,0,0,0,0,0,0,1,0,0,1,1
rescue,2,6,1.5157486282474914e-05,16.009609957636428,NN,NN,0,rescu,0,1,0,0,1,0,1,0,1,1,1
resent,4,6,3.0314972564949827e-05,15.009609957636428,VBP,VB,0,resent,1,0,0,0,0,1,0,0,0,0,-1
resentful,1,9,7.578743141237457e-06,17.009609957636428,JJ,JJ,0,resent,1,0,0,0,0,1,0,0,0,0,-1
resign,4,6,3.0314972564949827e-05,15.009609957636428,VB,VB,0,resign,1,0,1,1,0,1,0,1,0,0,-1
resignation,8,11,6.0629945129899655e-05,14.009609957636428,NN,NN,0,resign,0,0,0,0,0,1,0,1,1,0,-1
resigned,9,8,6.820868827113711e-05,13.839684956194116,VBD,VB,0,resign,0,0,0,0,0,1,0,1,0,0,-1
resistance,2,10,1.5157486282474914e-05,16.009609957636428,NN,NN,0,resist,1,0,0,0,0,1,0,0,0,0,-1
resisting,1,9,7.578743141237457e-06,17.009609957636428,VBG,VB,0,resist,1,0,0,1,0,1,0,1,0,0,-1
resources,4,9,3.0314972564949827e-05,15.009609957636428,NNS,NN,0,resourc,0,0,0,0,1,0,1,0,0,1,1
respect,7,7,5.30512019886622e-05,14.202255035578824,NN,NN,0,respect,0,1,0,0,1,0,1,0,0,1,1
respectable,2,11,1.5157486282474914e-05,16.009609957636428,JJ,JJ,0,respect,0,0,0,0,0,0,1,0,0,1,1
respects,3,8,2.2736229423712372e-05,15.424647456915272,NNS,NN,0,respect,0,0,0,0,0,0,1,0,0,1,1
responsible,12,11,9.094491769484948e-05,13.424647456915272,JJ,JJ,0,respons,0,0,0,0,0,0,1,0,0,1,1
restorative,1,11,7.578743141237457e-06,17.009609957636428,JJ,JJ,0,restor,0,1,0,0,1,0,1,0,0,1,1
retard,1,6,7.578743141237457e-06,17.009609957636428,VB,VB,0,retard,0,0,1,1,0,1,0,1,0,0,-1
retirement,5,10,3.7893715706187286e-05,14.687681862749066,NN,NN,0,retir,0,1,0,1,1,1,1,1,0,1,0
retribution,1,11,7.578743141237457e-06,17.009609957636428,NN,NN,0,retribut,1,0,0,1,0,1,0,1,0,0,-1
reunion,2,7,1.5157486282474914e-05,16.009609957636428,NN,NN,0,reunion,0,1,0,0,0,0,1,0,0,1,1
revel,2,5,1.5157486282474914e-05,16.009609957636428,NNP,NN,0,revel,0,0,0,0,1,0,1,0,0,0,1
revels,1,6,7.578743141237457e-06,17.009609957636428,NNP,NN,0,revel,0,0,0,0,1,0,1,0,0,0,1
revive,1,6,7.578743141237457e-06,17.009609957636428,VB,VB,0,reviv,0,1,0,0,0,1,1,0,0,0,0
revolt,2,6,1.5157486282474914e-05,16.009609957636428,NN,NN,0,revolt,1,0,0,0,0,1,0,0,1,0,-1
revolution,7,10,5.30512019886622e-05,14.202255035578824,NN,NN,0,revolut,1,1,0,1,0,1,1,1,1,0,0
revolver,2,8,1.5157486282474914e-05,16.009609957636428,NN,NN,0,revolv,1,0,0,1,0,1,0,1,0,0,-1
reward,2,6,1.5157486282474914e-05,16.009609957636428,NN,NN,0,reward,0,1,0,0,1,0,1,0,1,1,1
ridicule,2,8,1.5157486282474914e-05,16.009609957636428,NN,NN,0,ridicul,1,0,1,0,0,1,0,1,0,0,-1
ridiculous,2,10,1.5157486282474914e-05,16.009609957636428,JJ,JJ,0,ridicul,1,0,1,0,0,1,0,0,0,0,-1
rifle,1,5,7.578743141237457e-06,17.009609957636428,JJ,JJ,0,rifl,1,0,0,1,0,1,0,0,0,0,-1
ringer,1,6,7.578743141237457e-06,17.009609957636428,NNP,NN,0,ringer,1,0,0,0,0,1,0,0,0,0,-1
riot,9,4,6.820868827113711e-05,13.839684956194116,NN,NN,0,riot,1,0,0,1,0,1,0,0,0,0,-1
rising,3,6,2.2736229423712372e-05,15.424647456915272,VBG,VB,0,rise,0,1,0,0,1,0,1,0,0,0,1
risk,3,4,2.2736229423712372e-05,15.424647456915272,NN,NN,0,risk,0,1,0,1,0,1,0,0,0,0,-1
rob,2,3,1.5157486282474914e-05,16.009609957636428,VB,VB,0,rob,1,0,1,1,0,1,0,1,0,0,-1
robber,3,6,2.2736229423712372e-05,15.424647456915272,NN,NN,0,robber,0,0,1,1,0,1,0,0,0,0,-1
robbery,3,7,2.2736229423712372e-05,15.424647456915272,NN,NN,0,robberi,1,0,1,1,0,1,0,1,0,0,-1
rollicking,1,10,7.578743141237457e-06,17.009609957636428,VBG,VB,0,rollick,0,0,0,0,1,0,1,0,0,0,1
romance,9,7,6.820868827113711e-05,13.839684956194116,NN,NN,0,romanc,0,1,0,1,1,0,1,1,1,1,1
romantic,4,8,3.0314972564949827e-05,15.009609957636428,JJ,JJ,0,romant,0,1,0,0,1,0,1,0,0,1,1
routine,5,7,3.7893715706187286e-05,14.687681862749066,NN,NN,0,routin,0,0,0,0,0,0,1,0,0,1,1
row,4,3,3.0314972564949827e-05,15.009609957636428,NNP,NN,0,row,1,0,0,0,0,1,0,0,0,0,-1
rue,1,3,7.578743141237457e-06,17.009609957636428,NNP,NN,0,rue,0,0,0,0,0,1,0,1,0,0,-1
rule,4,4,3.0314972564949827e-05,15.009609957636428,NN,NN,0,rule,0,0,0,1,0,0,0,0,0,1,0
rumor,1,5,7.578743141237457e-06,17.009609957636428,NNP,NN,0,rumor,0,0,0,0,0,1,0,1,0,0,-1
runaway,1,7,7.578743141237457e-06,17.009609957636428,NNP,NN,0,runaway,0,0,0,0,0,1,0,1,0,0,-1
ruthless,1,8,7.578743141237457e-06,17.009609957636428,JJ,JJ,0,ruthless,1,0,1,1,0,1,0,0,0,0,-1
sacrifices,1,10,7.578743141237457e-06,17.009609957636428,NNS,NN,0,sacrific,0,0,1,1,0,1,0,1,0,0,-1
sadly,3,5,2.2736229423712372e-05,15.424647456915272,RB,RB,0,sadli,0,0,0,0,0,1,0,1,0,0,-1
safe,5,4,3.7893715706187286e-05,14.687681862749066,JJ,JJ,0,safe,0,0,0,0,1,0,1,0,0,1,1
salary,6,6,4.5472458847424745e-05,14.424647456915272,JJ,JJ,0,salari,0,1,0,0,1,0,1,0,0,1,1
salute,2,6,1.5157486282474914e-05,16.009609957636428,NN,NN,0,salut,0,0,0,0,1,0,1,0,0,0,1
satisfied,5,9,3.7893715706187286e-05,14.687681862749066,NNP,NN,0,satisfi,0,0,0,0,1,0,1,0,0,0,1
saturated,1,9,7.578743141237457e-06,17.009609957636428,VBN,VB,0,satur,0,0,1,0,0,1,0,0,0,0,-1
savage,2,6,1.5157486282474914e-05,16.009609957636428,NN,NN,0,savag,1,0,0,1,0,1,0,0,0,0,-1
save,11,4,8.336617455361203e-05,13.550178338999132,VB,VB,0,save,0,0,0,0,1,0,1,0,0,1,1
scandal,2,7,1.5157486282474914e-05,16.009609957636428,NN,NN,0,scandal,0,0,0,1,0,1,0,0,0,0,-1
scapegoat,3,9,2.2736229423712372e-05,15.424647456915272,NN,NN,0,scapegoat,1,0,0,1,0,1,0,0,0,0,-1
scarce,2,6,1.5157486282474914e-05,16.009609957636428,NN,NN,0,scarc,0,0,0,1,0,1,0,1,0,0,-1
scarcely,1,8,7.578743141237457e-06,17.009609957636428,RB,RB,0,scarc,0,0,0,0,0,1,0,1,0,0,-1
scare,3,5,2.2736229423712372e-05,15.424647456915272,VB,VB,0,scare,1,1,0,1,0,1,0,0,1,0,-1
scholarship,14,11,0.0001061024039773,13.202255035578824,NN,NN,0,scholarship,0,0,0,0,1,0,1,0,0,0,1
scientific,1,10,7.578743141237457e-06,17.009609957636428,JJ,JJ,0,scientif,0,0,0,0,0,0,1,0,0,1,1
score,8,5,6.0629945129899655e-05,14.009609957636428,VB,VB,0,score,0,1,0,0,1,0,1,0,1,0,1
scream,1,6,7.578743141237457e-06,17.009609957636428,NNP,NN,0,scream,1,0,1,1,0,1,0,0,1,0,-1
screaming,1,9,7.578743141237457e-06,17.009609957636428,NN,NN,0,scream,1,0,1,1,0,1,0,0,0,0,-1
seal,1,4,7.578743141237457e-06,17.009609957636428,VBP,VB,0,seal,0,0,0,0,0,0,1,0,0,1,1
seclusion,1,9,7.578743141237457e-06,17.009609957636428,NN,NN,0,seclus,0,0,0,1,0,1,1,0,0,0,0
seize,1,5,7.578743141237457e-06,17.009609957636428,NNP,NN,0,seiz,0,0,0,1,0,1,0,0,0,0,-1
seniority,2,9,1.5157486282474914e-05,16.009609957636428,NN,NN,0,senior,0,0,0,0,0,0,1,0,0,1,1
sensational,4,11,3.0314972564949827e-05,15.009609957636428,JJ,JJ,0,sensat,0,0,0,0,1,0,1,0,0,0,1
senseless,2,9,1.5157486282474914e-05,16.009609957636428,JJ,JJ,0,senseless,1,0,1,1,0,1,0,1,1,0,-1
sensuous,5,8,3.7893715706187286e-05,14.687681862749066,JJ,JJ,0,sensuou,0,0,0,0,1,0,1,0,0,0,1
sentence,21,8,0.0001591536059659,12.617292534857668,NN,NN,0,sentenc,1,1,1,1,0,1,0,1,0,0,-1
sentinel,1,8,7.578743141237457e-06,17.009609957636428,NNP,NN,0,sentinel,0,0,0,0,0,0,1,0,0,1,1
separatist,2,10,1.5157486282474914e-05,16.009609957636428,NN,NN,0,separatist,1,0,1,0,0,1,0,0,0,0,-1
seriousness,1,11,7.578743141237457e-06,17.009609957636428,NN,NN,0,serious,0,0,0,1,0,0,0,1,0,0,0
serve,16,5,0.0001212598902597,13.009609957636428,VB,VB,0,serv,0,0,0,0,0,1,0,0,0,1,-1
sex,26,3,0.0001970473216721,12.309170239495336,NN,NN,0,sex,0,1,0,0,1,0,1,0,0,1,1
shabby,1,6,7.578743141237457e-06,17.009609957636428,RB,RB,0,shabbi,0,0,1,0,0,1,0,0,0,0,-1
shack,3,5,2.2736229423712372e-05,15.424647456915272,NN,NN,0,shack,0,0,1,0,0,1,0,1,0,0,-1
shaking,2,7,1.5157486282474914e-05,16.009609957636428,VBG,VB,0,shake,0,0,0,1,0,1,0,0,0,0,-1
shaky,1,5,7.578743141237457e-06,17.009609957636428,JJ,JJ,0,shaki,1,1,0,1,0,1,0,0,0,0,-1
shame,2,5,1.5157486282474914e-05,16.009609957636428,NN,NN,0,shame,0,0,1,1,0,1,0,1,0,0,-1
share,23,5,0.0001743110922484,12.486048001579416,NN,NN,0,share,0,1,0,0,1,0,1,0,0,1,1
shattered,3,9,2.2736229423712372e-05,15.424647456915272,VBN,VB,0,shatter,0,0,0,0,0,1,0,1,0,0,-1
shell,6,5,4.5472458847424745e-05,14.424647456915272,NN,NN,0,shell,1,0,0,1,0,1,0,1,1,0,-1
shelter,3,7,2.2736229423712372e-05,15.424647456915272,NN,NN,0,shelter,0,0,0,0,0,0,1,0,0,1,1
shining,2,7,1.5157486282474914e-05,16.009609957636428,NN,NN,0,shine,0,1,0,0,1,0,1,0,0,0,1
shock,4,5,3.0314972564949827e-05,15.009609957636428,NN,NN,0,shock,1,0,0,1,0,1,0,0,1,0,-1
shoot,4,5,3.0314972564949827e-05,15.009609957636428,VB,VB,0,shoot,1,0,0,1,0,1,0,0,0,0,-1
shooting,11,8,8.336617455361203e-05,13.550178338999132,NN,NN,0,shoot,1,0,0,1,0,1,0,0,0,0,-1
shoplifting,3,11,2.2736229423712372e-05,15.424647456915272,VBG,VB,0,shoplift,1,0,1,0,0,1,0,0,0,0,-1
shopping,3,8,2.2736229423712372e-05,15.424647456915272,VBG,VB,0,shop,0,1,0,0,1,0,1,0,1,1,1
shortage,1,8,7.578743141237457e-06,17.009609957636428,NN,NN,0,shortag,1,0,0,1,0,1,0,1,0,0,-1
shot,24,4,0.0001818898353896,12.424647456915272,VBD,VB,0,shot,1,0,0,1,0,1,0,1,1,0,-1
shoulder,3,8,2.2736229423712372e-05,15.424647456915272,NN,NN,0,shoulder,0,0,0,0,0,0,1,0,0,1,1
shout,1,5,7.578743141237457e-06,17.009609957636428,NN,NN,0,shout,1,0,0,0,0,0,0,0,1,0,0
shun,2,4,1.5157486282474914e-05,16.009609957636428,NNP,NN,0,shun,1,0,1,0,0,1,0,1,0,0,-1
sick,2,4,1.5157486282474914e-05,16.009609957636428,JJ,JJ,0,sick,0,0,1,0,0,1,0,1,0,0,-1
sickness,1,8,7.578743141237457e-06,17.009609957636428,NN,NN,0,sick,0,0,1,1,0,1,0,1,0,0,-1
sin,1,3,7.578743141237457e-06,17.009609957636428,NNP,NN,0,sin,1,0,1,1,0,1,0,1,0,0,-1
sincere,2,7,1.5157486282474914e-05,16.009609957636428,JJ,JJ,0,sincer,0,0,0,0,0,0,1,0,0,1,1
sinful,2,6,1.5157486282474914e-05,16.009609957636428,NN,NN,0,sin,1,0,1,1,0,1,0,1,0,0,-1
sing,16,4,0.0001212598902597,13.009609957636428,VBG,VB,0,sing,0,1,0,0,1,0,1,1,0,1,1
sir,5,3,3.7893715706187286e-05,14.687681862749066,NNP,NN,0,sir,0,0,0,0,0,0,1,0,0,1,1
skirmish,1,8,7.578743141237457e-06,17.009609957636428,NN,NN,0,skirmish,1,0,0,0,0,1,0,0,0,0,-1
slaughter,1,9,7.578743141237457e-06,17.009609957636428,NNP,NN,0,slaughter,1,0,1,1,0,1,0,1,1,0,-1
slave,7,5,5.30512019886622e-05,14.202255035578824,NN,NN,0,slave,1,0,0,1,0,1,0,1,0,0,-1
slavery,4,7,3.0314972564949827e-05,15.009609957636428,NN,NN,0,slaveri,1,0,1,1,0,1,0,1,0,0,-1
slip,8,4,6.0629945129899655e-05,14.009609957636428,NN,NN,0,slip,0,0,0,0,0,1,0,0,1,0,-1
sloppy,2,6,1.5157486282474914e-05,16.009609957636428,JJ,JJ,0,sloppi,0,0,1,0,0,1,0,0,0,0,-1
slum,4,4,3.0314972564949827e-05,15.009609957636428,NN,NN,0,slum,0,0,1,0,0,1,0,0,0,0,-1
smash,2,5,1.5157486282474914e-05,16.009609957636428,JJ,JJ,0,smash,1,0,0,1,0,1,0,0,0,0,-1
smile,5,5,3.7893715706187286e-05,14.687681862749066,NN,NN,0,smile,0,0,0,0,1,0,1,0,1,1,1
smiling,5,7,3.7893715706187286e-05,14.687681862749066,VBG,VB,0,smile,0,0,0,0,1,0,1,0,0,0,1
snare,1,5,7.578743141237457e-06,17.009609957636428,VB,VB,0,snare,0,0,0,1,0,1,0,0,0,0,-1
sneak,1,5,7.578743141237457e-06,17.009609957636428,JJ,JJ,0,sneak,1,0,0,1,0,1,0,0,1,0,-1
soil,1,4,7.578743141237457e-06,17.009609957636428,NN,NN,0,soil,0,0,1,0,0,1,0,0,0,0,-1
soldier,2,7,1.5157486282474914e-05,16.009609957636428,NN,NN,0,soldier,1,0,0,0,0,0,1,1,0,0,1
sore,1,4,7.578743141237457e-06,17.009609957636428,RB,RB,0,sore,1,0,0,0,0,1,0,1,0,0,-1
sorrow,2,6,1.5157486282474914e-05,16.009609957636428,NN,NN,0,sorrow,0,0,0,1,0,1,0,1,0,0,-1
spank,1,5,7.578743141237457e-06,17.009609957636428,VB,VB,0,spank,1,0,0,1,0,1,0,1,0,0,-1
sparkle,1,7,7.578743141237457e-06,17.009609957636428,NNP,NN,0,sparkl,0,1,0,0,1,0,1,0,1,0,1
spat,1,4,7.578743141237457e-06,17.009609957636428,NNP,NN,0,spat,1,0,0,0,0,1,0,0,0,0,-1
special,47,7,0.0003562009276381,11.45502110595879,JJ,JJ,0,special,0,0,0,0,1,0,1,0,0,0,1
spectacular,3,11,2.2736229423712372e-05,15.424647456915272,JJ,JJ,0,spectacular,0,1,0,0,0,0,0,0,1,0,0
speculation,3,11,2.2736229423712372e-05,15.424647456915272,NN,NN,0,specul,0,0,0,1,0,1,0,1,0,0,-1
spirits,4,7,3.0314972564949827e-05,15.009609957636428,NNS,NN,0,spirit,0,1,0,0,1,0,1,0,1,0,1
spoil,1,5,7.578743141237457e-06,17.009609957636428,VB,VB,0,spoil,0,0,1,0,0,1,0,0,0,0,-1
sponsor,2,7,1.5157486282474914e-05,16.009609957636428,NN,NN,0,sponsor,0,0,0,0,0,0,1,0,0,1,1
spotless,2,8,1.5157486282474914e-05,16.009609957636428,JJ,JJ,0,spotless,0,0,0,0,0,0,1,0,0,1,1
spouse,3,6,2.2736229423712372e-05,15.424647456915272,NN,NN,0,spous,0,0,0,0,1,0,1,0,0,1,1
stab,1,4,7.578743141237457e-06,17.009609957636428,NN,NN,0,stab,1,0,0,1,0,1,0,1,1,0,-1
stable,2,6,1.5157486282474914e-05,16.009609957636428,JJ,JJ,0,stabl,0,0,0,0,0,0,1,0,0,1,1
stamina,1,7,7.578743141237457e-06,17.009609957636428,NN,NN,0,stamina,0,0,0,0,0,0,1,0,0,1,1
star,69,4,0.0005229332767453,10.90108550085826,NN,NN,0,star,0,1,0,0,1,0,1,0,0,1,1
stark,1,5,7.578743141237457e-06,17.009609957636428,NNP,NN,0,stark,0,0,0,0,0,1,0,0,0,1,-1
starvation,1,10,7.578743141237457e-06,17.009609957636428,NN,NN,0,starvat,0,0,0,1,0,1,0,1,0,0,-1
statement,10,9,7.578743141237457e-05,13.687681862749066,NN,NN,0,statement,0,0,0,0,0,0,1,0,0,1,1
steady,1,6,7.578743141237457e-06,17.009609957636428,JJ,JJ,0,steadi,0,0,0,0,0,0,0,0,1,1,0
steal,1,5,7.578743141237457e-06,17.009609957636428,NN,NN,0,steal,1,0,0,1,0,1,0,1,0,0,-1
stealing,4,8,3.0314972564949827e-05,15.009609957636428,VBG,VB,0,steal,0,0,1,1,0,1,0,0,0,0,-1
sterling,2,8,1.5157486282474914e-05,16.009609957636428,NN,NN,0,sterl,1,1,0,0,1,1,1,0,0,1,0
steward,1,7,7.578743141237457e-06,17.009609957636428,NN,NN,0,steward,0,0,0,0,0,0,1,0,0,1,1
stillborn,1,9,7.578743141237457e-06,17.009609957636428,VBN,VB,0,stillborn,0,0,0,0,0,1,0,1,0,0,-1
stint,2,5,1.5157486282474914e-05,16.009609957636428,NN,NN,0,stint,0,0,0,1,0,1,0,1,0,0,-1
stolen,4,6,3.0314972564949827e-05,15.009609957636428,VBN,VB,0,stolen,1,0,0,0,0,1,0,0,0,0,-1
stone,6,5,4.5472458847424745e-05,14.424647456915272,NNP,NN,0,stone,1,0,0,0,0,1,0,0,0,0,-1
store,30,5,0.0002273622942371,12.10271936202791,NN,NN,0,store,0,1,0,0,0,0,1,0,0,0,1
storm,2,5,1.5157486282474914e-05,16.009609957636428,NN,NN,0,storm,1,0,0,0,0,1,0,0,0,0,-1
stormy,1,6,7.578743141237457e-06,17.009609957636428,NNP,NN,0,stormi,0,0,0,1,0,1,0,0,0,0,-1
stranger,1,8,7.578743141237457e-06,17.009609957636428,NN,NN,0,stranger,0,0,0,1,0,1,0,0,0,0,-1
strength,9,8,6.820868827113711e-05,13.839684956194116,NN,NN,0,strength,0,0,0,0,0,0,1,0,0,1,1
strife,1,6,7.578743141237457e-06,17.009609957636428,NN,NN,0,strife,1,0,0,0,0,1,0,0,0,0,-1
strike,4,6,3.0314972564949827e-05,15.009609957636428,VB,VB,0,strike,1,0,0,0,0,1,0,0,0,0,-1
strip,2,5,1.5157486282474914e-05,16.009609957636428,NN,NN,0,strip,0,0,0,0,0,1,0,1,0,0,-1
stripped,1,8,7.578743141237457e-06,17.009609957636428,VBD,VB,0,strip,1,1,1,1,0,1,0,1,0,0,-1
stroke,4,6,3.0314972564949827e-05,15.009609957636428,NN,NN,0,stroke,0,0,0,1,0,1,0,1,0,0,-1
structure,3,9,2.2736229423712372e-05,15.424647456915272,NN,NN,0,structur,0,0,0,0,0,0,1,0,0,1,1
struggle,4,8,3.0314972564949827e-05,15.009609957636428,NN,NN,0,struggl,1,0,0,1,0,1,0,1,0,0,-1
subversive,1,10,7.578743141237457e-06,17.009609957636428,NN,NN,0,subvers,1,0,0,0,0,1,0,0,1,0,-1
succeed,3,7,2.2736229423712372e-05,15.424647456915272,VB,VB,0,succeed,0,1,0,0,1,0,1,0,1,1,1
succeeding,2,10,1.5157486282474914e-05,16.009609957636428,VBG,VB,0,succeed,0,1,0,0,1,0,1,0,0,1,1
success,17,7,0.000128838633401,12.922147116386087,NN,NN,0,success,0,1,0,0,1,0,1,0,0,0,1
successful,12,10,9.094491769484948e-05,13.424647456915272,JJ,JJ,0,success,0,1,0,0,1,0,1,0,0,1,1
sue,4,3,3.0314972564949827e-05,15.009609957636428,NNP,NN,0,sue,1,0,0,0,0,1,0,1,0,0,-1
suffering,7,9,5.30512019886622e-05,14.202255035578824,VBG,VB,0,suffer,0,0,1,1,0,1,0,1,0,0,-1
suffocating,1,11,7.578743141237457e-06,17.009609957636428,NN,NN,0,suffoc,0,0,1,1,0,1,0,1,0,0,-1
suicide,17,7,0.000128838633401,12.922147116386087,NN,NN,0,suicid,1,0,0,1,0,1,0,1,0,0,-1
sun,11,3,8.336617455361203e-05,13.550178338999132,NNP,NN,0,sun,0,1,0,0,1,0,1,0,1,1,1
sunny,1,5,7.578743141237457e-06,17.009609957636428,NN,NN,0,sunni,0,1,0,0,1,0,1,0,1,0,1
sunset,1,6,7.578743141237457e-06,17.009609957636428,NNP,NN,0,sunset,0,1,0,0,0,0,1,0,0,0,1
sunshine,5,8,3.7893715706187286e-05,14.687681862749066,NNP,NN,0,sunshin,0,0,0,0,1,0,1,0,0,0,1
superstar,3,9,2.2736229423712372e-05,15.424647456915272,NN,NN,0,superstar,0,0,0,0,1,0,1,0,0,1,1
superstitious,1,13,7.578743141237457e-06,17.009609957636428,NNP,NN,0,superstiti,0,1,0,1,0,1,0,0,0,0,-1
supporter,2,9,1.5157486282474914e-05,16.009609957636428,NN,NN,0,support,0,0,0,0,1,0,1,0,0,1,1
supporting,4,10,3.0314972564949827e-05,15.009609957636428,VBG,VB,0,support,0,0,0,0,0,0,1,0,0,1,1
supremacy,2,9,1.5157486282474914e-05,16.009609957636428,NN,NN,0,supremaci,1,1,0,1,1,1,1,0,1,1,0
surgery,10,7,7.578743141237457e-05,13.687681862749066,NN,NN,0,surgeri,0,0,0,1,0,0,0,1,0,0,0
surprise,15,8,0.0001136811471185,13.10271936202791,NN,NN,0,surpris,0,0,0,1,1,0,1,0,1,0,1
surprisingly,2,12,1.5157486282474914e-05,16.009609957636428,RB,RB,0,surprisingli,0,1,0,0,0,0,0,0,1,0,0
suspect,4,7,3.0314972564949827e-05,15.009609957636428,NN,NN,0,suspect,0,0,0,1,0,1,0,0,0,0,-1
suspension,4,10,3.0314972564949827e-05,15.009609957636428,NN,NN,0,suspens,0,0,0,1,0,1,0,0,0,0,-1
suspicion,2,9,1.5157486282474914e-05,16.009609957636428,NN,NN,0,suspicion,0,0,0,1,0,1,0,0,0,0,-1
sweet,4,5,3.0314972564949827e-05,15.009609957636428,NNP,NN,0,sweet,0,1,0,0,1,0,1,0,1,1,1
sweetheart,1,10,7.578743141237457e-06,17.009609957636428,NNP,NN,0,sweetheart,0,1,0,0,1,0,1,1,0,1,1
swim,5,4,3.7893715706187286e-05,14.687681862749066,NN,NN,0,swim,0,1,0,1,1,0,1,0,0,0,1
sympathy,3,8,2.2736229423712372e-05,15.424647456915272,NN,NN,0,sympathi,0,0,0,0,0,0,1,1,0,0,1
symphony,3,8,2.2736229423712372e-05,15.424647456915272,NNP,NN,0,symphoni,0,1,0,0,1,0,1,0,0,0,1
tackle,3,6,2.2736229423712372e-05,15.424647456915272,NN,NN,0,tackl,1,0,0,0,0,0,0,0,1,0,0
tactics,1,7,7.578743141237457e-06,17.009609957636428,NNS,NN,0,tactic,0,0,0,1,0,0,0,0,0,1,0
tax,27,3,0.0002046260648134,12.25472245547296,NN,NN,0,tax,0,0,0,0,0,1,0,1,0,0,-1
teacher,25,7,0.0001894685785309,12.365753767861705,NN,NN,0,teacher,0,0,0,0,0,0,1,0,0,1,1
tearful,2,7,1.5157486282474914e-05,16.009609957636428,JJ,JJ,0,tear,0,0,1,1,0,0,0,1,0,0,0
teens,1,5,7.578743141237457e-06,17.009609957636428,VBZ,VB,0,teen,0,0,0,0,0,1,1,0,0,0,0
tender,1,6,7.578743141237457e-06,17.009609957636428,NN,NN,0,tender,0,0,0,0,1,0,1,0,0,1,1
terminal,2,8,1.5157486282474914e-05,16.009609957636428,NN,NN,0,termin,0,0,0,1,0,1,0,1,0,0,-1
terrible,3,8,2.2736229423712372e-05,15.424647456915272,JJ,JJ,0,terribl,1,0,1,1,0,1,0,1,0,0,-1
terror,4,6,3.0314972564949827e-05,15.009609957636428,NN,NN,0,terror,0,0,0,1,0,1,0,0,0,0,-1
thankful,2,8,1.5157486282474914e-05,16.009609957636428,JJ,JJ,0,thank,0,0,0,0,1,0,1,0,0,0,1
thanksgiving,2,12,1.5157486282474914e-05,16.009609957636428,NNP,NN,0,thanksgiv,0,0,0,0,1,0,1,0,0,0,1
theft,2,5,1.5157486282474914e-05,16.009609957636428,NN,NN,0,theft,1,0,1,1,0,1,0,1,0,0,-1
theocratic,1,10,7.578743141237457e-06,17.009609957636428,JJ,JJ,0,theocrat,1,0,0,1,0,1,0,1,0,1,-1
theory,2,6,1.5157486282474914e-05,16.009609957636428,NN,NN,0,theori,0,1,0,0,0,0,0,0,0,1,0
thief,4,5,3.0314972564949827e-05,15.009609957636428,NN,NN,0,thief,1,0,1,1,0,1,0,1,1,0,-1
thirst,1,6,7.578743141237457e-06,17.009609957636428,NN,NN,0,thirst,0,1,0,0,0,0,0,1,1,0,0
thoughtful,1,10,7.578743141237457e-06,17.009609957636428,NNP,NN,0,thought,0,0,0,0,0,0,1,0,0,1,1
threat,9,6,6.820868827113711e-05,13.839684956194116,NN,NN,0,threat,1,0,0,1,0,1,0,0,0,0,-1
threaten,2,8,1.5157486282474914e-05,16.009609957636428,VBP,VB,0,threaten,1,1,0,1,0,1,0,0,0,0,-1
threatening,6,11,4.5472458847424745e-05,14.424647456915272,VBG,VB,0,threaten,1,0,1,1,0,1,0,0,0,0,-1
thrift,1,6,7.578743141237457e-06,17.009609957636428,NNP,NN,0,thrift,0,0,1,0,0,0,1,0,0,1,1
thrill,1,6,7.578743141237457e-06,17.009609957636428,NN,NN,0,thrill,0,1,0,1,1,0,1,0,1,0,1
thriving,1,8,7.578743141237457e-06,17.009609957636428,VBG,VB,0,thrive,0,1,0,0,1,0,1,0,0,0,1
tickle,1,6,7.578743141237457e-06,17.009609957636428,NN,NN,0,tickl,0,1,0,0,1,0,1,0,1,1,1
tiff,1,4,7.578743141237457e-06,17.009609957636428,NN,NN,0,tiff,1,0,0,0,0,1,0,0,0,0,-1
tirade,1,6,7.578743141237457e-06,17.009609957636428,NN,NN,0,tirad,1,0,1,0,0,1,0,0,0,0,-1
title,38,5,0.000287992239367,11.761682444192845,NN,NN,0,titl,0,0,0,0,0,0,1,0,0,1,1
toast,2,5,1.5157486282474914e-05,16.009609957636428,NN,NN,0,toast,0,0,0,0,1,0,1,0,0,0,1
toilet,1,6,7.578743141237457e-06,17.009609957636428,NN,NN,0,toilet,0,0,1,0,0,1,0,0,0,0,-1
tolerate,2,8,1.5157486282474914e-05,16.009609957636428,VB,VB,0,toler,1,0,0,0,0,1,0,1,0,0,-1
toothache,2,9,1.5157486282474914e-05,16.009609957636428,NN,NN,0,toothach,0,0,0,1,0,1,0,0,0,0,-1
top,75,3,0.0005684057355928,10.780791267140549,JJ,JJ,0,top,0,1,0,0,0,0,1,0,0,1,1
tough,4,5,3.0314972564949827e-05,15.009609957636428,JJ,JJ,0,tough,0,0,0,0,0,1,0,1,0,0,-1
tragedy,3,7,2.2736229423712372e-05,15.424647456915272,NN,NN,0,tragedi,0,0,0,1,0,1,0,1,0,0,-1
tramp,1,5,7.578743141237457e-06,17.009609957636428,NNP,NN,0,tramp,0,0,1,1,0,1,0,1,0,0,-1
tranquility,3,11,2.2736229423712372e-05,15.424647456915272,NN,NN,0,tranquil,0,0,0,0,1,0,1,0,0,1,1
trash,2,5,1.5157486282474914e-05,16.009609957636428,NN,NN,0,trash,0,0,1,0,0,1,0,1,0,0,-1
traumatic,1,9,7.578743141237457e-06,17.009609957636428,JJ,JJ,0,traumat,1,0,0,1,0,1,0,1,0,0,-1
treason,2,7,1.5157486282474914e-05,16.009609957636428,NN,NN,0,treason,1,0,1,1,0,1,0,0,1,0,-1
treat,4,5,3.0314972564949827e-05,15.009609957636428,NN,NN,0,treat,1,1,1,1,1,1,1,1,1,1,0
tree,7,4,5.30512019886622e-05,14.202255035578824,NN,NN,0,tree,1,1,1,0,1,0,1,0,1,1,1
trick,1,5,7.578743141237457e-06,17.009609957636428,JJ,JJ,0,trick,0,0,0,0,0,1,0,0,1,0,-1
triumph,1,7,7.578743141237457e-06,17.009609957636428,NN,NN,0,triumph,0,1,0,0,1,0,1,0,0,0,1
trophy,3,6,2.2736229423712372e-05,15.424647456915272,NNP,NN,0,trophi,0,1,0,0,1,0,1,0,1,1,1
true,15,4,0.0001136811471185,13.10271936202791,JJ,JJ,0,true,0,0,0,0,1,0,1,0,0,1,1
truth,9,5,6.820868827113711e-05,13.839684956194116,NN,NN,0,truth,0,0,0,0,0,0,1,0,0,1,1
tumultuous,2,10,1.5157486282474914e-05,16.009609957636428,JJ,JJ,0,tumultu,1,0,0,1,0,1,0,0,0,0,-1
turbulence,1,10,7.578743141237457e-06,17.009609957636428,NN,NN,0,turbul,1,0,0,1,0,1,0,0,0,0,-1
turmoil,1,7,7.578743141237457e-06,17.009609957636428,NN,NN,0,turmoil,1,0,0,1,0,1,0,1,0,0,-1
ugly,2,4,1.5157486282474914e-05,16.009609957636428,RB,RB,0,ugli,0,0,1,0,0,1,0,0,0,0,-1
ulcer,1,5,7.578743141237457e-06,17.009609957636428,JJ,JJ,0,ulcer,1,0,1,1,0,1,0,1,0,0,-1
ultimate,2,8,1.5157486282474914e-05,16.009609957636428,JJ,JJ,0,ultim,0,1,0,0,0,0,0,1,0,0,0
umpire,4,6,3.0314972564949827e-05,15.009609957636428,NN,NN,0,umpir,0,0,0,0,0,0,1,0,0,1,1
unable,8,6,6.0629945129899655e-05,14.009609957636428,JJ,JJ,0,unabl,0,0,0,0,0,1,0,1,0,0,-1
uncanny,1,7,7.578743141237457e-06,17.009609957636428,JJ,JJ,0,uncanni,0,0,0,1,0,1,0,0,1,0,-1
uncertain,1,9,7.578743141237457e-06,17.009609957636428,JJ,JJ,0,uncertain,1,0,1,1,0,1,0,0,1,0,-1
undecided,2,9,1.5157486282474914e-05,16.009609957636428,JJ,JJ,0,undecid,0,1,0,1,0,1,0,0,0,0,-1
understanding,5,13,3.7893715706187286e-05,14.687681862749066,NN,NN,0,understand,0,0,0,0,0,0,1,0,0,1,1
uneasiness,2,10,1.5157486282474914e-05,16.009609957636428,NN,NN,0,uneasi,0,1,0,0,0,1,0,1,0,0,-1
uneducated,1,10,7.578743141237457e-06,17.009609957636428,JJ,JJ,0,uneduc,0,0,0,0,0,1,0,1,0,0,-1
unemployed,2,10,1.5157486282474914e-05,16.009609957636428,JJ,JJ,0,unemploy,0,0,0,1,0,1,0,1,0,0,-1
unequal,1,7,7.578743141237457e-06,17.009609957636428,JJ,JJ,0,unequ,1,0,1,1,0,1,0,1,0,0,-1
unexpected,2,10,1.5157486282474914e-05,16.009609957636428,JJ,JJ,0,unexpect,0,1,0,1,1,1,1,0,1,0,0
unfair,1,6,7.578743141237457e-06,17.009609957636428,JJ,JJ,0,unfair,1,0,1,0,0,1,0,1,0,0,-1
unfaithful,1,10,7.578743141237457e-06,17.009609957636428,JJ,JJ,0,unfaith,0,0,1,0,0,1,0,0,0,0,-1
unfortunate,2,11,1.5157486282474914e-05,16.009609957636428,JJ,JJ,0,unfortun,0,0,0,0,0,1,0,1,0,0,-1
unfulfilled,1,11,7.578743141237457e-06,17.009609957636428,JJ,JJ,0,unfulfil,1,1,0,0,0,1,0,1,1,0,-1
unhappiness,1,11,7.578743141237457e-06,17.009609957636428,JJ,JJ,0,unhappi,0,0,0,0,0,1,0,1,0,0,-1
unhappy,3,7,2.2736229423712372e-05,15.424647456915272,JJ,JJ,0,unhappi,1,0,1,0,0,1,0,1,0,0,-1
unique,8,6,6.0629945129899655e-05,14.009609957636428,JJ,JJ,0,uniqu,0,0,0,0,0,0,1,0,1,0,1
united,44,6,0.0003334646982144,11.550178338999132,NNP,NN,0,unit,0,0,0,0,0,0,1,0,0,1,1
university,142,10,0.0010761815260557,9.859862838131749,NNP,NN,0,univers,0,1,0,0,0,0,1,0,0,0,1
unknown,6,7,4.5472458847424745e-05,14.424647456915272,JJ,JJ,0,unknown,0,1,0,1,0,1,0,0,0,0,-1
unlawful,1,8,7.578743141237457e-06,17.009609957636428,JJ,JJ,0,unlaw,1,0,1,1,0,1,0,1,0,0,-1
unnatural,1,9,7.578743141237457e-06,17.009609957636428,JJ,JJ,0,unnatur,0,0,1,1,0,1,0,0,0,0,-1
unpopular,1,9,7.578743141237457e-06,17.009609957636428,JJ,JJ,0,unpopular,0,0,1,0,0,1,0,1,0,0,-1
unpredictable,1,13,7.578743141237457e-06,17.009609957636428,JJ,JJ,0,unpredict,0,0,0,0,0,1,0,0,1,0,-1
unrest,3,6,2.2736229423712372e-05,15.424647456915272,NN,NN,0,unrest,0,0,0,1,0,0,0,1,0,0,0
unsatisfactory,1,14,7.578743141237457e-06,17.009609957636428,JJ,JJ,0,unsatisfactori,0,0,1,0,0,1,0,0,0,0,-1
unsuccessful,4,12,3.0314972564949827e-05,15.009609957636428,JJ,JJ,0,unsuccess,0,0,0,0,0,1,0,1,0,0,-1
unwelcome,1,9,7.578743141237457e-06,17.009609957636428,JJ,JJ,0,unwelcom,0,0,0,0,0,1,0,1,0,0,-1
uphill,1,6,7.578743141237457e-06,17.009609957636428,JJ,JJ,0,uphil,0,1,0,1,0,1,1,0,0,0,0
uplift,1,6,7.578743141237457e-06,17.009609957636428,VBP,VB,0,uplift,0,1,0,0,1,0,1,0,0,1,1
upright,1,7,7.578743141237457e-06,17.009609957636428,NN,NN,0,upright,0,0,0,0,0,0,1,0,0,1,1
uprising,1,8,7.578743141237457e-06,17.009609957636428,NN,NN,0,upris,1,1,0,1,0,1,0,0,0,0,-1
upset,8,5,6.0629945129899655e-05,14.009609957636428,JJ,JJ,0,upset,1,0,0,0,0,1,0,1,0,0,-1
usher,2,5,1.5157486282474914e-05,16.009609957636428,NNP,NN,0,usher,0,0,0,0,0,0,1,0,0,1,1
usual,6,5,4.5472458847424745e-05,14.424647456915272,JJ,JJ,0,usual,0,0,0,0,0,0,1,0,0,1,1
vacation,8,8,6.0629945129899655e-05,14.009609957636428,NN,NN,0,vacat,0,1,0,0,1,0,1,0,0,0,1
vanished,1,8,7.578743141237457e-06,17.009609957636428,VBD,VB,0,vanish,0,0,0,1,0,1,0,1,1,0,-1
venerable,1,9,7.578743141237457e-06,17.009609957636428,JJ,JJ,0,vener,0,1,0,0,1,0,1,0,0,1,1
vengeance,1,9,7.578743141237457e-06,17.009609957636428,NN,NN,0,vengeanc,1,0,0,0,0,1,0,0,0,0,-1
verge,1,5,7.578743141237457e-06,17.009609957636428,NN,NN,0,verg,0,1,0,1,0,1,0,0,0,0,-1
verified,1,8,7.578743141237457e-06,17.009609957636428,VBN,VB,0,verifi,0,0,0,0,0,0,1,0,0,1,1
vermin,1,6,7.578743141237457e-06,17.009609957636428,NN,NN,0,vermin,1,0,1,1,0,1,0,0,0,0,-1
versus,1,6,7.578743141237457e-06,17.009609957636428,IN,IN,0,versu,1,0,0,0,0,1,0,0,0,0,-1
veteran,15,7,0.0001136811471185,13.10271936202791,NN,NN,0,veteran,0,0,0,0,0,0,1,0,0,1,1
veto,1,4,7.578743141237457e-06,17.009609957636428,NN,NN,0,veto,1,0,0,0,0,1,0,0,0,0,-1
vicious,3,7,2.2736229423712372e-05,15.424647456915272,JJ,JJ,0,viciou,1,0,1,0,0,1,0,0,0,0,-1
victim,12,6,9.094491769484948e-05,13.424647456915272,NN,NN,0,victim,1,0,0,1,0,1,0,1,0,0,-1
victor,6,6,4.5472458847424745e-05,14.424647456915272,NNP,NN,0,victor,0,0,0,0,1,0,1,0,0,0,1
victory,10,7,7.578743141237457e-05,13.687681862749066,NN,NN,0,victori,0,1,0,0,1,0,1,0,0,1,1
violation,5,9,3.7893715706187286e-05,14.687681862749066,NN,NN,0,violat,1,0,0,1,0,1,0,1,1,0,-1
violence,12,8,9.094491769484948e-05,13.424647456915272,NN,NN,0,violenc,1,0,0,1,0,1,0,1,0,0,-1
violent,2,7,1.5157486282474914e-05,16.009609957636428,JJ,JJ,0,violent,1,0,1,1,0,1,0,0,1,0,-1
virgin,2,6,1.5157486282474914e-05,16.009609957636428,NNP,NN,0,virgin,0,0,0,0,0,0,1,0,0,1,1
virtue,2,6,1.5157486282474914e-05,16.009609957636428,NN,NN,0,virtu,0,0,0,0,0,0,1,0,0,1,1
vision,1,6,7.578743141237457e-06,17.009609957636428,NN,NN,0,vision,0,1,0,0,0,0,1,0,0,0,1
visitor,1,7,7.578743141237457e-06,17.009609957636428,NN,NN,0,visitor,0,1,0,0,1,0,1,0,0,0,1
vivacious,1,9,7.578743141237457e-06,17.009609957636428,JJ,JJ,0,vivaci,0,0,0,0,1,0,1,0,0,0,1
volunteer,2,9,1.5157486282474914e-05,16.009609957636428,NN,NN,0,volunt,0,1,0,1,1,0,1,0,0,1,1
vote,19,4,0.0001439961196835,12.761682444192845,NN,NN,0,vote,1,1,0,0,1,1,1,1,1,1,0
vulnerability,1,13,7.578743141237457e-06,17.009609957636428,NN,NN,0,vulner,0,0,0,1,0,1,0,1,0,0,-1
waffle,1,6,7.578743141237457e-06,17.009609957636428,NN,NN,0,waffl,1,0,0,0,0,1,0,1,0,0,-1
wages,2,5,1.5157486282474914e-05,16.009609957636428,NNP,NN,0,wage,0,0,0,0,1,0,1,0,0,0,1
wait,4,4,3.0314972564949827e-05,15.009609957636428,NN,NN,0,wait,0,1,0,0,0,1,0,0,0,0,-1
wan,2,3,1.5157486282474914e-05,16.009609957636428,NNP,NN,0,wan,0,0,0,1,0,1,0,1,0,0,-1
wanting,1,7,7.578743141237457e-06,17.009609957636428,VBG,VB,0,want,0,0,0,0,0,1,0,1,0,0,-1
war,21,3,0.0001591536059659,12.617292534857668,NNP,NN,0,war,0,0,0,1,0,1,0,0,0,0,-1
ware,1,4,7.578743141237457e-06,17.009609957636428,NNP,NN,0,ware,0,0,0,1,0,1,0,0,0,0,-1
warned,11,6,8.336617455361203e-05,13.550178338999132,VBD,VB,0,warn,0,1,0,1,0,0,0,0,1,0,0
warrior,1,7,7.578743141237457e-06,17.009609957636428,NNP,NN,0,warrior,1,0,0,1,0,0,1,0,0,0,1
waste,3,5,2.2736229423712372e-05,15.424647456915272,VB,VB,0,wast,0,0,1,0,0,1,0,0,0,0,-1
wasting,1,7,7.578743141237457e-06,17.009609957636428,VBG,VB,0,wast,0,0,1,1,0,1,0,1,0,0,-1
watch,18,5,0.0001364173765422,12.839684956194116,NN,NN,0,watch,0,1,0,1,0,0,0,0,0,0,0
watchdog,1,8,7.578743141237457e-06,17.009609957636428,NN,NN,0,watchdog,0,0,0,0,0,0,1,0,0,1,1
watchful,1,8,7.578743141237457e-06,17.009609957636428,JJ,JJ,0,watch,0,0,0,0,0,0,1,0,0,1,1
watchman,3,8,2.2736229423712372e-05,15.424647456915272,NN,NN,0,watchman,0,0,0,0,0,0,1,0,0,1,1
waver,1,5,7.578743141237457e-06,17.009609957636428,VB,VB,0,waver,0,0,0,1,0,1,0,0,0,0,-1
wealth,2,6,1.5157486282474914e-05,16.009609957636428,NN,NN,0,wealth,0,0,0,0,1,0,1,0,0,1,1
wear,15,4,0.0001136811471185,13.10271936202791,VB,VB,0,wear,0,0,0,0,0,1,0,0,0,1,-1
weigh,1,5,7.578743141237457e-06,17.009609957636428,JJ,JJ,0,weigh,0,1,0,0,0,0,0,0,0,1,0
weight,10,6,7.578743141237457e-05,13.687681862749066,NN,NN,0,weight,0,1,1,1,1,1,1,1,1,1,0
whip,2,4,1.5157486282474914e-05,16.009609957636428,NN,NN,0,whip,1,0,0,0,0,1,0,0,0,0,-1
white,291,5,0.0022054142541001,8.824734614728145,JJ,JJ,0,white,0,1,0,0,1,0,1,0,0,1,1
wickedness,1,10,7.578743141237457e-06,17.009609957636428,NN,NN,0,wicked,0,0,1,0,0,1,0,0,0,0,-1
wild,4,4,3.0314972564949827e-05,15.009609957636428,JJ,JJ,0,wild,0,0,0,0,0,1,0,0,1,0,-1
winner,15,6,0.0001136811471185,13.10271936202791,NN,NN,0,winner,0,1,0,0,1,0,1,0,1,0,1
winning,9,7,6.820868827113711e-05,13.839684956194116,VBG,NN,0,win,0,1,1,0,1,0,1,1,1,1,1
witch,4,5,3.0314972564949827e-05,15.009609957636428,NN,NN,0,witch,1,0,1,1,0,1,0,0,0,0,-1
withdraw,2,8,1.5157486282474914e-05,16.009609957636428,VB,VB,0,withdraw,0,0,0,0,0,1,0,1,0,0,-1
withstand,1,9,7.578743141237457e-06,17.009609957636428,VB,VB,0,withstand,0,1,0,1,0,0,1,0,0,0,1
witty,2,5,1.5157486282474914e-05,16.009609957636428,JJ,JJ,0,witti,0,0,0,0,1,0,1,0,0,0,1
wizard,2,6,1.5157486282474914e-05,16.009609957636428,NN,NN,0,wizard,0,1,0,0,0,0,1,0,1,0,1
wonderful,9,9,6.820868827113711e-05,13.839684956194116,JJ,JJ,0,wonder,0,0,0,0,1,0,1,0,1,1,1
wonderfully,1,11,7.578743141237457e-06,17.009609957636428,RB,RB,0,wonder,0,0,0,0,1,0,1,0,1,0,1
word,14,4,0.0001061024039773,13.202255035578824,NN,NN,0,word,0,0,0,0,0,0,1,0,0,1,1
words,26,5,0.0001970473216721,12.309170239495336,NNS,NN,0,word,1,0,0,0,0,1,0,0,0,0,-1
worn,5,4,3.7893715706187286e-05,14.687681862749066,VBN,VB,0,worn,0,0,0,0,0,1,0,1,0,0,-1
worried,2,7,1.5157486282474914e-05,16.009609957636428,VBD,VB,0,worri,0,0,0,0,0,1,0,1,0,0,-1
worry,3,5,2.2736229423712372e-05,15.424647456915272,NN,NN,0,worri,0,1,0,1,0,1,0,1,0,0,-1
worse,3,5,2.2736229423712372e-05,15.424647456915272,JJR,JJ,0,wors,0,0,0,1,0,1,0,1,0,0,-1
worsening,1,9,7.578743141237457e-06,17.009609957636428,VBG,VB,0,worsen,0,0,1,0,0,1,0,1,0,0,-1
worship,1,7,7.578743141237457e-06,17.009609957636428,NN,NN,0,worship,0,1,0,1,1,0,1,0,0,1,1
worthless,2,9,1.5157486282474914e-05,16.009609957636428,JJ,JJ,0,worthless,1,0,1,0,0,1,0,1,0,0,-1
worthy,3,6,2.2736229423712372e-05,15.424647456915272,JJ,JJ,0,worthi,0,0,0,0,0,0,1,0,0,1,1
wound,4,5,3.0314972564949827e-05,15.009609957636428,NN,NN,0,wound,1,0,0,1,0,1,0,1,0,0,-1
wreck,1,5,7.578743141237457e-06,17.009609957636428,NNP,NN,0,wreck,1,0,1,1,0,1,0,1,1,0,-1
wrongdoing,1,10,7.578743141237457e-06,17.009609957636428,NN,NN,0,wrongdo,1,0,1,0,0,1,0,1,0,0,-1
young,85,5,0.0006441931670051,10.600219021498727,JJ,JJ,0,young,0,1,0,0,1,0,1,0,1,0,1
youth,28,5,0.0002122048079546,12.202255035578824,NN,NN,0,youth,1,1,0,1,1,0,1,0,1,0,1
